Tweet,Label
abis nonton habibie ainun pernah lihat repiew kata kurang ini  lha a bodo  aja lah waktu nonton  pikir gimana mau   frekuensi   baik kalau  bukti   mjd  baik,1
ken nntn habibie  ainun tapi ahh  lah,1
mau se romantis apa  suatu hubung  satu  visi  misi   arti habibie ainun,1
ajar  film habibie ainun kalau jodoh emang enggak bakal  walaupun udh nemu orang  nyata beda frekuensi sama   ttp aja enggak  cocok  jangan paksa  percaya sama pilih sendiri  memang  pilih  tetap tuhan  tentu,1
nonton habibie  ainun bang   tahu jawab,1
jadi cerita habis nonton habibie ainun terus keluar keluar  ketawa padahal harus sedih garagara keponakan   nang belakang  kelenger jadi   enggak jadi nang laaa,1
ah  jadi ingat film imperfect  habibie ainun dalam film   milik sedikit sama habibi ainun ajar bagaimana   jadi orang indonesia imperfect ajar bagaimana   jadi orang manusia,1
udah nonton habibie  ainun ,1
oke hari  nonton habibie  ainun imperfect maraton salah,1
bahkan   indah  dramatis    satu frekuensi habibie ainun,1
poin   tangkap dr film habibie ainun ini  kalau udah jadi ibu moga  bener ngerangkul ayom  jadi teman  baik  anak  ainun  jadi begitu   ibu i dont have to be a super mom just be a good enough mom,1
udah  nonton habibie  ainun ,1
 nonton habibie ainun jadi makin pikir   dapat lelaki setia paket komplit  pak bj habibie harus cerdas berani  cantik  bu ainun kalo enggak  paling dapat bj salak gimana chol jefrinichol,1
i think indonesia should make a movie like habibie  ainun why because the movies make a orang learn a lot after i watched that movie should i being ainun who stand with her dreams,1
bahkan   indah  dramatis   satu frekuensi habibie ainun,1
the avengers end game buru perempuan tanah jahanam  garis biru habibie  ainun,1
  indah  dramatis   satu frekuensi habibie ainun,1
habibie ainun tu film hampir bikin gue netes   buku  sama tp halaman  beda saling bahagia tp ngga satu frekuensi  beda visi akhir pisah  kisah cinta ahmad  ainun,1
 film habibie ainun gua ajar kalo cewek  enggak cukup punya cowok  sweet  cowok  satu visi  dukung semua prinsip hidup   pd diri cewek  harga segala keputusanya,1
kemaren  waktu nonton habibie  ainun tiba tiba tae muncul  layar gt langsung nahan teriak aja gue  tuhan sumpah  heboh sendiri liat taehyung  iklan,1
 nonton habibieainun  kemudian pikir  tuhan memang jadi  jodoh hidup  semat selamat jalan eyang nang  tadi tuh,1
 nonton habibie  ainun  berfikir  fiersabesari   saudara sama bu besar,1
nah kalo  lihat sih bukan   imperfect  segi cerita tokoh reza lebih  dukung kurang lebih sama bobot kayak adeknya ibu  sahabat rara trus habibie ainun lebih fokus  ainun malah judul lebih cocok ahmad ainun,1
guys hrs nonton habibie ainun bagus lebih cerita  ainun nya  fokus sm juang perempuan  didik keren lah pokok,1
habibie ainun kisah ainun maudy ayunda bagaimana remaja  usia punya kisah kasih  cukup unik gelitik  menariksaat  sma ainun kenal  sosok cerdas,1
ratu ilmu hitam habibie  ainun  garis biru imperfect sunyi,1
jadi   indah  dramatis   satu frekuensi habibie ainun,1
resensi film habibie  ainun akhir juang manis si gula jawa,1
jadi   indah  dramatis   satu frekuensi habibie ainun,1
habibie ainun  imperfect  akhir  posisi berapa  pictwittercomgkbzofuyy,1
abis nntn habibie ainun plot twist ahmad  eropa  ketemu ilona pictwittercomhqhfeyehi,1
 nonton habibie  ainun kalo kamu ken punya istri kaya ibu ainun kamu   kaya bj habibie jangan kaya bj nangka,1
habibie ainun  garis biru ratu ilmu hitam keluarga cemara dil  suka  seru banget   no  zara nya,1
danur dil keluara cemara habibie  ainun gundala,1
ratu ilmu hitam habibie  ainun frozen danur perempuan tanah jahanam,1
frozen gundala  garis biru habibie  ainun perempuan tanah jahanam,1
habibie  ainun,1
moga  nonton film habibie  ainun  imperfect,1
medina zein kena sabu komennya  bilang soal keughtean  jilbabnyaa makin mengaminin kata ahmad  habibie ainun,1
kamu  kenang versi instrumental awal film habibie ainun brengsek banget sih dapet banget momen anjing,1
minggu  mulai kamis  isi film indonesia semua imperfect habibie ainun nkcthi  rasuk,1
jadwal tayang film hari  cepol theater binjai supermall senin desember htm rp standard si manis jembatan ancol habibie  ainun,1
lihat habibie  ainun asa kayak lihat dil sedih nang kesel  jefrinichol maudyayunda,1
  indah  dramatis   satu frekuensi habibie ainun,1
yo yoyoyo you all guys should watch habibie ainun and just see how alm pak habibie very mature enough too fit in relationship with just said that he and alm ibu ainun samasama pilih  lupa masa lalu masing  pilih  lanjut hidup,1
habibie  ainun mau apa sih ,1
jangan   bandingin imperfect  habibie ainun masingmasing  sentuh relung  cara jangan lupak nonton  pesan,1
baru nonton habibie  ainun  satu   baru  sadar nyata jefri nichol ganteng banget,1
asa wajib banget nonton habibie ainun  jefrinichol sampe boyong suami anak  mamer terima kasih ahmad walaupun   satu frekuensi  percaya   bahagia  jalan  masingmasing pictwittercomhtuxdelb,1
lihat o habibie  ainun  paham wkwk,1
 film habibie ainun  ambil ajar walaupun  capai tahap serius  saling rasa cocok  visi  persepsi beda  pisah resiko,1
eyang  eyang putri satu frekuensi beda    satu jalan habibie ainun,1
dear habibie ainun cast officialpilarez jefrinichol maudyayunda    temen  ulas film  dr sisi psikologi seru bngt bahas  mudah dipahamin dukung kalian utk share ulas  sngt manfaat untk edukasi masyarakat indonesia,1
 ada  buku  sama  halaman  beda kata ainun  ahmad habibie ainun  ada  buku  halaman  sama kata krisnapanji  savanabila satu misi ,1
btw habibie ainun for me and for reza rahadian gila totalitas banget  bicara  jalan bener persis eyang  makeup artistnya beh sintingg makeupnya keren,1
akhir imperfect  habibie ainun lengkap film indonesia  tonton  lebih  juta orang congrats ernestprakasa jokoanwar festivalfilmid hanungbramantyo pictwittercomsifbriqmx,1
habibie ainun kisah cinta habibie  ainun  difilmin  kali who tf is ahmad,1
habibie ainun lawan patriark raih mimpi  lepas kasih hati  tdk frekuensi reza rahardian tetap amazing as always chemistrynya maudyayunda  jefrinichol manis banget si  sedih  ikut sedih pictwittercomienctrsclc,1
habibie  ainun   jangka cerita penuh kata kata  tarik  kisah hidup  bagus patut tonton pictwittercomhcvpguz,1
  indah  dramatisbelum  satu frekuensi habibie ainun,1
baru nonton cuplik   menang bagaimana bila nonton  lengkap  tuntas film layar lebar indonesia habibie ainun md pictures,1
 semua bicara  film habibie  ainun  uweee  tonton mana jiwa nasionalis akhbrooo,1
habibie  ainun    siar mbo cemas in klang selangor,1
om habibie  ainun gaknada rencana promo medan anak medan udah  enggak sabar nih om,1
baru aja liat breakdown vfx habibie  ainun jadi inget captain america first avenger,1
jadwal tayang film hari  cepol theater binjai supermall minggu desember htm rp standard si manis jembatan ancol habibie  ainun,1
habibie  ainun tayang hari   cepol theater binjai supermall minggu desember htm rp standard info lebih lanjut kunjung website,1
yuhu dah penuh wishlist    film   paling ken  tonton  adlh habibie ainun padahal film  sesuai ekspetasi   mana harap  adlh lihat bnyk mesra reza rahadian  maudy ayunda haha     dapat pictwittercomhzgnbmun,1
mending nonton habibie  ainun  frozen,1
moots nonton habibie  ainun skuyyyy,1
sebab habibie  ainun bukan semua panggung  paksa la  tengok cepat dah la tayang cuma beberapa hari  karya  bagus patut tonton banyak tempat  pelbagai waktu,1
apa  diri sendiri harap terkadang  sesuai ekspetasi  jadi  realita film habibie ainun ajar banyak ajar hidup  harga mulai  teman cinta keluarga   banyak  buat film jefrinichol,1
habibie  ainun,1
 film seri habibiainun paling favorit  kesan teueteup  dua rudy habibie,1
  indah  dramatis   satu frekuensi habibie ainun,1
 nonton habibie ainun baru sadar kalau maudy ayunda  reza rahardian sanding   film perahu kertas  ribu purnama lalu,1
habibie  ainun  selamat  maudy a jefri n ma reza r  habibie tua cerita yaudahlah ,1
chord kunci gitar lagu maudy ayunda kamu  kenang sundtrack film habibie ainun via tribunpadangcom,1
gimana cerita awal beli tiket tgl des  jelas tulis film habibie ainun bahkan konfirmasi tiket nya  kirim via email  sms  tera film  trus knp waktu  cek  aplikasi barusan film nya ubah jadi si manis jembatan ancol mohon cerah,1
jumanji frozen habibie  ainun,1
habibie  ainun nih,1
bookmyshowid  knp gin awal beli  yakin  beli tiket habibie ainun dpt konfirmasi  via sms  email pictwittercomvzqwrptzc,1
habibie  ainun nder,1
cerita habibie ainun ni bawa point  berbeza banding  cerita belum iaitu rudy habibie apa  beri kesan bagaimana ainun jaya ubah pikir pd zaman  iaitu wanita akhir  dapur  citacitanya jadi seorg doktor kira mustahil,1
 udah liat habibie  ainun bang bangus banget sumpah,1
kemarin nonton habibie ainun terus pikir ibu ainun  pinter gitu punya suami bapak habibie  pinter  jadi motivasi banget buat ajar moga  beri jodoh  pinter  sholeh,1
reza rahadian peran  bossman  my stupid boss  habibie  habibie ainun,1
buah proses ajar   perlu ragu kisah cinta habibie  ainun  roman sejarah baik   milik  visual  media sinema  soal  habibie ainun ,1
sukses terus buat film habibie ainun  project lanjut,1
habibie  ainun,1
dugabir  habibie ainun,1
  indah  dramatisbelum  satu frekuensi habibie ainun,1
libur kemarin isi dgn nobar keluarga  tm setiabudi habibie ainun anak sy tmsk anak millenial   liat bnyk anak muda millenial  nonton smoga inspirasi anak millenial utk tetap terus angkat harkat martabat negri iniindonesia jaya,1
pen nonton habibie  ainun  gaada waktu bngt,1
habibie  ainun coba,1
dil  garis biru habibie  ainun,1
habibie ainun first impression  nonton  sih sedikit kecewa karna enggak sesuai ekspektasi gue  keren film belum endingnya  asa gantung  kurang lengkap overall film mas hanungbramantyo selalu ada atas standard kok rate dari pictwittercomdbluunftx,0
kuntilanak habibie  ainun imperfect,1
nontonnya sama doi semua film akhir tonton sama habibie ainun  sekarang  putus,1
snape jacob  sekarang ahmad  habibie ainun who else has the same path,1
palembang jefri nichol maudy ayunda  cast habibie ainun ajak kamu ketemu pictwittercomyklpxyyi,1
habibie ainun  imperfect,1
maudy ayunda  cerita kena peran nya  film habibie ainun saksi lengkap    tak sempurna sama robert harianto  bintang tamu maudyayunda sabtu pukul wib   metro tv pictwittercomgvhfecm,1
jadwal tayang film hari  cepol theater binjai supermall sabtu desember htm rp standard si manis jembatan ancol habibie  ainun,1
habibie  ainun tayang hari   cepol theater binjai supermall sabtu desember htm rp standard info lebih lanjut kunjung website,1
weekend movies update habibie ainun kisah ainun maudy ayunda bagaimana remaja  usia punya kisah kasih  cukup unik gelitik  menariksaat  sma ainun kenal  sosok cerdas ,1
dil  garis biru perempuan tanah jahanam bumi manusia habibie  ainun,1
 bimbang mau nonton habibie ainun   ikut  sedikit review amatir  orang amat amatir tunggu caci  maki  kolom komentar,1
 beli tiket film habibieainun  putar jam durasi film jaman selesai  film  cerita  kisah eyang ainun waktu muda kisah juang  cinta eyang ainun waktu sma hingga kuliah sabelum akhir sama eyang habibie,1
baru nonton habibie  ainun subhannallah kisah cinta  manusia  abadi jadi ajar  hidup pictwittercomoidywxfi,1
 nonton habibie  ainun  sadar kalau peran karakter ahmad pas  kampus  jagain jodoh orang peran ahmad sangat hubung sekali  hidup   sungguh mulia sekali,1
review habibie ainun bagus bangat  mewek beberapa kali  nang sengguk  akhir film  kaya ikut lega  hilang  pokok kaya ikut ngerasain   film jefrinichol nitip salam buat ahmad sama ainun kalo  cowok kayak bakal gabung  ppa deh,1
maudy ayunda  cerita kena peran nya  film habibie ainun saksi lengkap    tak sempurna sama robert harianto  bintang tamu maudyayunda sabtu pukul wib   metro tv pictwittercommbhchojik,1
bahkan   indah  dramatis   frekuensi habibie ainun,1
habibie  ainun taknak masuk malaysia ,1
ainun muda kisah  film habibie ainun film biopik  tampil ikat cinta sejati  bj habibie  ainun  film habibie ainun  banyak sekali kalimat inspiratif  cocok  anakanak muda masa kini pictwittercomxlhdkuwve,1
lihat habibie ainun buat      kena secondlead syndrome benerbener sakit,1
habibie ainun ratingku  pas bung ahmad  suli nyoba bela diri duh gabisa nahan ganteng pictwittercomrllbevtta,1
nilai  film habibie  ainun gimana dong rencana mau nonton rame sama temen  jujur yaa ehe infomalang,1
nonton habibie ainun kayak  nonton film india bikin baper  durasi mantep puas banget pokok,1
mg jailngkung me abang abang foto nichol ngambil hp gue me makasih makasih dalem hati neng banget cakep banget   baik ps  sebenernya banyak  ikut foto gue crop aja lah  xoxoxo btw jefrinichol sukses film habibieampainun nyah pictwittercomjbqswczy,1
banyak ajar hidup   petik  film habibie  ainun,1
  udah nonton habibie  ainun  kok blom dinotice ama ahmad  sampe hari ,1
maudy ayunda  cerita kena peran nya  film habibie ainun saksi lengkap    tak sempurna sama robert harianto  bintang tamu maudyayunda sabtu pukul wib   metro tv pictwittercomflvfubfp,1
nonton habibie ainun pertama udah harap jangan  scene fps rendah patah ala sinetron  please produser jangan liat banget ken liat  kecewa,0
palembang  datang maudy ayunda jefri nichol  cast habibie ainun pictwittercomwsvxry,1
nonton habibie  ainun rasa relate banget  jaga trs panggil suster,1
alas ken nonton habibie ainun     cerita bagus  ahmad  jefri  jefri  ahmad  ahmad   semua,1
tweet,1
bekas meet and greet cast habibie ainun bekas  siap temu  main  bioskopbioskop ikut  catat jam   bertemoe pictwittercomlvbbwule,1
bagi nyebut gula jawa nya  habibieainun  enggak sengaja pas  jalan alm pak habibie  tementemennya liat alm ibu ainun   habibieainun emang niat nya pingin cengcengin alm pak habibie sama alm ibu ainun,1
nonton habibie  ainun dapet banget dong pesan postifnya suka banget sm alur cerita hebat bikin banjir,1
selamat  sukses film habibie  ainun jefrinichol,1
 acara sersan upin  ipin  alih dulu mjd habibie ainun ye  opah  tengok kau,1
jam jemput paksa ajak keluar padahal msih jam tidur ama temen ex awal buat mamam coto doang  conus tp ujung malah melipir  cegeve gegara  diskon gotix  akhir nonton film  habibie ainun pictwittercomahlnnofnjh,1
review film habibie ainun  keluar sila baca  tonton film  kenan,1
sore  gue nonton habibie ainun bareng sodara a sm b  tante belum sodara gue beli softlens  lawa   bawa  ruang theater udh  beres nonton,1
dear tonton bioskop indonesia kalau mau bahas film  sdg tonton  enggak tunggu  film selesai  sdh  luar teater  sana bukan lu sendiri doang jing utk tonton habibieainun  tadi duduk  samping gue k lo,1
 pesan tiket  teliti pesan ainun  habibie   nonton mlah imperfect iyantuamaka poso city mall,1
gimana sih nonton habibie  ainun baru tiga menit pertama si  udah nangidddd,1
 nonton habibieainun  benerbener kagum sih sama bu ainun enggak heran  pak habibie  cinta  sama ibu ainun   pak habibie  bu ainun  ketemu  pisah lama  jauh se frekuensi  penting,1
habibie  ainun aja kalau saran sih,1
hari  gundala  habibie ainun mulai tayang reguler  beberapa tempat  malaysia  tanggal january gilir ratu ilmu hitam  tayang luar biasa,1
habibie  ainun ainun  ngomong sama orang lelaki  kuliah  ui beda fakultas sama bu ainun,1
film apa   ken kamu tonton  bioskop  sama siapa ken nontonnya habibie  ainun siiii sama siapa aja dah  penting nonton aku,1
gundala  habibie ainun tayang serentak  malaysia mulai hari  jom tonton ramairamai pictwittercommkhjvoroh,1
maudy ayunda kamu  kenang osthabibie ainun btw makasii kaak,1
guru  baik  guru  mampu ajar  murid  bukan balik profesor husodo habibie  ainun,1
 rangka merefresh pikir  riset akhir hari   marathon film  knives out done habibieampainun  imperfect next,1
siapa  kaget liat jefry nichol   film habibie ainun tenang kalian  sendiri temanteman kabar akhir kan dy masuk penjara  ko  bebas  main film,1
habibie  ainun,1
 ainun  kuliah  pernah lamar orang pria  temu   eyang habibie   sini eyang habibie  peduli eyang tetap yakin  percaya  tuhan takdir  sama siapa   halang,1
habibie ainun kata tayang  malaysia hari ni  tak semua cema  area icity  setia city mall tak tayang cerita ni im sad,1
godmimpi hanbin muncul  film habibie  ainun dsna gnteng banget diaaafug,1
ngeblur aja  tetep liat manis heran dah jujur gue neng  liat lu pas hadir  gala premiere habibie ainun sumpah  apa gue nang liat  lu ganteng banget beneran gue enggak boong semangat terus  keep yourself jefrinichol pictwittercomjgarljhz,1
habibie ainun keren  banyak banget adegan  sentuh  meski    terlalu paksa  bagi animasi   alir cerita  pesan moral  banyak banget sangat sentuh jugaa,1
satu kata buat film habibie  ainun sentuh,1
ken nonton habibie  ainun lah    aja lum nonton samsek,1
  scene ending cakap imajiner  habibie  ainun selamat film habibie ainun sungguh  scene   ending lah  tusuk   hati   nya mah meh,1
uwu udah x nonton film habibie ainun  enggak bakal bosen buat nonton     film bagus banget keren  sedih bangeet sihh yuk  mau ketemu gula jawa langsung aja  bioskop sekarang jefrinichol pictwittercomnglbpvph,1
habibie ainun habibie ainun selalu bikin gue merindiiing  soundtracknya  memoriable semua,1
nonton habibie ainun  tambah kagum sama ainun  sedih banget liat pisah ahmad sama ainun,1
kmrn nonton habibie ainun  penasaran  cgi dalam film pertama salut bangett  cgi  film  masuk  detail  rumit,1
kalimat  film habibie ainun  ngena banget   indah  romantis   satu frekuensi yup reality hurts,1
bener org baik cerdas mau sukses  ketemu  sama org  baik  cerdas    aja jalan habibie ainun bgs banget,1
jumanji the next level habibie  ainun eggnoid,1
 suka kamu  kenang gegara abis nnton habibie ainun,1
eeeh ko  jadi kepo habibie ainun  imperfect,1
besok ken nonton habibie  ainun  jumat responsi tugas  ngerjain eval musang enggak  temen ,1
duh banyak spoileran habibie  ainun jadi pen nonton   pernah nonton    ,1
habibie  ainun dh ,1
habibie ainun first of all mau komen  maudy ayunda cantik banget trus dos buat makeup reza karna segitu mirip pas jadi versi eyang habibie  film  cerita  ainun jaman sekolah   didik dokter  ui   pacar sama ahmad pictwittercomjabkrsjfz,1
hari  marathon nonton film indonesia  imperfect  habibie ainun   banding dua punya value masing  dua beri efek  luar biasa  diri  enggak lebay memang  ada,1
mo bacotin lem habibie ainun sama imperfect dulu krn tumben  ntn film indonesia sekaligus  hari   film reza rahardian nya heuheu,1
habibie ainun kalau dibandingin sama habibie ainun  gimana mas,1
btw film habibie  ainun udah  bajakanya  sihh,1
ingat habibieainun ampasss banget kejut lho habibieainun udh satu juta kurang  minggu efek kenang alm pak habibie  almh bu ainun tampak,1
kemarin habis nonton habibie ainun  wow perform maudy jadi young ainun sangat terus sampe mobil langsung diskusi  jodoh sama nyokap kyk smp sekarang kadang  skeptis sama konsep ehe ngebayangin nikah tinggal sm orang asing  coba komitmen tu kyk,1
kamu  kenang ost habibie ainun cipt mellygoeslaw arr anto hoed jgn lupa likecommentsubscribe youtube channel ,1
semua tayang utk habibie  ainun  tgvcinemas tak masuk akal   timing masa orang nk maghrib semua pasagam tauang time n  dh sah orang  skip maghrib majoriti  akn tonton muslim kot,1
habibie ainun film  sarat pesan baik lebih cerita kisah ainun  gebu  jadi dokter  masa kecil kuliah  temu  ahmad     beri banyak warna  hidup ainun,1
   klcc  pukul malam kalau cerita habibie  ainun ni,1
apa kamu pernah cinta    kamu  ada  satu buku  sama   halaman  beda ibu ainun habibie ainun,1
nonton habibie  ainun yuk,1
akhir sampean nonton habibie ainun  ahmad pleaseee   buku  sama  halaman  beda mau enggak nang tetep aja nang jefrinichol pictwittercomwlznvkhe,1
percuma romantis  dramatis   satu frekuensi biar jurus  beda  penting satu frekuensi jalan habibie ainun,1
habibie ainun cewekcewek autohisteris hoho mau nang jeffry nichol angga yunanda cs datengin cepol mal of serang siang tadi nih video  rekam infobangki  zetizen dapet  gen,1
waayagilaa sihh habibie ainun mbakar semangatt  banget buat selesaiin kuliah  ui kejar citacita tau cara pilih tau lebih banyak hadap masalah  baik    pandang wanita,1
satu  waktu  jalan   kini sendiri tatap diri  bayang tak   lebih pedih  hilang diri cinta tak mungkin alih  mati  cinta pada kamu  kenang by maudy ayunda film habibie ainun keren parah,1
habibie ainun th dec rudy habibie th dec done watching these and at the end of rudy habibie there was a scene of pak rudy cari  jumpa sama ibu ainun and suddenly kluar title habibie ainun which is going to be released tomorrow th dec in msia,1
habibie ainun film garap hanung bramantyo  angkat kisah cinta  almarhum bacharuddin jusuf habibie  almarhumah hasri ainun besar masa muda film   bintang  reza rahadian  bj habibie  maudy ayunda  ainun,1
film habibie ainun lebih fokus kisah ainun  juang  news jawa barat,1
  seri film habibieainun the fundamental value is peran ibu penting  masa depan anak lakilakinya peran bapak penting  masa depan anak perempuan thats it,1
serang  cikupa banten meet and greet cast habibie ainun pictwittercomqanmvvccl,1
scene awal  scene akhir  habibie ainun benerbener bikin  lemaahh,1
roadshow jakarta bogor  cibinong meet and greet cast habibie ainun pictwittercomrkajcrorom,1
   kemaren nonton habibie ainun  delta studio jam  duduk  baris j  mas  pake topi coklat muda  kemarin  nonton habibie ainun sama ayahadenya  duduk  j belah pesan mas ganteng  suka  kenal cak,1
 mos  jefri nicole sama kiki ex cjr  main habibie ainun terus  mbamba  teriak iqbaal cjr kaga  anjir si iqbaal burem mata mbanya,1
seru nobar  meet greet  cgv hartono mall yogyakarta terima kasih  antusias warga yogyakarta jangan lupa ajak temanteman kamu   buat nonton habibie ainun  cgv sekarang pictwittercomwsemiijs,1
serang  cikupa banten meet and greet cast habibie ainun pictwittercomgrvfdidlmo,1
woy ad  mau nonton habibie  ainun enggak klo  spoilerin  dong aowkaowkaowk,1
kau pikir laa yaa gimana  aink nonton habibie ainun nang ngga gue ngga nang jantung gue konser tiap kali liat scene ahmad   pesan  sirat tetap   beri ajar cerdas bu ainun ttap bekas bsok nonton  skuy ditangcity pictwittercomzqlewien,1
mati  bukan wewenang  ainun  cegah mati  tugas  orang dokter prof suhodo scene ahmad ainun  prof suhodo  scene  hasil buat gue nang ketika selamat jefrinichol atas juta tonton film habibie,1
habibie ainun jauh lebih nendangnampol  efektif  efisien kait isu perempuan  tara gender banding  kata perempuan kalung sorban asyik tonton sama keluarga,1
sayang mandi gih  udah beli tiket habibie  ainun  jemput  iya dong pacar masa sendiri pergi wkwkwk andai kisah cinta  indah halu ,1
habibie  ainun tayang hari   cepol theater binjai supermall rabu desember htm rp standard,1
film habibieainun in my opinion kalau makna isi film pemikiranpemikiran eyang ainun kisahkisah inspiratifnya wah nih sangat tampar  buka pikir,1
kemarin istri  putri sulung  kelas sma nongton habibie ainun kata bagus cerita fokus  ainun  juang jadi orang dokter jadi buat ortu  ken pengaruh anak jadi dokter film  rekomen kata istri  hehehe,1
mau review sedikit aja karna enggak ahli  film gue abis nonton habibieainun  imperfect dua bagus kalo habibieainun entah  kaya   kurang gue ngerasa  sedikit boring  nonton beda sama imperfect panjang nonton nang dapet ketawa ,0
habibie ainun directed by hanung bramantyo starring by maudy ayunda jefri nichol reza rahadian cerita  ainun remaja  kenal cerdas  sangat baik hati  sedang tempuh didik  jadi dokter  ui  segala juang   hadap pictwittercomhgprmqw,1
kecewa betul habibie  ainun takde kat melaka,1
  habis nonton habibie ainun mimpi ketemu  jefrinichol gua  peluk dong biasa sih cuma mimpi  sapa doang terus kapan dong  ketemu langsung,1
 indah  romantis    satu frekuensi bj habibie from habibie ainun,1
selamat buat jt tonton  hari  semua  cast  kru habibieainun film emang keren banget hari pertama  nonton trs nonton  dong  hari dua hehe buat film  sangat inspirasi bangsa indonesia sekali  congrast jefrinichol pictwittercommbcocmens,1
habibie ainun super superrr banyak bahas  impi  juang orang perempuan  zaman bener motivasi,1
abis nonton habibieainun  mata keringetan sejak scene pertama but so in love with all the casts film bagus especially for jefrinichol   bikin  jatuh cinta sama ahmad wkwkwk,1
ada  frekuensi  sama rupa kalimat  kerap ucap habibie  film habibie ainun film  sutradara  hanung bramantyo  jadi tutup manis trilogi kisah pasang mantan presiden habibie  ainun,1
tak perlu orang  sempurna cukup temu orang  selalu buat bahagia  buat arti lebih  siapa habibie ainun terngiangngiang,1
tadi nonton habibie ainun terus jadi mikir andai waktu   enggak pacar andai waktu   enggak bucin gila andai waktu   enggak galau pas udah deket sbm andai h  sbm  enggak ajak maen sama mantan sampe malem  andai nya  milih fk    nyantol,1
salah satu my xmas wish moga jefrinichol makin sukacita  makin bahagia sukses buat film habibie ainun nya nic k tonton woohooo soon will be k amen,1
maaf    awal tengok kanankiri heran lihat kalian nang  akhir kalian  heran lihat  sengguk habibie ainun makasih to cgvcinemasusa traveloka ur promo make us happy pictwittercomgqzwhinf,1
 romantis  dramatis bom  satu frekuensi habibie ainun,1
  barusan  habibie ainun  kamu yakin  ngejalanin  semua tinggal bagaimana kamu tahan apa   kamu niat apa   kamu pegang  apa   kamu   korban   tahan tanggungjawabmu,1
saling sayang  gabisa satu karna frekuensi  tak satu habibie  ainun,1
selamat natal  warga twitter  mutualku  ngerayain hehe btw  mau bikin trit nih habibie ainun jadi film romance pamungkas  tonton  tahun   film romance  hidup  top  tahun   a thread,1
jadi inget scene habibie ainun  benerbener sedih banget sampe saking sedih gua marah  anak kecil  ajak orangtua nya   ribut mainin terompet,1
 kemarin waktu nonton habibie ainun  scene  romantis    tertawa pas tanya    lucu kata  scene ngikutin alur cerita  ah masa iya pictwittercomnkyqiuqr,1
baper  sedih haru banget nonton film pasang sejati  habibie  ainun film  nyangkut  hati pictwittercomvjibkszyx,1
 nonton habibie ainun truthfully ahmad emang deserves better   enggak nonton  btw,1
 beneran nang ppo maneh bar nonton habibie  ainun,1
oksip hari  story orang habibie ainun  star wars,1
jadi  nonton imperfect  habibieainun,1
kemarin abis nonton habibie ainun bu ainun ninggalin karir dokter  pak habibie bukan cuma  cinta   bu ainun percaya kalau cita cita  mimpi  dilewatin sama sama pak habibie   satu visi satu frekuensi,1
day hari  download film buat nyetok kalo gabut trus nonton habibie  ainun sama keluarga  gara tadi liat thread  diy stylus langsung buat wkwk  nyata digital drawing  susah buat gua wkwkwk pictwittercomklvpqiiu,1
 nonton habibie ainun  jadi pilek apa karna  film musim hujan mulu yak jadi  bersin  jadi pilek baru tau  gitu,1
ken nonton film habibie  ainun ada aja nonton,1
selesai nonton habibie ainun asa jadi tak karuan padahal niat awal mo fangirling   reza rahadian  jefri nichol,1
sekian  terimakasih halu nya habibie ainun,1
gais maap tanya  kalo indoxxooo blok kalo mau nonton film jadi   mana yaa enggak sempat nonton kim ji young nkcthi  habibie ainun  pas balik udah enggak    bioskop bukan suatu harus buat nonton sih  ken wkwk,1
tadi nonton habibie ainun  sempet nemuin beberapa   bener bener nampar apa  kamu cari  cita  impi mu    harga  jadi kaya  sederhana  bukti  diri sendiri mungkin alas   salah satu antara,1
keren bang habibie ainun  imperfect film juara buat tutup akhir tahun ,1
habibie ainun udah jt tonton aja  gua sampe skrg  sampean buat nntnayodooong  nntn brg ekekekek,1
 kayak habibie ainun perlu ganti judul nih ainun  mantan a feminist masterpiece,1
habibie ainun ajar  cinta  jalan kalo ainun mau ngebangun indonesia biar lebih maju kalo ahmad mau nya keluar indonesia  tau ada indonesia kaya gin  akhir ainun bahagia sama rudy,1
soners yuk ikut  kali   dapetin tiket gratis nonton film habibie ainun siapa nih pasang  inspirasi kamu   wasms   mention yaah,1
 adegan  bener ikut nang  lihat ahmad teriak bikin hati  campur aduk rasa emosi   bangun congrats mr ahmad  buat  menang  hari pertama tayang film habibie ainun fyi udah nonton kali  nagih jefrinichol pictwittercomanlsqse,1
hasil kasi racun buat emak akhir nobar habibie ainun bareng emak  teman  bang jefrinichol pictwittercomtozdsvpbd,1
gila woi  nonton habibie ainun sen tiket jam nontonnya jam pas dah  studio baru tau dong  theater visit  mall    jadwal   nonton jam set tadi sad parah asli gajadi ketemu bebep jepri nikol pictwittercomkfknmff,1
tgl   nobar habibie ainun sama maudy ayunda  jefri nichol,1
habibie ainun  bangga dg aktor aktris indonesia kalian peran   apik sangat uras air mata bawa tawa  sangat inspirasi  ahmad  ainun bagi kalian hebat  nomor satu impi jefrinichol maudyayunda,1
habibie  ainun nonton setujuuuu dehhh huhuhu sad jumanji enggak kalah seru  wkwkkk,1
starstruck reza rahadian nonton habibie ainun  lanjut  imperfect twas made my day,1
kemarin nobar film habibie ainun cerita ringan alur  enak cerita  ibu ainun pas muda alhamdulillah  film  garap  kasih sempat ketemu sama eyang habibie  diceritain langsung semua  bu ainun sedih pas nonton film,1
habibie  ainun kak,1
habibie  ainun imperfect jumanji doraemon the movie,1
habibie  ainun,1
 udah nonton nih habibie ainun sumpah jefrinichol nya cakep banget   habis tisu hehe maaf cengeng pictwittercomuywadrqai,1
 ribut ayo nonton habibieainun  imprefection  bioskop,1
imperfect  habibie ainun kayak  lebih rame  bahas banding star wars mantabmantab,1
kelar nyelesaiin satu novel  impi trs keinget habibie ainun oke   tentu mimpi punya pustaka juta buku sendiri  dateng  konser oppa  cuma sekali,1
kamu  kenang cipt melly goeslow  kebaperan liat habibie ainun pictwittercompeknceffz,1
nonton habibie ainun kemarin tu bikin ketawa sengakaknya tb ubah jadi haru   air mata makin ambrol awal  pidato kelulus ainun momen pas banget  abis wisuda    minoritas jurus,1
  indah  dramatis   satu frekuensi habibie ainun,1
habibie  ainun tayang hari   cepol theater binjai supermall selasa desember htm rp info lebih,1
nonton film habibie ainun liat betapa ambisnya ibu ainun muda  liat  hasil dr ambisnya ibu ainun jangan matiin semangat orang deh,1
habibie  ainun  bagus banget sih bikin haru bagi akhir,1
mau nntn habibieainun tp  nntn   enggak masalah kan  atw  nntn  dulu,1
habibie ainun  keren sekali bagaimana pak habibie  ainun lihat  dewasa bahkan sejak remaja,1
pardon kamukenanganmaudy ayunda osthabibie  ainun sorry aga serimpet ehe maklum amatir pictwittercomhfvdhddavh,1
kata media liput grid  republika  habibie ainun pictwittercomcrsgnquuk,1
padahal  sakit   paksain buat nonton habibie ainun wahh  awal nonton  sekarang  tiga tetap takjub banyak makna    petik kesan  pesan    ambil  diri sendiri  semua orang amazing pictwittercomtsenmowlwu,1
turut film habibie  ainun punya cara sendiri main emosi tonton  hanung bramantyo as a director lebih condong fokus  karakter ainun hingga jati diri bentuk,1
bagus mana sama habibie  ainun bingunb soal,1
movie marathon done terimakasih imperfect habibie ainun  nkcthi banyak  harga pesan  ajar    dr tiga film   bikin pikir lebih buka  hati  lebih lega,1
tak perlu orang  sempurna cukup temu orang  selalu buat bahagia  buat arti lebih  siapa  habibie ainun,1
btw udah  nonton habibie ainun ikut review singkat  telat versi jefri nichol body goals banget yak bgst lu jep jefrinichol,1
nonton film habibie  ainun bareng  jomblowan pesan singkat cari  satu frekuensi dokter  cinta tanah air hahaha pictwittercommazoupx,1
mentang d habibie ainun onkk jefrinichol pd ngomong ayok nonton onok suami onok pacar trs koncone ngomong loo iku mantan rek blablabla   termsk sg ngomong ngono pis,1
habibie ainun rating hmm lumayan akting main alami plot cerita enggak gimana variatif awal cerita benar udah cukup janji belakang mulai klise   ngikutin film belum beberapa momen lompat kecepetan jadi enggak  klimaks pictwittercomlzjvnkbp,0
bogor  cibinong nonton bareng cast habibie ainun pictwittercomvvpgmxbwqg,1
ih mantep anak bandung  akhir   frozen habibie  ainun imperfect klo versi lo,1
lagu kamu  kenang maudy ayunda  habibie ainun  kurang greget banding lagu  filmfilm belum cinta sejati bcl  cari cinta sejati cakra khan sama hal  into the unknown frozen  kurang nempel  telinga banding let it go,1
 makan tiba tiba ketemu bocil adekadekan panji  udah jadi saksi cinta  lama tahun terus ngobrol  biasa  betul  mau nonton habibie ainun,1
 juang  cara romantis  dramatis aja   satu frekuensi habibie ainun,1
  brlum capai  keburu puts nonton habibie  ainun dua nonton imperfect dua  jatimpark dua pokok qtime dua  semua  enggak laksana gegara putu duluan halah,1
 garis biru bebas imperfect steps of may  habibie ainun weey mana kok gaada,1
 selang minggu  habibie ainun  imperfect,1
abis nonton habibie ainun secintasebangga  nyata ibu ainun sm indonesia rasa tampar banget dia  tuh msh b aja sm negeri  maaap banget trs pas nonton  pikir  rasa dumel  thdp negeri  tuh buka gitu langsung sebenernya  loh negeri ,1
penasaran sm imperfect tp penasaran  sm habibie ainun  baru sadar per reza tayang  tgl  sama ,1
review film habibie ainun maudyayunda keren cakep parah  sosok alm eyang habibie bagus banget diperanin reza rahadian  paling super  maudy ayunda parah,1
filem the cave  ainun habibie  tayang oada sember ni anyone jom tengok please,1
mau punya cowok kayak ahmad gentle banget  tau  laku wanita  gimana terus enggak salah   meranin jefrinichol  bayang sampe sekarang  mau banget kalo   ngajakin nonton habibie ainun  mayan liat ahmad ganteng hft,1
habibie  ainun pictwittercomewgelylxit,1
buat apa romantis  dramatis kalo  satu frekuensi habibieainun,1
film habibie ainun  lebih cerita juang cita cita ibu ainun cocok inspirasi  kaum wanita  film  pesan ayahanda ibu ainun   tetap jaga  rawat     hati  fikiran biar terus positif,1
wow habibieainun enggak heran reza rahardian memang aktor pria baik  maudy bener cocok meranin almibu ainun sangat inspirasi,1
scene akhir  pak habibie  ibu ainun tahan tahan jangan nang tahaan   tahaaaaann detik detik detik ambyar bodo  nang ajah deh orang belah  pede ajah nang,1
jadi cerita nonton habibie ainun  imperfect sama mantan pictwittercomedpjudji,1
  ingin  beberapa faktor    step by step mas jo  mas heri membuktikanya congrats buat mas xjo mas heri mas dios  all crew vfx habibie ainun  selamat buat mas hanungbramantyo jerih payah  bayar ,1
thats life keep moving on  kalimat  jd  utama film  kisah cinta bapak alm habibie  ibu alm ainun kemas  manis sangat enak nikmat kisah  awal hingga akhir sangat sentuh bagaimana   romantisme satu dgn nasionalisme pictwittercommskszqf,1
jefri nichol  ahmad  habibie ainun   gue kata  tweet review gue storyline ahmad inienarik  bawa apik  jefri flukuatif emosi  pace tetap jaga pictwittercomlipnlfenl,1
habibie  ainun  imperfect,1
sukses banget film habibie ainun buat gue nang biasa gue enggak pernah nang enggak karuan  bioskop epik banget akting maudyayunda  jefrinichol keren banget sih sumpah mampu buat jiwa santuy  menang rating buat film ,1
ken nonton habibie  ainun  enggak  temen huhuhu,1
 nonton film habibie ainun  banyak  ajar    petik  terap  hidup nyata salah satu   bilang ahmad motor   orang kaya    pinjam   punya makasih,1
habibie  ainun kisah  ibu ainun muda pictwittercomzgssvyvfr,1
video deret fakta tampil reza rahadian  film habibie  ainun kok  mirip ,1
jadwal tayang film hari  cepol theater binjai supermall senin desember htm rp standard habibie  ainun,1
film nya mas reza rahadian  main  bioskop nih yaa  imperfect  habibie ainun bagus  mana gaiss ken nonton nya tp duite mung cukup tok kih ini contoh manusia enggak de det  kakehan karep,1
emang film habibie  ainun tu keren bgtttt,1
habibie  ainun tembus ribu hari dua manoj punjabi luar biasa,1
luar biasa  dramatis   satu frekuensi betul eyang  eyang putri satu frekuensi   putus  lanjut hidup habibie ainun tuh aduh,1
minggu nonton star wars  pim  olla ramlan  reza rahardian mn habibie ainun biasa aja   hasrat  aaaaaww reza rahardian potopotopoto  nafas putus putus faktor biasa,1
habibie ainun ajar tekad mimpi  penting satu frekuensi  hubung,1
body shaming  how it affected the person  film imperfect jujur  jarang blg romcom indo baguss  biasa romcom indo suka  cheesy  alay nya even  habibie ainun  bagi  super garing  enggak banget   imperfect sebaguss   bener,0
 kalian wajib nonton habibie ainun bukan    jefri nichol lebih besar    cerita cinta  juang citacita dalam,1
untuk   akhirakhir  sedang galau  urus karir  hati benerbener buka hati  pikir  nonton habibie ainun ,1
antusias tambah  tau   film habibie ainun  jefri nichol  jadi salah satu per,1
habibie ainun  bukan dar jefri nichol  maudy ayunda  kata orang mirip  kata jauh  nyata lebih besar    memang sangat amat kagum eyang habibie  kisah sama eyang ainun,1
raya  nonton  film indonesia  angkat kisah  perempuan tangguh imperfect  habibie ainun   tulis sedikit  perempuan tangguh  betul  ibu  sini,1
 sedang bicara seluruh tahun habibie ainun  imperfect  upaya bagus kejar tinggal  saatsaat akhir  memang tinggal lanjur cukup jauh,1
film habibie ainun penuh pesan moral  sangat motivasi make up prostetik reza rahadian beuuh juara banget pictwittercomqzeoqjf,1
semua udah nonton film habibie  ainun  bioskop sampe season tonton semua lha  sekalipun aja  dasar uphil,1
gatau   keinget quote  habibie ainun   indah  dramatis   satu frekuensi udah  aja lebih maaf kamu renungin aja,1
lalu gue hangout sama bunda  nonton habibie ainun dananjirlah  awal aja gue udah nang padahal baru opening tiap liat maudy ayunda sbg sosok bu ainun tuh rasa mellow aja gitu emang   baper  sih,1
call me by your name love rosie joker hacksaw ridge the hunger games trilogy tenggelam kapal van der wijck habibie  ainun murder on the orient express,1
habibie ainun jelas bagaimana bu ainun  jadi dokter  lulus baik   pelak banyak orang,1
 nonton habibie ainun  ajar    semua perempuan  milik cerdas entah  bidang apa  sesuai  minat  bakat  kalian milik perempuan   visioner be an independent girls jangan ekang pikir kalian,1
pas nonton habibie  ainun asa mau jawab ahmad jefrinichol pas manggil ainun,1
dapet surprise  masuk ig story habibie ainun dong woi wkwkwkwk pictwittercomikdkfzsas,1
ha sudut pandang pas   sma  ainun pas  kuliah dokter ha chelsea islan  pacar habibie  ketemu ainun sudut pandang cerita pas habibie  kuliah teknik  jerman,1
film habibie  ainun gambar pribadi sosok ibu ainun  sangat  luar biasa  film   meyajikan juang hidup ibu ainun  gapai cita tak lupa   kisah cinta eyang putri ainun  temu  eyang habibie,1
 allah cast habibie ainun  lippo jogja   rumah cuma rebahanmana ngga  kabar ,1
jadi gatel ken nonton  bikin konten review habibie ainun hmmmm,1
after watching habibieainun  kurang rasa hormat  alm  almh dua but i found how inconsistent ainun was maybe this is something that i dont yet understand but i really wanna spill it out,1
kemaren  niat mau nonton imperfect   jam nya enggak kejar akhir nonton habibie ainun   bawa ken nonton ,1
gue baru kelar nonton habibie  ainun dong anjir emang keren  hik,1
daritadi liat orang pd ngomongin habibie  ainun gue mikirin pak habibie ngeliat film sendiri gemes kali  eh baru inget doi udh almarhum,1
bahkan   indah  dramatis   satu frekuensi habibie  ainun,1
 tonton habibieainun  longkap langsung  habibieainun  cerita fokus  bu ainun  masa muda cerita pas  ajar  dokter ui   cinta  pak habibie ahmad,1
  imperpect  j habibie ainun  bukan reza  reza bukan,1
hari  lalu habis nonton habibie ainun  jatuh cinta sama peran ahmad sering ikutin film jefrinichol   rasa peran sbg ahmad   terbaikkk,1
pas telepon  bilang     tau dri film habibie  ainun  pertama mau  deket sama siapa klo jodoh kamu  bakal tetep kamu  dua  selalu  buat kamu  selalu nemenin kamu   bakal terus sama inti si  gitu,1
habibie  ainun  more like ainun and ahmad enggak sih also baru nyadar jefrinichol ganteng bye,1
deret film  segera tayang  bulan desember   jadi aktivitas kamu  isi waktu libur ikut film   tayang  bulan desember antara habibie ainun janin dignitate  the courier pictwittercomlkextkoxb,1
kmrn abis nntn habibieainun energi positive nya rasa banget serasa pgn ngelanjutin didik   lebih  lebih   mikir nyata jadi cewek   kayak bu ainun sabar banget,1
 nonton habibie  ainun sih  imperfect patut coba kaya rollercoaster emosi  buat,1
nonton bareng habibie ainun  jwalk mall jogja lippo plaza jogja  plaza ambarrukmo pictwittercomjomcsdlsa,1
 ken nontonnya imperfect  habibie  ainun beli tiket jumanji,1
ken nonton habibie ainun  imperfecttp kok magernya  tuhaaaaaan,1
wardrobe  kena main habibie ainun mungkin mostly koleksi uniqlo kali yaa warna warna pastel model simple  elegant,1
guru  baik  guru  banyak ajar  murid ainunhabibie  ainun habibie  cerita juang almpak habibie  kuliah  jerman  kisah cinta  illona film,1
jadwal tayang film hari  cepol theater binjai supermall minggu desember htm rp standard habibie  ainun,1
weekend movies update habibie ainun kisah ainun maudy ayunda bagaimana remaja  usia punya kisah kasih  cukup unik gelitik  menariksaat  sma ainun kenal  sosok cerdas ,1
film habibie ainun  udah jadi cukup bukti kalo pacar   dapet pas kuliah   jodoh  jadi  ajar aja  bener  jangan pacar,1
 film habibie  ainun  ajar  ui pernah mirip sama uin samasama kurang kursi,1
buat  mo ketemu tgl  tian mo makan  sama nonton film habibie  ainun,1
habis nonton habibie ainun gangerti  bagus banget asa jadi cucu eyang diceritain  eyang putri standing ovation buat hanungbramantyo  udah jadiin kisah eyang jd film  maudyayunda jefrinichol officialpilarez  akting totalitas  keren banget,1
pdhl  gabut  cgv  dr jam  nyata  nobar bareng main habibie ainun  jefri    baru tau klo    pas udah sampe kost,1
hari  nonton habibie ainun  studio dolby mau dengar suara hujan romantis ainun  ahmad  ngerti  kemarin lgs mbrebes mil liat adegan  kayak yangya allah dah lama enggak hujanhujanan sama lelaki  sayang,1
 film layar lebar  bintang reza rahadian habibie ainun  imperfect tayang  waktu sama,1
nonton habibie  ainun dada rasa nyesek pas ending rate,1
 sih mas  bikin habibie  ainun    satu udah cukup kena,1
 film habibie ainun   ambil satu kalimat  ahmad  benar persis    pikir pergi  luar negeri  tinggal  sana   lelah hadap orang indonesia  watak nya sulit  ubah,1
kalau  lama kenal gue  nonton film habibie ainun banyak sama cerita  sama katakata  pernah gue ucapin,1
kamu  kenang maudy ayunda host habibie ainun,1
 another story today     nonton habibie ainun feeling so emotional  wkwk hampir panjang film kaca rasa bakal linang air mata,1
jefri nichol  reza rahadian ikut meet and greet habibie ainun fans membludak,1
td abis ntn habibie ainun pas bagi ahmad blg  kamu cinta ainun  tolak  halus   buku  sama  halaman  beda  pictwittercomnliycjiv,1
habibie  ainun  apa enggak ken ganti judul jd ahmad  ainun aja,1
hpku hampir hilang cerita tadi mau nonton habibie ainun  cgv aeon jakarta garden city terus  lambat  panik as always dea enggak sadar kalo hp    tangan sadar pas udah  dalem udah film jalan kira tengah jam baru cari hp kok enggak ,1
tumpang akhir tadi habis nonton habibie ainun  panjang jalan  ceritain semua isi film dong can lalajo atuh bu aingteh ulah waka spoiler,1
perihal pilih masa depan tak cukup  andal hati   sama frekuensi  visi  misi habibieainun,1
imperfect habibie  ainun ip man final  tayang  bioskop moga bagi nonton semua film sebut,1
 awal film habibie ainun rudy habibie  habibie ainun rasa banget  enggak mungkin enggak mewek lama film tayang,1
film habibie ainun kali  sangatt inspirasi  sy  bnyk orang lain dluar sana proud u bang jefrinichol pictwittercomaqbpjgdig,1
habis nonton film habibie ainun   awal udah yakin gakkan ngecewain  benar ,1
hari  seruu yaa wahai tassaaa  nichol angga kiki becca kevin reza jennifer maudy  bapa sutradara habibie ainun pictwittercomweceoqtbas,1
pekan   ikan skor  film anyar star wars the rise of skywalker the irishman  habibie  ainun   ikan skor star wars a new hope berapa nilai  filmfilm   kamu pictwittercomcrfmchkg,1
kmrn abs nonton habibie ainun jujur cerita bagus  bikin haru tp mon maap nih  panjang lem aing salah fokus liat bang jepri,1
habis nonton habibie  ainun mana  cerita  mahasiswi dokter nya huah  beneran nang pictwittercomvallqtlero,1
nonton habibie ainun bu ainun  ungkap  banyak wanita sebenenrya cari pasang bukan dar  suka sama   senang  unik  beda pasang   frekuensi sama  prinsip hidup nya sama   tau rencana depan hidup gmn,1
hari  abis nonton film habibieainun  diri bareng kelas gila cuy keren banget film nyaa  gabisa napas ih gegara nang  akhir lihat jefrinichol   abang buat ambyar rating buat film habibieampainun pictwittercomxpynpkny,1
 imperfect  habibie ainun tayang  waktu  sama gue bingung mo nntn  mana wkwk mana reza semua  main kenya gue  nntn semua sih fix,1
lastnight i was watching habibie ainun and then when ahmad say  kamu cinta ainun  tolak  halus   buku  sama  halaman  beda and i was likee okee deep banget sihh,1
bj habibie  ainun,1
kemarin nonton imperfect sama habibie ainun  nyata imperfect lebih tarik perhati khusus geng cewe cewe kosan wakakka,1
cinta   arti  rasa  timbul  pasang orang tua sama lingkung hingga  bangsa  negara habibie ainun,1
baru tau main habibie ainun  fanmeet  hartono pantes daritadi kok rame bats rame malming plus fanmeet  hujan ntabs,1
 nonton habibie ainun bi laik buat jodoh gua   jagain jodoh orang gua cuman mau ngingetin   indah  dramatis   satu frekuensi bj habibie udahlah lu jomblo aja ntar   ketemu  waktu  tepat,1
cerita reza rahadian butuh waktu jam makeup  mirip habibie  film habibie  ainun,1
malam nonton habibie  ainun nyata   indah   satu frekuensi   jodoh  orang  punya visi  tuju hidup  sama pictwittercomhkpmhzq,1
habibie ainun lebih  buat lengkap cerita bapak habibie  kisah temu beliau  istri lebih cerita ainun overall  buat lengkap cerita habibie  sukses selalu habibieainunmd manojpunjabimd,1
habibie ainun makes me cry a lot relate sekali   paling banjir  part bu ainun  kasih speech  kelulus respect,1
abis liat film habibie ainun  akhir   bukti apa kata jefrinichol,1
listnya rembulan tenggelam  wajah habibie  ainun   cerita  hari  huhuuu,1
  selalu ikut habibie ainun     jadi akhir cukup getar jiwa raga hati    jadi saksi dr cinta sejati   keabadianterima kasih eyang habibie eyang putri ainun atas semua cerita sangat inspirasi habibieainunmd pictwittercomxdqiyhw,1
gimik marketing film habibie ainun  marekting baik  scene film indo jauh   ngebocorin transformasi makeup karakter  proses cgi vfx nya,1
kuat hamba ngeliat story ig reza jefri maudy dkk mau mng habibie  ainun  hartono mall sore ,1
habibie  ainun bagus kyaknya,1
habibie ainun kobar ambisi  semangat muda ainun,1
  bu ainun muda  habibie ainun enggak sekali pake mocapnya bcl  dimudainkn pak habibienya pake reza  pictwittercomgfarjult,1
habibie  ainun the cave  gundala arghhh dilema,1
habibie  ainun tayang hari   cepol theater binjai supermall sabtu desember htm rp info lebih,1
kalau pingin banyak humor   insecure  imperfect kalau pingin tau cerita juang bu ainun jadi dokter wanita  anggap minoritas waktu dulu  habibie ainun,1
gantung butuh kamu nder kalau kamu butuh  motivasi ajar  suka  sosok ainun  habibie ainun aja kalau kamu butuh  masalah insecure  muak sama sosial kerja kena body shaming  imperfect aja,1
anyways i just watched habibie ainun and it was so inspiring especially ainun she inspired me how to find right future husband  cara  smart  kalau emang bukan jodoh gaakan satu meski udah sesweet  karna sometimes destiny is about same frequency,1
 film habibie  ainun  satu kata  lontar alm pak habibie  film     pakai uang ibu   biaya didik  jerman biar beasiswa  pakai  orang  lebih butuh,1
   nonton habibie  ainun kemaren kagum reza rahardian,1
hello malaysia habibie  ainun masuk malaysia  tak hm hm,1
 cinta cerdas  bahaya   cerdas cinta   cukup habibie  ainun pictwittercomqixiyyxjvs,1
  indah  dramatis   se frekuensi habibie ainun,1
habibie  ainun   bom nonton ,1
sangat tiba tonton habibie ainun  imperfect walaupun ngabisin duit tp dapat hikmah hidup  mantap,1
kereeeen padahal gua nontonya habibie  ainun,1
 memang   buku  sama   ada  halaman  beda ainun habibie  ainun pictwittercomjshwqvrrc,1
 nonton film habibie  ainun nyata diri   damping  orang  satu frekuensi  banyak apa beda  satu frekuensi  asa ringan  gampang apa jalan    frekuensi  sama  sulit,1
visual effect  muka reza rahadian malah bikin beberapa adegan  habibie  ainun jadi kurang enak liat baru mau ngerasa haru eh malah ketawa karna salah fokus  make up pas tua nya keren sih totalitas banget,1
simpul habibie ainun  selalu   tani    kalah   satu frekuensi  nyesek sm ahmad jefrinichol,1
mulai nonton habibie  ainun jam malam selesai film jam malam sampe sekarang  mewek  yaallah,1
asli deh gua kesel banget enggak  nnton habibie  ainun grgr uas btw gua kelas karyawan pdhl gua ken liat ahmad jefrinichol,1
panjang nonton habibie  ainun ingat sama nenek jd kangen pgn minta maaf kalo cucu pertama  gabisa jd dokter maaf udh ingkar janji jgn kan jd dokter sp anak dokter umum aja  gabisa nek bkn gbsa tp karna  anak bandel makanya ttp milih psikologi,1
nonton habibie ainun   sempet panen bikin kue kasi makan sapi  township krn emang sengebosenin ,1
wajib nonton imperfect  habibie ainun itung itung ngilangin sumpek  duit hmm,1
yogyakarta ainun   per habibie ainun ajak kamoe nonton akhir pekan  beli tiket  cgvid   ketemu  hartono mall jogja pictwittercomsfraoood,1
film habibie ainun lebih  sekadar film motivasi  inspirasi layak jadi salah satu film baik  tahun,1
yogyakarta  pesan  jefri nichol   per habibie ainun  sapa kamoe akhir pekan  beli tiket  sekarang  cgvid cemas indonesia   ketemu  hartono mall jogja pictwittercombpqvodtx,1
temanteman   yogyakarta angga yunanda mau ingetin  kalau  per habibie ainun  sapa kamoe akhir pekan  beli tiket  sekarang  cgv   ketemu  hartono mall jogja pictwittercommrkmktsu,1
hbis nonton maraton   trus ngelanjut liat habibie ainun bioskop wah feelnya dpt banget jdi ngerasa ken punya pasang  satu frekuensi bkn orang  sempurna   terima apa ada  hidup bahagia tua sama skor pictwittercomnbbwuvqa,1
sekali kali  habibie ainun dapet nilai acting nya reza rahadian oke abis maudy ayunda sangat intelek jefri nicholganteng pis awal  judging nntn   drama  romance takut jadi cringe gitu tp nyata haru,1
habibie ainun bagus banget kalian  nonton wajib nonton hahaha sedih  campur aduk romantis bahasa baku  english subtitlenya ,1
pas nonton habibie ainun  tuh bener panjang film  cuma mikir hebat banget bu ainun ken banget jd hebat bu ainun gimana cara jadi wanita hebat kyk bu ainun  makin percaya kalo balik lelaki hebat  wanita hebat  balik,1
kmrn nnton habibie ainun puas bgttt puas liat reza  imut banget sm makeup pas muda  amazed banget sm makeup pas tua  enggak kalah klepek liat jefri aaaaaaa udah lama enggak liat diaaa ganteng tu loo enggak kalah sm auranyaa happyyy,1
habis nonton habibie ainun  ceritain masa lalu bu ainun  udah nonton rudy habibie jadi mikir hebat banget sanggup cinta indonesia begitu,1
btw tadi  nonton habibie ainun kan yah cuma tiga sama ibu sama bapak ngelaler gue sebenernya terus sebenernya  tuh udah nahan mewek  awal  yah macam haru  kesima gitu nyata  yah love so pure and so full of ikhlas yet so complicated,1
bahkan  romantis  dramatis   satu frekuensi habibieainun,1
baru beberapa detik intro film habibieainun mulai air mata linang tak karuan kisah cinta hebat   dua hebat  deserve each other  kalian  temu sekarang pak habibie bu ainun,1
tanyarl sini  tinggal  medan  ken nonton habibie ainun nobar yuk,1
film indonesia   bagus bagus bgtt  nkcthiimperfect  habibie ainun nonton semua gada duit nonton salah satu penasaran sma  lain bingung  gimana  cara nyari duid cepet gimanaa,1
film  lu ken lu tonton habibie  ainun imperfect,1
day nonton habibieainun mantap si salut sama reza rahardian  totalitas jadi alm eyang maudy ayunda  hebattt  ketemu adkel  double date huhu,1
habis nonton film habibie ainun  beberapa pesan  jodoh jodoh   cermin diri    jodoh  orang  punya visi  tuju hidup  sama,1
ken nonton habibie  ainun,1
habis nonton habibie ainun bener doa sama allah moga jodoh    satu frekuensisatu visi  tulus sampe akhir hayat kayak alm pak habibie almh bu ainun aamiin,1
abis nonton habibie  ainun turut film bagus sih banyak     dapet buat jadi inspirasi huhuhu pokok bagus banget haru dapet ketawa dapet,1
hari  hari tinggal alm presiden  bj habibie luncur rekam hidup habibie ainun  manusia biasa kisah cinta bukan  presiden teknokrat  politis pictwittercomwezipchsw  gedung filateli,1
 iya satu  gaboleh lewat  film habibie ainun   totalitas  reza rahadian  peran sosok pak habibie  masa tua  make up prostetik  cara bicara  identik layak  lihat sosok alm bapak bj habibie sungguh,1
habibie ainun hanung bramantyo cerita asa hilang arah  bosan tolong  tata artistik ala biopiknya hanung walaupun  lihat inkonsisten   cukup senang  lihat akting natural maudy ayunda sini pictwittercomznphbatmd,0
lama lebih  tahun dua hidup sama dgn penuh cinta  bahagia tak heran kisah cinta dua  abadi  buah film judul habibie  ainun  tayang habibieainun pictwittercomupjzodkz,1
yak hasil nang parah garagara film habibie  ainun,1
habibie ainun  imperfect  film recommended   tonton minggu ,1
keren  film habibie ainun pas keluar bioskop tuh rasa neng banget terus ngerasa yah ko cuma sebentar ayodong mau  lebih panjang lagienggak siasia beli tiketdan poko nonton habibie ainun  lebih  satu kali congratsss jefrinichol keren sangat bang,1
habibie  ainun tk msuk wayang malaysia ,1
  mau nonton bareng habibie ainun bareng  kalau mau  tahun depan  tempat  beda  tipi  beda,1
paling  habibie ainun  bosan   dahulu  kes berteletele i do enjoy the storyline cerita ainunahmad    baik  bawa  maudy  jefri  akting  baik pictwittercomwmaybfdty,0
karna   dramatis  indah   satu frekuensi habibie ainun pictwittercomkxilezvtt,1
  jodoh  orang  punya visi  tuju hidup  sama habibie ainun bagus banget oy baper akutu,1
tak perlu orang  sempurna cukup temu orang  selalu buat  bahagia  buat hidup  lebih  siapa habibie ainun,1
ainun gadis hitam  jelek  gula jawa habibieainun padahal ainun cakep loh,1
bagus oy habibie ainun enggak nyesel nonton film nya sedih inspirasi  tau makna cinta sejati  apa ayo  coba gais pictwittercomrzmxxwgyr,1
buah pesan  film habibie  ainun pictwittercomajuiewtjif,1
tak perlu  orang  sempurna cukup temu orang  selalu buat bahagia  buat arti lebih  siapa habibie ainun,1
banyaj banget ajar   ambil dr film habibie ainun  film  buktiin kalo true love ituu benerann  woyy baru mulai aja gue udah nangiss,1
movie maraton habibie ainun  imperfect baru selesai nonton habibieainunmd  butuh waktu  tarik nafas cuci muka  kamar mandi karna habis nang pictwittercomrcztpwxe,1
nonton habibie  ainun tiap partnya reza rahadian sedih banget mau nang inget pak habibie,1
 siapa nak tengok wayang tak ipman  habibie ainun,1
gara kemarin nonton habibie ainun hari  jd ngereview habibie ainun dong   nang sengguk se epic  pictwittercomytmestesla,1
jujur  nonton habibie ainun pen liat bang jep meranin ahmad huhu syg nya   pulkam  tida  bioskop sini,1
hamba pen nonton imperfect  habibie ainun,1
reuni habis sama per lama layar kaca marcella zalianty  habibie ainun winky wiryawan  jerit malam  lulu tobing   garis biru,1
banyak ajar  perempuan  mulai  bahas sosial media rencan tahun depan politik kampus bahan mental illnes sampe star syndrome  tutup  habibie ainun  bikin ambyarrrrrr rezaaaaa keren sekali pukau sama makeup artis pictwittercomiarhklviwy,1
sungguh   marathon imperfect habibie ainun  jumanji tp ni bocil ngangenin pictwittercomhvvzkjvjzb,1
habibie  ainun kisah masa lalu ainun  pria  baca lengkap,1
ajak nonton habibie ainun walahdalah saia  pernah nonton habibie ainun  wey,1
hanung selaku sutradara  gambar latar hidup mahasiswa  tahun an jargon buku pesta  cinta  kenal mahasiswa tempo dulu wujud  mikat ulas lengkap film habibie ainun  ulasinema  traveloka pictwittercomymqyhap,1
banggg notice banggg biar  tiket film habibie  ainun,1
film habibie ainun lebih fokus kisah ainun  juang  news jawa barat,1
 udah ntn habibie ainun  ngira  jdi pak habibie eyang  beneran alm bj habibie   rapat baris,1
film habibie ainun ingat  satu   jalin hubung  orang  milik visi  misi   sama  visi  misi   milik  hidup   ujung  hubung  kandas,1
ainun   per habibie ainun ajak kamoe nonton akhir pekan  pictwittercomqqpodzbuin,1
habibie  ainun sukses bikin anak orang nanges  bioskop  awal sampek akher,1
otak   bank banget nonton habibie ainun pas  ilham habibie malah pikir bank muamalat  mina padi,1
jefri nichol  cast habibie ainun ajak kalian nonton bareng  jogja pictwittercomtxnlbyou,1
   selalu   selalu dukung ingin apa   kanu sampai pada juang ainun mula  sember  pawagam pilih jangan lupa tonton trailer habibie ainun pictwittercomdofyimtou,1
nonton bareng habibie ainun  daan mogot xxi  cgv slip jaya pictwittercomdflxbli,1
habibie ainun fokus  kisah jalan ibu ainun masa beliau muda mampu tawar hangat sedikit humor  inspirasi  luar biasa tentu  kejomplangan porsi tampil  capa maksud    batas wajar pictwittercompuxjgqc,1
jadwal tayang film hari   cepol theater binjai supermall jumat desember htm rp standard habibie  ainun imperfect,1
habibie  ainun tayang hari   cepol theater binjai supermall jumat desember htm rp standard info lebih lanjut kunjung website,1
 habibie ainun jadi garagara dek jepri topless jadi  bawa nama besar habibie  aiunun pictwittercomvhwgoyf,0
rasa liat habibie ainun  takut takut kalaukalau macam ainun  ahmad manjagakan jodoh orang hehe,1
hayuu tonton habibie  ainun  bioskop sayang  tanggal desember pictwittercomgdadgcdgz,1
cerita film ainun habibie  simple jadi sblm wafat kmarin rudy duduk brsma anak  cucu  ruang mkan  cerita  kisah ainun  mnjdi dokter akhir  jdi lulus baik  fk ui  tahun  rudy pulang dri jerman untk nikah ainun gt aj,1
review imperfect  habibieainun  liar  timeline jadi ,1
abis nonton habibieainun gue dapet insight  bener bener sehat sama gue perempuan punya sempat  sama buat didik tinggi  sukses cinta frekuensi hati jadi satu irama  jalan cinta sejati,1
habibie ainun inspirasi  masa muda almarhumah hasri ainun besar habibie  kenang bj habibie atas bahan jiwa,1
sempat punya mimpi  sama  peran ahmad  film habibie ainun   akhir mimpi  ubah   mulai cinta indonesia  segala kurang,1
males banget buka twitter isi review film habibie  ainun semuaa makin potek hati   hari  gagal nonton bang jefrinichol,1
 biasa abis nonton film tuh  makan sama film  skrg  makan filn habibie ainun karna  skrg ken kaya ibu ainun huaaaa  tbtb ken ikut pmr  gegara  adegan tolong pertama tadi yihaa,1
 nonton film habibie ainun tiba  salah satu scene  jleb gue pernah  posisi  trus ingat gue layang sekian detik,1
baru kali  gua nonton bioskop ngemper tengah tangga nontonnya habibie  ainun alam  bahkan semua orang gabisa dapetin,1
 buat nang terhura  habibie ainun  mimpi  gigih orang ainun muda  rasa cinta eyang habibie  ainun tuh benerbener deh duh,1
tadi nontom habibieainun gua apit sama orang pacar dongdi samping kanan serasa dunia milik dua ngobrol sama ketawa muludi samping kiri mbak sama mas nya mesra nikmat filmdan gua mewek sendiri nonton nya gakuat liat akhir  ahmad ainun,1
 bbrp    petik dr film habibie ainun zaman dulu suka  kagum sama cewek  krn cerdas humble zaman skrng suka  ngefans sama cewek  karna susu bngsssssssdddd,1
habis nonton habibie ainun  bangga banget sama acting jefrinichol,1
pokok selamat nonton habibie ainun  selamat menang guys,1
film ainun habibie ajar   juang citacita emansipasi  wanita  perih cinta beda frekuensi  sikap segala takdir sakit really worth it jgn buru pulang ,1
habibie  ainun kisah cinta lebih kelas hasil hindar klise pictwittercommqtulmrvbd,1
abang maafin  karna  rusuh td percaya karna  sgt amt  bahagia jaga sehat abang smg promonya lancar  jangan lupa utk kalian nonton film habibie ainun  tyg bioskop  tim paling ats  mls buat desekan jefrinichol pictwittercomghoggepk,1
mau romantis  dramatis apa  tetap wajib dgn  se frekuensi habibieainun,1
film bagus bangetsukses buat  nangisbanyak banget ajar   ambil  film  akting  cast  keren bangetahmad kamu  buat  nang ainun  habibie kalian buat  bapersukses buat film kalian wajib nntn habibieainun  bioskop sekarang pictwittercomqdceegahk,1
ripiw habibie ainun rest in power eyang  eyang putri pictwittercomlmztdcweg,1
beda beda  apa apa  penting jalan habibie  ainun lovely pan pan,1
 nonton habibie ainun   baca buku  drgiapratamamd perikardia jadi makin respect sama dokter  resiko  mulia profesi dokter  mana kadang tuntut  lawan takdir respect buat  dokter  dunia khusus indonesia,1
fiersabesari mas  habis nonton habibie ainun nyata  nama besar  belakang ibu ainun  mas fiersa  ibu ainun   hubung keluarga    penasaran,1
   indah  manis   satu frekuensi habibie ainun,1
habibie ainun recomended film dewasa  hubung  dewasa  tentu pilih hidup good job mas hanungbramantyo,1
 nonton habibie ainun asa jd campur aduk rasa kangen orang tua ingat dulu cita jd dokter caintiknya maudy ayundadan lain muncul the best ni film,1
habibie ainun gila bikin mewek huhuhu anjir sedih banget sama kata eyang pas detik mau habis film tambah sm ostnya  kamu  kenang anjir pecah wes nang ,1
nichol  abis nonton film habibie  ainun  sukaaa banget sama karakter ahmad  ainun jiwa emosional semua keluar dr sedih ngakak greget baperr jefrinichol pictwittercomnkvngjq,1
habibie ainun bagusssss tp enggak se wow  cuma reza rahardian keren banget banget sih   liat film jadi tambah sadar  goblok,1
habibie ainun lebih tepat ahmad ainun sih   maju sama  orang  satu visi  satu frekuensi  depan mau bagaimana   bayang sama dengan  masa depan kelak,1
gilasihh akhir tahun tutup  film  sangat manis  inspirasi layak imperfect  habibie ainun deh for both,1
oke lanjut gue bakal bahas lagu ost  film   booming  nih  ost  film habibie ainun  judul kamu  kenang,1
gamplong  studio  dipake buat syuting film macam sultan agung habibie ainun  bumi manusia  taman sari cuma adegan pendek,1
mau riviyu habibie ainun turut  sinematografi mantepp pol suka banget sama ambil gambar  gradingnya naik becak aja bagus banget boy pilih cast nya  oke artistik  apikk kalo  segi cerita lumayan yak sekian,1
perlu nonton habibie ainun  rasa sindir pikir kayak gin,1
imperfect sama habibie ainun  tayang  besok abracadabra mulai tayang  gilak reza rahardian,1
film akhir  kalian nonton musik  akhir  didengerin habibie  ainun justin bieberyummy,1
maudy ayunda percaya peran sosok ainun habibie  film habibie ainun  sebut rupa jadi beban  tantang sendiri  maudy pictwittercommdufxryt,1
tau enggak sih gue kemaren pan nonton habibie ainun  bioskop  iklan tokopedia mulu mau enggak mau gue tonton  gue kaget si maknae rambut gondrong situ  waktu gue liat iklan bni  tv nampilin rizky febrian kok mirip si maknae onoh ngakak woy enggak ngerti ,1
peran jefri nichol  film habibie ainun  buat baper ainun mau kamu terima serius ahmad sedang tayang  bioskop tonton hari  sama kerabat  keluarga ,1
barubaru  ngefollow maudy ayunda karna abis ntn film habibie ainun  pusing  guys dah cakep pinter ah udahlah pusing poko,1
 hari minggu tadi film habibie  ainun dapat tonton tepuk tangan susul  film imperfect karier cinta  timbang  tonton banyak orang,1
biar kayak habibie  ainun hahaha,1
habibie  ainun,1
habibie  ainun,1
lagu kamu  kenang habibie ainun ngiang ngiang ros,1
hbd bang jefrinichol as in habibie ainun moga si abang  nakal  moga tambah baik  berkah sisa umur aamiin eciee pictwittercomdkrhdiyyb,1
selasa film habibie  ainun  keluar  bioskop central city setiabudi  transmart majapahit semarang,1
film habibie ainun emang keren banget si beyond my expectation   rasa enggak perlu lah  dibandingbandingkan sama film belum kan poin  cerita emang beda jadi  wajar kalo  plus minus pictwittercomvepipfrj,1
nonton habibie ainun  enggak nang samsek eh   mewek,1
beberapa minggu belakang tren weekend turun yaa  indonesia hmm  hari  nya habibie ainun hasil ngumpulin m  cuma nambah k dong hari   buat jarak  imperfect  tinggal k wkwk  m nyaa prediksi  hari ,1
kalo sesuai season  dr tp  real life turut dr  satu  sukses nyeritain masa muda pak habibie nyeritain masa muda bu ainun,1
wah habibie  ainun nih,1
kejut imperfect  habibie  ainun raih juta tonton film nkcthi ribu,1
anjir masa nama  gua habibie  ainun,1
soelarto salah satu sahabat ainun  film habibie ainun soelarto sahabat ainun   siaga jaga  perlakoean senior   masa kuliah sedang tayang  bioskop pictwittercomhrvexknad,1
 ada  buku  sama  halaman  beda scene paling aduh  film habibie  ainun film pertama  gue tonton  bioskop tahun nontonnya  belah cewekcewek  senyumsenyum cekikik tiap jefrinichol mulai muncul pictwittercomaujuwzat,1
gokilll makasih to ernestprakasas imperfect  hanungbramantyos habibie ainun selamat semua kerja film indonesia,1
mending habibie  ainun,1
yass sempet ngerasa i dont feel the story  memang  waktu bareng     kena kayak  ngerewatch  penasaran habibie  ainun aja baru menit awal udah ambyar,1
 hari turut tonton filem habibie  ainun baru rasa puas pictwittercomxmlyuqbvc,1
 suka dengerin kamu  kenang gara habibie ainun,1
habibie ainun lihat cantik  kemas  asa tak lengkap   plot  tak ubah  kumpul anekdot  dialogdialog  justru dengar  aneka jargon motivasi   tampil cukup solid  maudy  per utama pictwittercomdghgsue,1
habibieainun makin yakin   tepat suatu frekuensi jadi kunci indah suatu irama  tepat frekuensi  cari coba  usaha bukan  tunggu  pangku tangan,1
waktu abis nonton habibie ainun gue tanya sama diri gue  apa gue jadi dokter  alam hari  beri jawab sekarang gue tau apa  mau gue laku ,1
lanjut dong habibie  ainun gabung  habibie  ainun,1
versi shannon lebih dapet feelnya drpd maudy  selera orang beda beda  shanna shannon kamu  kenang ost habibie ainun cover,1
resensi film habibie  ainun cinta butuh frekuensi  sama,1
saran nonton habibie  ainun gebetan imperfect pacar nkcthi family si mansi jembatan ancol setan mantan   punya aja klo enggak punya  nomor    gandeng tangan ehe,1
habibie ainun   alas  kalau bukan  penasaran sama cgi  efek makeupnya alus euy kalau  jalan cerita hehehe  no coment deh p oiya sempet gagal fokus sama pak manoj akutu  film pictwittercommlmnxxpeg,1
gara ntn habibie ainun   ostnya tiap dengar  selalu nang,1
kamu  kenang ost habibie  ainun,1
film habibie ainun  imperfect saing ketat pekan ,1
nonton habibie ainun reza rahardian never failed  awal nol sekian detik liat punggung reza sbg pak habibie  udh baper ma tears rolled down already  gua panjang film banyak haru  sampe netes air mata,1
latar tempat  cara sampai kamu hitam jelek   gula jawa  habibie ainun habibie ainun  habibie ainun semua beda wkwkw,1
auni you can do this nak tengok habibie  ainun go go ajar sikit  nak habis,1
 tutup  cerita hangat habibie  ainun banyak  suka ngejekin but personally dr dulu suka banget nonton film indonesia  makin kesini kualitas makin bagus,1
gue  nyesel sih  enggak nonton  baru rilis  bareng sama habibie ainun jadi gue  pilih dulu mana  kira gue tonton duluan   dua bagus  enggak nyesel sedikit  luangin waktu   nonton film ,1
nnton habibie ainun   tuju sma ahmad yng mana memang sulit untk rubah mindset seseorng maju kualitas sdm  sayang bnget untk mrka dngan otak  cemerlang    tuju sma ainun  mna  maju kualitas sdm bangsa  negarany dulu,1
habibie ainun bagus i love u both alfatihah  kalian dua  jadi suka banget sama bu ainun  pak habibie  allah nang sampe sengguk  bagi akhir lebih  dar biografi film  jauh bahas peran wanita,1
tahun akhir alias desember kemaren  januari   nonton film indonesia  pertama habibie ainun lalu baru selesai,1
   suka imperfect  habibie ainun  jawab,0
nkcthi    cerita  hari  lebih baik banding imperfect  habibie ainun,0
 nang abis nonton film habibie ainun sekarang daftar wanita super nambah  ibu ibu kartini  ibu ainun superluv banget wanita panutan huhu,1
tak perlu orang  sempurna cukup temu orang  selalu buat bahagia  buat arti lebih  siapa habibie ainun,1
 habibie  ainun film imperfect raih juta tonton  hari tayang  bioskop pictwittercomqqzmmkbpn,1
nahkan soal  abis nonton   tiket  habibie ainun,1
  cerita  habibie  ainun part,1
merinding speechless  kata selebriti publik figur  nonton habibie ainun lalu bagaimana turut sedang tayang  bioskop follow ig habibieainunmovie  mdpicturesofficial  updatenya pictwittercomjmqqwpljq,1
merinding speechless  kata selebriti publik figur  nonton habibie ainun lalu bagaimana turut sedang tayang  bioskop follow ig habibieainunmovie  mdpicturesofficial  updatenya pictwittercompivxzodp,1
film habibie ainun  bagus  orang  bicara  lebih suka film belum film habibie ainun   terlalu lama  klimaks kurang,0
 nonton habibie ainun movie  mau nonton  nikmat promo buy get  semua lokasi cinpolis khusus tanggal januari laku  beli  loket bioskop from cepol,1
 skrg  penasaran sm film imperfect habibie ainun   banget nonton tp mager rame banget coy tp ken gimana dah ah ribet kemaren pala  pening  bbrp  baru  keluar liat ramai bener pening  ampe keringet dingin,1
sebenerny  mau nonton nkcthi  kursi penuh ada bagi bawah doang nah  gamau trs ganti habibie ainun padahal  ken nonton nkcthi kalo buat habibie ainun sih  enggak ngikutin    tiba  lngsng nonton  jadi  bingung wkwkw,0
merinding  speechless  kata  selebriti  publik figur  nonton habibie ainun lalu bagaimana turut sedang tayang  bioskop follow instagram habibieainunmovie  mdpicturesofficial  updatenya pictwittercomwtrhvvo,1
sabtu film habibie ainun  keluar  bioskop citra  paragon semarang,1
akhir tahun awal tahun  film lokal  bagus  sedang kejar beri pesan   tonton tiga nya  habibie ainun imperfect  nkcthi,1
 mau nagih aenisti    hasil selesai masa studi nih   pulang  tegal yey enak nonton apa dulu  imperfect habibie ainun si manis jembatan ancol  nkcthi,1
 film  baru tayang  habibie ainun imperfect  nkcthi   paling bagus tetep imperfect sekian,1
saling jatuh cinta  punya cita cita  tuju  sama  bangsa indonesia bj habibie habibie ainun pictwittercomknlkfxb,1
jujur aja moment sedih gua nonton habibie ainun  pas closing pas lagu maudy ayunda  kamu kenang puter foto foto kenang pak habibie  bu ainun instan langsung merinding sedih telat kagum sama  sosok ,1
habibie ainun sm imperfect tayang  waktu  sama  dh tembus juta smua the power of reza rahadian,1
baru sempet nonton habibie ainun  katakata  paling bikin terngiangngiang   buku  sama  beda halaman ainun maudyayunda jefrinichol,1
berturutturut tonton habibie ainun lalu nkcthi  bawa pulang  lelah  wah marcella zalianty asyik  akting kok   lupa,1
salah satu pesan  film habibie ainun segala   indah  dramatis   satu frekuensi,1
gap sama habibie ainun makin tipis  mungkin sampe turun layar  tuh nyalip,1
kisah cinta sejati habibie  ainun tak  lekang  waktu film habibie ainun rilis  lengkap kisah cinta  bagaimana juang ainun raih cita  cinta lengkap semangat bagi  inspirasi,1
lucu banget ni gotix mesen tiket nonton nkcthi pas  scan barcode keluar tiket habibieainun untung msh  tempat kosong nkcthi  mas cema nya baik langsung nawarin tuker film pictwittercomuuttctqv,1
  buku  sama  halaman  beda ainun habibie  ainun,1
banyak film film indonesia bagus  sekarang  habibie ainun imperfect nkcthi simanis jembatan ancol luang waktu  duit yaallah biar  nonton semua ,1
weekend  kamu  tonton film seru loh  imperfect habibie ainun ip man the finale rasuk  si manis jembatan ancol cema lantai blok m square tm blok m square pusat belanja keluarga pictwittercombutzpmow,1
 akhir  suguh film baik negri  imperfect sama habibie ainun  awal tahun  suguh  magic of cema abracadraba  januari  siapa bilang film indonesia  keren  maju lu aja  norak selera film nya,1
k  hari kamis gileee kayak bakal nyalip habibie ainun sih  kayak udah nembus m  hari  nya  sih  m prediksi finish nya bakal lebih  m yap nyalip dgb  punya mungkin besar jadi film laris nya ernest makin,1
cinpolis  nonton habibie ainun movie  mau nonton  nikmat promo buy get  semua lokasi cinpolis khusus tanggal januari laku  beli  loket bioskop pictwittercomqazghbztrx,1
mau nonton imperfect habibie ainun sama nkcthi tp  bojonegoro sll full   sll gadapet ada cm  malem doang,1
banyak cerita skrang niyang  tengah tunggu nak tngok  habibie  ainun sebbnya maudy berlkon dngn jefri  first dah tengok and dah faham jalan cerita  cuma   ni memang close up hidup ainun,1
ingat scene  film habibie  ainun  ainun tolong orang anak  jatuh  komidi putar   ainun beri tolong pertama  anak tsb sembari tunggu ambulance datang,1
i think the best movie in joker kim ji young born parasite doctor sleep perempuan tanah jahanam frozen jumanjithe next level maleficentmistress imperfect habibie  ainun spidermanfar from home,1
ken nonton imperfect  habibie ainun pictwittercomytzqhzwwj,1
baru nonton habibie ainun iya  telat sih   selalu kagum sama teman  berani ngmbil kuliah profesi sbg dokter apa tindak  selalu kait sama nyawa manusia beda banget sama engineer  apa   safety guardnya auto lock reset,1
habis nonton habibie ainun kata ibu  jadi agus kating nyebelin mirip mantan  pas tanya  putus jawab    ngajak nikah terus ibu enggak mau kan mau sekolah  baik smg nanti ibu   desak anak  meni,1
barusan nonton habibie ainun  umm  kentung sampe ketawa ngakak enggak henti  duduk  belakang  sama,1
habibie ainun  si manis  kecewa maaf    kasih score   cinepoint bicaraboxoffice pictwittercomdpiglsl,0
wow wow hari  nonton nkcthi  habibie ainun,1
segitu dulu  film habibie  ainun sengaja enggak dijelasin semua  enggak mau kasih spoiler hahaha  masuk  film ikut   mau lewat dulu nih,1
kalau penasaran jangan lupa tonton film habibie  ainun  bioskop sayang  btw jangan lupa  modusmodus  doi ngajak nonton hahaha,1
film habibie  ainun  kisah  habibie  ainun   muda bagaimana  nal   jadi suami  istri penahilang,1
   aneska  beatum fm radio film pertama   bahas  film romantis habibie  ainun  bintang si jenius maudy ayunda  ainun  si tampanbangetzz reza rahadian tentu  habibie,1
tbtb cerita kemarin  nonton film habibie  ainun  jam pertama film  tidur,1
omongomong malam  gueaneska mau bahas  film  sekarang  kacau dibicarain banyak orang  kalau bukan habibie ainun  imperfect  kali  gue enggak sendiri malam  gue tani sama mbak sera penahilang,1
bahkan  lihat indah  dramatis   satu frekuensi habibie ainun,1
habibie ainun uras air mata sumpah rasa tampar banget waktu scene speech nya bu ainun pas pilih jadi lulus baik rasa  guna   banyak bantu orang ,1
  nonton imperfect  habibie ainun ehh sekarang  nkcthi  niat teman,1
konde habibie ainun seks  diskriminasi  alami ainun,1
untung mas crush  ngalah  mau nonton jumanji  ken habibie  ainun jadi  ngikut  hwhw btw gpp nder habibie  ainun  bagus   enggak ngikutin banget  awal kok,1
habibie  ainun adalaaa film pertama   hasil buat  menang fak,1
iya sih layar   bagi  imperfect habibie ainun  si manis plus rasuk,1
congratulationnnnn bangga banget  jadi bagi tonton   jadi saksi cinta sejati habibieainun film   sangat luar biasa jefrinichol maudyayunda manojpunjabimd habibieainunmd mdpictures pictwittercomgqlaxzu,1
habibie ainun  imperfect  tayang pekan depan  nongol  satu film reza rahadian   susul  toko barang mantan februari  layla majnun pictwittercomwhlhgqshw,1
bang jefrinichol gara abis nonton habibie  ainun gue kobam ahmad,1
selamat tahun hari pertama  tahun awal dgn nichol  tunggu film  lainnyadan habibie ainun mas tayang lho jefrinichol doain    gais moga mood ajar kuw makin tinggi pictwittercomwmthlvmz,1
padahal film imperfect habibie ainun  si manis capai  seperti enggak terlalu susah  optimis  gratis  enggak bayar,1
kalau wayang habibie  ainun,1
  indah  dramatis   satu frekuensi habibie  ainun,1
  indah  dramatis   satu frekuensi habibie ainun,1
 tv  tayang titanic  bioskop habibie  ainun  hp the negotiation,1
suatu  indah  dramatic   jadi satu frequency eyang habibie habibie ainun,1
habis nonton habibie ainun makin ngrasa ambisi besar aiesec indonesia  relate banget  indonesia is a home  aiesec  ajar  ajar  indonesia  cinta jadi indonesia negara  hebat lewat pemuda skrg enggak rasa  dah jadi alumni,1
film akhir  tonton  bioskop habibie ainun buku  akhir baca   baca gone girl,1
 jefrinichol nya  sukses habibie ainun  moga  makin sukses  banyak karya  aamiin eh tunggu tp  tengah  siapa pictwittercomhybmyqskur,1
lama nonton habibie ainun lihat ainun capai citacitanya jadi dokter selalu bikin mau nang  bikin dada sakit  awal  akhir  sadar  tau mungkin gaakan punya sempat  sama  ainun punya sempat  cerdas  jadi dokter,1
jadi inget kata kata bj habibie  film habibie ainun   indah  manis   satu frekuensi,1
delyunia  enggak pernah marah kalau  cubitin abis gemes sih ra egaa  suka kasih info  volunteer  imyourspace partner kerto brgktpulangngambil uangbelanja wkwk memang benar  film habibie ainun semua   satu,1
habibie  ainun,1
mulai  kebun bibit wonorejo terus  hutan mangrove gunung anyar habis   transmart rungkut buat nonton habibie  ainun akhir  tangis terimakasih cuaca hari  sangat dukung mungkin hari   ganti hari  baik  hari kemarin,1
 mungkin hasil akhir  lebih unggul  cts  seperti    habibie ainun salip,1
barusan habibie ainun  sukses bikin nangess ganss banget mas jeprii,1
pdhl sebenernya mau banget me time sendiri nonton habibie ainun sama knives out naik kereta  kotu buat jajan depan stasiun  duduk  depan batavia cafe  dengerin orang ngamen liat orang orang,1
tutup  film  sangat inspirasi  habibie  ainun,1
 bombshell the grudge io man cats si manis jembatan ancol  atas imoerfect habibie  ainun star wars jumanji knives out last chritsmas,1
gapernah henti berkacakaca panjang nonton film habibie  ainun terima kasih  semua cast crew  semua  libat   usaha  saji saji kualitas   sukaaaa,1
tak perlu orang  sempurna cukup temu orang  selalu buat  bahagia  buat hidup  lebih  siapa habibie ainun,1
cemen semua is a very strong sentence  garis biru ptj habibieainun keluarga cemara gundala imperfect preman pensiun okb  ghost writer layak kok jd film juta lebih dil my stupid boss bumi manusia  yowis ben  not that bad,1
habibie ainun a fun fact gue selalu nonton   pertama  bioskop  lebih cerita sisi ainunnya  lebih bosenin   cgi nya ganggu sumpah wkwkwk make up  acting reza rahadian juara pictwittercomtjozdjj,1
habibie  ainun bikin ambyarrrrrr  luar ekspetasi  kalau akting maudy ayunda  bagus ,1
 aktris muda maudy ayunda  jessica mila sedang keluar karya baru   bioskop maudy  film habibie ainun  jessica mila  film imperfect karier cinta  timbang  film   banget jadi pilih tonton kamu pictwittercomtwmmhjvf,1
hmmm harap habibie  ainun nie  best lah  rudy habibierudy habibie best weh,1
kau   memang  satu buku   beda halaman habibie ainun,1
jadwal tayang film hari  cepol theater binjai supermall selasa desember htm rp standard si manis jembatan ancol habibie  ainun,1
nonton habibie ainun bareng mertua  adek ipar tadi malem  bahas  wah jaman dulu mahasiswi udah  pake liptint,1
  indah  dramatisbelum  satu frekuensi habibie ainun,1
 suka dengerin kamu  kenang by maudy ayunda ost habibie ainun peluk  pelik by fiersa besar ost imperfect lebih  ego by mawar eva de jongh roi hitsuji by keyakizaka pictwittercomuoteryxyy,1
film indo mahasiswi baru x makmum x gundala x pretty boys x perempuan tanah jahanam x love for sale x ratu ilmu hitam x habibie  ainun x imperfect x  cuma film indo  tonton lebih dr x   film luar,1
 temu rekam keren  kamu  kenang ost habibie ainun  smule pictwittercomzcmbtnx,1
hanung bramantyo  reza rahadian perempuan kalung sorban perahu kertas talak surga  tak rindu habibie ainunrudy habibiehabibie ainun,1
sejak desember kemarin wajah reza rahardian enggak pernah absen  bioskop tanah air habibie ainun imperfect  sekarang toko barang mantan kayak enggak  aktor  yak wkwk,1
urut film bioskop kalau bingung mau nonton imperfect  sadar kalau diri   keren apa ada nkcthi kalau udah sadar   erti  bahagia  pilih  erti makna hidup  dpt nikmat hidup scr baik habibie ainun kalau,1
the shawshank redemption habibie  ainun rocky all tenggelam kapal van der wijck,1
jadi   indah  dramatis   satu frekuensi habibie ainun,1
ish cepat nak tengok habibie  ainun,1
 adegan  buat tonton tegang  film habibie ainun salah satu scene  buat tonton kagum  jefrinichol terima kasih  hidup karakter ahmad  perdjoeangan ainun  pictwittercomejbvjdahuw,1
film habibie  ainun,1
nonton habibie ainun  imperfect coba ungu kalau ,1
download film habibie  ainun bluray gratis pictwittercomeilexpjs,1
tak  peran sosok ainun maudy   nyanyi soundtrack film maudy ayunda tak  peran  ainun   didapuk  nyanyi soundtrack film judul kamu  kenang lagu sebut cipta karna inspirasi  kisah cinta habibie ainun,1
proses panjang maudy ayunda peran ibu ainun  film habibie ainun maudy ayunda  jadi ibu ainun nah bagaimana awal  bagaimana maudy ajar karakter ibu ainun simak video ikut  film habibie ainun pictwittercomylcfwlk,1
kalo habibie ainun  emang sedih sih anjir tp  sangat gila gila liat jefri nicol ampun dah ganteng bet puyeng overall the movie is nice   kata bikin nang  ganang  tp sedihnha enggak dalam nkcthi si but i do reccomend both of them,1
 hari  habibie ainun hasil kumpul m cuma nambah k hari imperfect  laju  oleh m   ngumpulin k hari tinggal k   taking over posisi dgb  resmi jadi film indonesia laris no tahun congrats,1
 sub judul terinspriasi  film ost nya habibie ainun si maudy ayunda,1
habibie  ainun habibie ainun never fails me hanung did a great job again selalu senang  lihat reka ulang masa jatuh cinta  this is a love story that can makes you feel loved cgi  guna  terlalu bagus but its okay rating pictwittercomtowhidqt,1
ucap terima kasih nya  kek gin terima kasih    habibie ainun  imperperfect  my stupid boss     twivourtiare,1
habibie  ainun was so good rasa panggil bila sebut nama ainun ainun,1
manojpunjabimd pak  dong buat film lanjut  film habibie  ainun ,1
tak perlu orang  sempurna cukup temu orang  selalu buat bahagia  buat arti lebih  siapa  habibie ainun pictwittercomklrtgpmtu  sleman city hall,1
habibie ainun kamu  kenang maudy ayunda cipt melly goeslaw anto hoed hit run bukan taman safari tatjana saphira cipt tjahjadi djajanata ishak,1
sinopsis habibie  ainun ulik  kisah cinta  masa muda,1
habibie  ainun pertama kali bareng doi,1
kalau lagu  banyak    jatuh cinta  soundtracknya habibie ainun nih kamu  kenang  maudy nada lekat lirik bagus mbak sendiri bagaimana,1
 hari  habibie ainun hasil  m  finish nya   angka segitu sih hampir enggak mungkin nyampe m imperfect hasil nembus m  prediksi finish nya mungkin m penasaran sih  enggak ngelewatin dgb jarak tinggal k,1
habis tanggal januari pokok  nonton film nkcthi  habibie ainun mas  enggak si,1
pokok semua lagu day  galau  the heirs sama habibie  ainun dua  enggak,1
masuk alfamart tiba tiba denger soundtrack film habibie  ainun ketika ambyar hati ,1
bkn tmn si tp murid main habibie  ainun utk  cewe klo  cowo main sinetron jgn panggil gue pak haji pernag main  cinta suci ,1
gue suka beberapa film hanung bramantyo kaya sang cerah kartini   akhir habibie ainun liat aja dulu kaya apa   gatotkaca jangan diunderestimate dulu lah siapa tau bagus beyond expectation gitu yatapi gue kurang cocok sama rizky nazar aja sih hehhe,1
 wiro sableng  habibie ainun kali  aghniny haque main film horor  kkn  desa tari,1
 udah nonton habibie ainun  udah tau ahmad  diperanin sm jefrinichol   relate banget sama  pernah enggak sih rasa jadi orang  cinta tanah air banget  saat sama benci banget sama negara   orangorang dalam,1
salut sama aghny sih  mulai filmpertama wiro sableng lalu  wedding agrrement walaupun kaku   suka film banget eh nyata bawa md ikut habibie ainun jadi bu air omg bagus banget akting  peran lalu skrg  kkn argh semangat teruss,1
sebenernya  tau  lebay enggak  enggak tahu   kayal gin pas tau eyang habibie pulang sedih banget  sampe nang barusan denger lagu bcl cinta sejati panjang lagu air mata alir smga eyang ketmu eyang ainun khusnul khotimah pictwittercomeczobihm,1
 gatau knp  nntn film habibie ainun   tuh  baper smp  nang menit  film udh selesai smp wkt  pernah dikatain lebay sm indra gara  tsb,1
 nda mau nang  kira lebay  postingan  pak habibie  bu ainun  urgh siapa naro bawang merah sini woy,1
bukan lebay  td sampe nang pas tau pak habibie tinggal sampe tidur  bawa mimpi ketemu beliau moga bahagia  temu  cinta sejati nya beliau bu ainun alfatihah,1
nang gue mau bilang lebay    kecil selalu diblg  pinter  kaya pak habibie selalu penasaran sm genius  baca  teori crack  aero pas bu ainun tinggal mulai baca biography nya  sentuh sm pikir orang hebat banget,1
   lebay apa gmn entah ad orang ketik ulang puisi eyang habibie utk ainun   nang baca pictwittercommopzfqne,1
kata tante   abis nonton habibie ainun muka jefri nichol  maudy ayunda terlalu kini kurang baheula  latar film jadul nichol terlalu ganteng ceunah,0
settingnya  ibu ainun muda  temu  lamar bapak habibie kemudi hari cukup mudah erti alur   terlalu mudah jadi kes kurang film  tuju bagi tengah film  akhir,0
  macam film biografi cinta habibie  ainun bukan sih  dunia nyata   tahu habibie  ainun  meni hidup sukses punya anak   layak pasang normal lah jalan cerita  udah tau sensasi surprise nya kayak kurang,0
ken nonton habibie  ainun   enggak mau terus  spoiler film kurang bagus,0
 versi bu ainun  peran  maudy ayunda cukup bagus  kurang  dialek  cakap ainun maudy  teman teman kurang natural aksen  sangat paksa  orangtuanya cukup baik  rudy pak habibie  ahmad  cukup baik,0
 selalu nonton film habibie ainun  selalu kes dgn cerita  kali   kurang suka sama maudy sbg per ainun sory,0
visual effect  muka reza rahadian malah bikin beberapa adegan  habibie  ainun jadi kurang enak liat baru mau ngerasa haru eh malah ketawa karna salah fokus  make up pas tua nya keren sih totalitas banget,0
maudy  lebi pantes jadi ainun ketimbang bcl sihyaa walopun subyektif krn  emang kurang suka bcl anw slalu suka dg film  krn inspirasi pak habibie  sangat cinta indonesia  ainun selalu envy lihat kisah cinta  beneran cinta enggak amburadul kek kisah ,1
mumpung sama bonyok  mungkin lo dibayarin  enggak dua aja wkwk  kalau  milih salah satu gue prefer imperfect idk why   gue habibie ainun kurang nendang,0
udah ntn nya  gue prefer imperfect well habibie ainun  bagus cuma kaya kurang kuat gitu,0
lah jangan lupa kalo  seri hb reza emang udh jadi habibie jelas kalo habibie nya ganti bakal aneh   habibie bukan fokus utama krn fokus nya  ainun lagi bisa  u bayangin kalo minke  reza woi mana cocok disandingin sama annelis cocok sm ibu minke,1
dulu kan jarang nonton film indo  bioskop gitu jadi sekali nonton emang film bagus kyk tenggelam kapal van der wijckhabibie ainun  film box office  era lah yaskrg sejak film keluarga cemara jadi suka film  dunia film wkwk aneh emang ego,1
    patut apresiasi nya  beri gambar keluarga mendiang habibie  ainun  cukup dekat  reza rahadian  alm pak habibie meski  aneh  padahal pak habibie lebih pendek  isi  reza jadi aneh haha,0
kisah soal ainun muda enggak kalah menganggumkan sm habibie alur mundur x  buat   bingung sm thn  unsur sejarah tiap film biopik   suka hrusnya sih habibie muda ksh  aktor  laen ajaagak maksa n aneh sih   reza d buat muda gitu,0
imperfect dapet semua komedi romance nya adaa kalau review orang sih habibie  ainun enggak seru krn inti cerita udah gaada but idk thats what orang told me,0
habibie  ainun nonton setujuuuu dehhh huhuhu sad jumanji enggak kalah seru  wkwkkk,1
habibie ainun nyata enggak seru  kentang,0
imperfect alur nya sdh tebak enggak seru  sih tim habibie  ainun,1
kisah habibie ainun tuh memang luar biasa  jalan hidup  tuh penuh ajar banyak makna hidup bukan cinta sama pasang aja tanah air ,1
des malam apresiasi sblm uas trus uas gatau knp baru kali  uas kek beban banget pdhl yaudah biasa aja abis  makrab angkat evaluasi angkat trus tutup dgn nonton habibie ainun sekarang goler aja huhu kgn kuliah  kehecticannya,1
orang post  nang abis nonton film habibie ainun im like anjir  film  awal dulu  nonton biasa aja enggak  nang nang even film bagus  inspiratif   bingung adegan mana   bikin nang,1
film habibie ainun awal ngerasa biasa aja waktu sampe tengah tepat pas masa kuliah bu ainun mulai asik  kisah cinta bu ainun sama ahmad nichol enggak terdugaa pol enggak nyangka ending hubung bakal gitu too much moral value about love and future in here,1
lihat  baca cerita alm pak habibie dgn bu ainun  biasa aja lihat klip bliau dgn xanana  nang sendiri rest in power pak,0
jadi kenal banget bait dil ew wkwkwk orang is so salty parah dulu kayak nya habibie  ainun kenal kalau  ew in  biasa aja uu,1
gila yaaa emang enggak salah suka momod  kuliah tingkat hiks udh taun suka sm   jaman perahu kertas abis   tinggal kuli  oxford abis  habibie ainun   tinggal   stanford  tunggu momod pulang,1
film apa   kamu tonton berulangulang udah enggak suka nonton film non b aja sama film maksud mah hmm   lebih  kali film habibie  ainun edisi  tonton kali kalo enggak salah,1
entah  enggak  suka film habibie  ainun  tiga walaupun akting nya maudi ayunda bagus aja well anyway quotes ainun   bagi buku  sama   halaman  beda waktu mutusin ahmad sedih  i can relate,0
aktor  paling  suka sejak nonton habibie ainun kalo bang reza main film    sempetin nonton enggak pernah ragu ngecap film  diperanin reza rahardian  bagus walaupun  nonton film  gapernah nyesel  karna emng akting bagus,1
kemaren sore nonton habibie ainun aktor main nya  rada kaku,0
gue nonton habibie ainun  cocok  nonton sendiri,0
makeup  guna  aktor kurang cocok  liat make upnya habibie ainun,0
nonton film habibie ainun durasi cepett kurang lama seluruh cukup bagus film,0
lu kalau nonton habibie ainun lebih banyak alur mundur jadi enggak seru,0
saran gue enggak usah nonton habibie ainun   gue alur nya lebih kena habibie ainun belum,0
  adegan film habibie ainun nya kurang tarik  drama ,0
pas nonton film biasa aja kurang jiwa peran,0
film bagus cuma banyak nang jadi terlalu sinetron banget review habibie ainun,0
film  beberapa part   ulang  film belum overal ainun dapet banget akting,0
lebih sukan film habibie ainun belum   habibie ainun sekarang,0
peran  main  terlalu maksimal  jefri nicol kerenn akting hahaha habibie ainun,0
kata kata  ucap sangat sentuh hati   adegan gampang tebak habibie ainun,0
 nontn film gue ngerasa film  habibie  ainun terlalu boring,0
nyesel udah nontn  habibie ainun karna alur asa maju mundur jadi bikin bingung,0
review  film  gue tonton lebih suka film imperfect kalau habibie ainun  cinta aja,0
nonton habibie ainun alur gitu gitu cinta bikin bosen  ngantuk,0
alam  nonton habibie ainun ngebosenin cerita cuman aktor aja ganteng,0
  film habibie ainun  lebih bagus  buku banding  film cerita banyak  potongpotong,0
gue mau cerita alam gue hari lalu abis nonton habibie ainun nyata lebay banyak nang nya,0
asli enggak bagus film habibie ainun,0
ngeliat orang orang padaa nang nonton habibie ainun padahal biasa aja,0
seru seri film    habibie ainun,0
mau review ni sist  semua aktor  main aktor ainun  sesuai ekpektasi habibie ainun,0
film habibie ainun seluruh bagus cuma  beberapa part   cocok peran,0
kata gue film habibie ainun biasa aja,0
cerita habibie ainun awal bosan  akhir akhir baru seru,0
 gue liat film habibie ainun lebih cerita hidup orang ,0
film habibie ainun banyak ngomong jadi males nontonnya,0
lama nunggu point point nya terlamu drama film ni habibie ainun,0
banyak nang nya jadi bikin mata sembab film habibie ainun,0
hasil nonton habibie ainun enggak seru film,0
baru sempet review habibie ainun lebay banget film,0
aktor  main  film habibie ainun kurang jiwa peran,0
gue rasa film habibie ainun biasa aja,0
aktor film habibie ainun si ainun kurang pas   jadi aktor,0
 main habibie ainun  kurang bagus  sisi  gue liat ,0
