tweet,label
portal berita viral uang ribu  buru kolektor hingga hoaks baj,1
sekarang mata uang ribu baru  kritik good night,1
uang pecah rupiah ribu produksi batas  ingat hari merdeka indonesia uang  langsung ramai cari    jelas psikolog,0
kalian dah punya uang ribu,1
  bukan uang pecah tujuh pulh lima ribu   dipersoalkantapi harus  bi cetak uang baru ,1
uang khusus hut ri  kok cuma puluh ribu begini jawab bi lewat repelita,1
umur umur dr jaman uang perak  muncul uang ribu kaya enggak  terbit batas sampe pake ktp buat ngambil uang k bank    lupa  gmn rb  baru mncul  ribet bener,1
bank indonesia bi baru  terbit uang ingat merdeka tahun  nominal rupiah ribu bagaimana cara dapat via detikfinance,0
yoona bagi uang     tahun baru  anggota lain,0
berita uang pecah ribu  udh lama baru tau euy,0
bismillah mau banget dpt  no zenius premium soal zenius  baru abis bln juli kmrn dada banget bom siapin uang  enggak bimbel offline cuma ngandelin zenius free sm mipi doang buku  bom beli aaaaa banyak wishlist  tabungam tiris huhu c,0
suka bau uang baru,0
cara mudah dapat uang baru pecah  edar  batas,0
hadiah uang juta dri pak lurah en kawan,0
modal apa kalo uang enggak  kalo hati baru ,0
hari  bi rilis uang baru ingat merdeka tahun ri halaman all,0
jdi td si ayah masuk kmr ngasih uang trus  blg uang apasaya pikir   baik hati eh rupa  baru ingat  hari senin   nyata uang jajan jatah   kurang ayah langsung ketawa  kabur dong ,0
yeuww enak banget  satu ktp cuma dapet lembar doang dey   tukar pecah sama k uang ,0
iyaaaa  uang k,0
eh  uang kertas k hmmmmm interesting,0
mau ikut dapet uang k edisi khusus susah bener asli jadwal penuh mulu   punya tips,0
uang baru  k berapa deh gemes banget desain,0
 kasus klepon jenis kerja anak  uang k angkat ntah siapa selesai sama pahlawan  sama msh aja makan polos banget yak wkwk,0
bukti tukar uang k spesial hutri kw,0
oiya smlm abis nanya k ayah  uang baru k  kata cetak jumlah juta lembar  brrti hampir nila ah audah enggak pinter ngitung uang  banyak nya tp jd keinget  brrti  nyetak duit dong kata ayah  bakal jd ngaruh sm inflasi,0
ihh enakk bgttt  ngerasain uang k,0
coba jam cek jam mas  kemarin sempet daftar  jam jam udah full waktu mau daftar  buat adik jd  cepet lgsg isi data kalo bagi  kosong,0
bankindonesia kalau lihat website seluruh slot waktu mesan  tukar uang  lokasi bandung  september  penuh semua    tambah kuota    ,0
 enggak kenal orang dalem tp  dapet mas jam mesan buka hasil daftar buat diri sendiri udah jam waktu daftar waktu mau daftar buat adik lgsg penuh jam jd  emang  cepetan rebut,0
 yo ra sanggup vaa makul,0
pembukaaan gelombang  kapan   tau jadwal pembukaa gelombang dri mana  pa awal cuma buka smpa tgl sept tau tdi udah buka smpai sept,0
mungkin  cara tahan eksistensi halobca  tanggung jawab kpd bankindonesia  tetap lihat kokoh,0
tentu laku  bi  buka jadwal tukar  tgl sept,0
 sep    jadwal bagaimana coba cara dapat   menit  jam,0
perintah  bank indonesia keluar uang ingat merdeka  republik indonesia  agustus uang kertas khusus  mulai salur lalu seluruh wakil bank indonesia  seluruh tanah air  selasa agustus pictwittercomdfuithw,0
jadwal penuh semua,0
hahaha iya mbak jatuh semua  pd disimpen,0
daftar situs agen sbobet deposit semua jenis bank indonesia rb daftar situs agen depobos sbobet deposit    semua jenis bank indonesia  minimal deposit  rb    nikmat sensasi main satu id pictwittercomkggorj,0
yah kalo limited  simpen aja dapetinnya susah  ngantri hari dapet jadwal nuker aja  minggu ,0
 bank indonesia d,0
bank indonesia  kali buat upk   hut   ri,0
sangat  berbedadengan rasa jengkelkecewa  sedih hilang uang jtbalikin duit gue axamandiri jokowi mandiricare bankmandiri kemenbumn kpppa kemenkeuri jdrouffe juliensteimer aajiindonesia aauiid ojkindonesia bankindonesia erickthohir axaasia,0
 bentuk peduli sosial  kondisi masyarakat akibat dampak pandemi covid bi jabar  beri paket bantu  masyarakat kali   wilayah kab purwakarta upa paket bantu sembako vitamin sabun  masker pictwittercomqwcljtwfd,0
koster apresiasi kain geringsing bal masuk uang pecah rupiah ribu,0
uang  sebenernya bentuk promissory note arti kalo  punya uang ribu negara punya utangjanji lama masa tentu  wilayah negara  uang  milik nilai   tukar segitu kalo uang enggak dipake arti  enggak nagih utang,0
pen ikut sen uang ribu  hmm  tim  kalo udah nyebar aja wkwk tahun  spesial moga bumi lekas baik,0
sri mulyani uang pecah rupiah ribu tak edar bebas  tambah likuiditas lewat repelita,0
uang rupiah ribu resmi edar mesan  online,0
edisi khusus merdeka bi cetak uang pecah rupiah ribu,0
wakakaka orang indonesia ngapa sik kalimantan utara pictwittercomfyhhysukx,0
sulawesi tengah  jatah ribu lembar uang khusus hut ri ,0
bank indonesia papua batas tukar pecah uang rupiah ribu   layan  hari banyak orang,0
bank indonesia sama menteri uang luncur uang kertas pecah rupiah ribu masyarakat   dapat uang pecah warna merah sebut  mudah info lengkap dengerin awongirfan,0
sultra  jatah ribu lembar uang pecah rupiah ribu edisi khusus ,0
bi luncur uang pecah rupiah ribu  hari merdeka,0
ekonom nilai terbit uang baru pecah rupiah ribu tak  pengaruh inflasi bi sama  menteri uang  resmi uang ingat merdeka tahun republik indonesia   senin agustus,0
sulkarnain terima uang baru pecah rupiah ribu,0
edisi khusus uang kertas pecah rupiah ribu pictwittercomsoshpqnth,0
perintah luncur uang pecah baru nominal rupiah ribu,0
baju adat china  uang baru pecah ribu rupiah cek fakta,0
uang pecah rupiah ribu tengah buru masyarakat uang ingat tahun merdeka ri beri pertama kali  guntur soekarno  mutia hatta artikel asli muat  mitra teras joglosemar news,0
cek fakta baju adat china  uang baru pecah ribu rupiah pictwittercomvlqbpbsr,0
bank indonesia bi luncur uang kertas pecah rupiah ribu tepat  ingat hut ri  senin  wujud syukur  raya ri perintah    menteri uang  bi,0
untuk netizen  usaha rusak tertib  enggak enggak makan enggak bikin ribut enggak makan baju  kena anak  gambar  pecah uang ribu rupiah sebut  baju adat suku tidung kalimantan utara video tara ig pictwittercomflcioitq,0
buat ngadrun super halu silah cek gambar anak pakai adat  uang baru pecah rupiah ribu,0
baju adat china  uang baru pecah ribu rupiah cek fakta,0
kado ingat hut ri  uang pecah rupiah ribu cetak batas,0
bi resmi luncur uang ingat merdeka  ri  bentuk pecah rupiah ribu  uang sebut  belanja,0
tepat  hari ingat merdeka  ri bank indonesia luncur uang baru pecah rupiah ribu    punya pictwittercombjzykrvztk,0
penasaran dg siapa aja  foto gambar  uang baru pecah ribu bukan apa apa entah diri  halu pagipagi  gimana  mbak  kostum adat aceh cmiiw kilas mirip mukakuu   bukan foto pictwittercomqzxeecrw,0
baju adat china  uang baru pecah ribu rupiah cek fakta,0
papua bangga jembatan youtefa tera  uang pecah rupiah ribu papuaitukita freewestpapua dprri,0
heboh baju adat china  uang pecah rupiah ribu nyata pakai suku dalam  pulau kalimantan bank indonesia rilis uang pecah edisi batas khusus raya hari merdeka,0
heboh baju adat china  uang pecah rupiah ribu  fakta benar nyata pakai suku ,0
bukan uang biasa pecah baru rupiah ribu resmi luncur  pakai buat beli bensin,0
atur bank indonesia nomor pbi  keluar  edar uang rupiah khusus ingat tahun merdeka negara satu republik indonesia pecah tujuh puluh lima ribu tahun,0
wakil walikota saksi luncur uang pecah rupiah ribu  virtual,0
viral edar gambar uang kertas pecah ribu rupiah  informasi lengkap,0
  fakta  luncur uang pecah ribu  raya hut ri   cara dapat pictwittercomzcprjrwk,0
  fakta  luncur uang pecah ribu  raya hut ri   cara dapat pictwittercomqyokyixh,0
uang unik pecah rupiah ribu luncur begini cara beda  asli  palsu pictwittercomxojwopxd,0
ksal laksamana tni yudo margono saksi luncur uang pecah rupiah ribu  momen ingat tahun merdeka republik indonesia  virtual,0
uang baru pecah rupiah ribu rupiah resmi  luncur  bank indonsia tepat  agustus ingat kemer pictwittercombxuckluxt,0
ingat hut ri  bank indonesia rilis uang baru pecah rupiah ribu,0
uang pecah rupiah ribu kenal filosofi  ciri,0
uang pecah ribumelambangkan tahun indonesia merdeka,0
komisi xi dpr tanya efektifitas pecah uang rupiah ribu keluar bi,0
uang pecah ribu,0
komisi xi dpr tanya efektifitas pecah uang rupiah ribu keluar bi,0
nuker beb hahaha bi ngeluarin uang commemorative pecah rb klo  masyarakat  mau nuker ribu   ribu lembar    bi   pesan dulu,0
sri mulyani uang pecah rupiah ribu tak edar bebas  tambah likuiditas,0
uang kuno  punya nilai jual tinggi  kalang kolektor seri wayang gulden seri soekarno pecah tahun seri barong pecah seri jenderal sudirman pecah seri hewan seri budaya pecah,0
uang pecah ribu bakal  dipake buat alternatif kondangann kalo  rasa mau ngamplop ribu kecil ribu kegedeannn muehehhehhe,0
bareng  ingat  indonesia bank indonesia lewat gubernur perry warjiyo serta menteri uang sri mulyani indrawati rilis uang kartal pecah baru  ribu rupiah,0
uang pecah baru rupiah ribu luncur pas  hut ri  tahun,0
komisi xi dpr tanya efektifitas pecah uang rupiah ribu keluar bi,0
uang baru k  rangka ingat hari merdeka indonesia  perintah resmi luncur uang baru rupiah  pecah nominal rupiah ribu kamu perlu tau  makna sirat dalam,0
lama buruh  patungan transfer sisa uang atmnya biar genap ribu biar  tarik pas akhir bulan  indonesia malah ngeluarin uang pecah ribu lagi jumlah   juta kaya mahal bayar desainer,1
hut  ri perintah  bi terbit uang pecah rupiah ribu hari momentum,0
 barusan beli uang monopoli abang bwt anak sayaada pecah ribu gambar sama,0
uang baru pecah ribu resmi  terbit  ingat hut ri  tahun pictwittercomabnuxhbq,0
bila  berita   uang pecah ribu rupiah sah  alat bayar bila memang  radarbogorid  saran laku klarifikasi  ralat  berita  ,1
mbak baru lahir  apa enggak punya orang tua bank indonesia  tahun sekali  selalu bakal ngeluarin uang cetak batas contoh tahun lalu pas indonesia ngerayain merdeka  tahun ngeluarin pecah uang ribu khusus,0
bagaimana dampak cetak uang baru pecah rupiah ribu nila rupiah triliun  gera rupiah  ekonomi  simak   bahas sama amat ekonomi feb universitas padjajaran teguh santoso pictwittercomdagnhunq,0
perintah resmi luncur uang baru rupiah  pecah nominal rupiah ribu menteri uang menkeu sri mulyani tutur  terbit uang baru  rangka ingat hari merdeka indonesia ,0
baru tau kalo mau  uang pecah ribu bagus banget designnya pictwittercomvpeutnc,0
bi cetak juta lembar uang pecah baru rupiah ribu,0
uang pecah baru rupiah ribu bikin heboh warganet,0
wali kota kendari jadi orang pertama  sultra  punya uang pecah rupiah ribu,0
  punya uang pecah ribu,0
perintah resmi luncur uang baru rupiah  pecah nominal rupiah ribu menteri uang menkeu sri mulyani tutur  terbit uang baru  rangka ingat hari merdeka indonesia ,0
uang pecah rupiah ribu   milik masyarakat  tukar  laku  kantor bi  bank   tunjuk,0
nyata  makna filosofis uang pecah rupiah ribu kenal  ciricirinya bankindonesia kemenkeuri,0
uang pecah rupiah ribu resmi luncur  edar  masyarakat  alat bayar  sah,0
headline nasional menteri uang sama bank indonesia rilis uang kertas pecah ribu,0
begini cara milik pecah uang baru rupiah ribu taharr abengbabel robbyputrababel dedysbastiano kemenkeuri perekonomianri,0
ganjar pranowo  uang pecah rupiah ribu edisi merdeka indonesia nomor seri istimewa,0
hut ri  bank indonesia terbit uang pecah khusus rupiah ribu taharr abengbabel robbyputrababel dedysbastiano kemenkeuri perekonomianri,0
pecah uang rupiah ribu  mulai terbit  jadi    souvenir hut ri aja pintar   perintah,0
bi keluar uang baru pecah rupiah ribu  hari merdeka,0
mau  uang baru k begini cara  uang pecah baru rupiah ribu hut ri ayo buru daftar,0
uang baru edisi khusus hut  ri  pes  online lalu alamat website lalu bagaimana warga  dapat uang pecah baru rupiah ribu sebut lansir poster,0
soekarno hatta  pecah ribu trus  jadi tokoh  uang ribu sapa presiden sekarang,0
begini cara dapat uang seri khusus pecah rupiah ribu,0
cetak khusus  hut ri  tampak uang pecah rupiah ribu,0
hut ri bi luncur uang kertas pecah rupiah ribu,0
pecah uang rupiah ribu luncur  jadi souvenir hut ri aja  cerdas  perintah lewat repelita,0
pecah uang ribu bi ingat hut ri era baru merdeka bangsa  ingat tahun covid  segala kechaosannya,0
indonesia baru aja ngeluarin pecah uang ribu enggak  gitu  mau  satu,0
sobat muda tahu  si tepat ingat hut ri  hari  bank indonesia bi  menteri uang luncur uang kertas pecah rupiah ribu loh,0
pecah uang rupiah ribu resmi luncur amat bilang begini,0
bi cetak juta lembar uang pecah baru rupiah ribu pictwittercomrhdnikzf,0
sri mulyani tekan  resmi uang pecah rupiah ribu  bukan  tambah likuiditas perintah  murni ingat hut ri ,0
begini cara dapat uang pecah rupiah ribu edisi khusus merdeka,0
uang rupiah kertas pecah rupiah ribu rupa alat bayar  sah legal tender  sekaligus rupa uang ingat commemorative notes  wilayah negara satu republik indonesia nkri,0
uang pecah ribu  tetep  pecah receh  buat naik ojol,0
begini cara dapat uang pecah rupiah ribu  tak edar bebas via tribunnews,0
bi luncur uang pecah baru rupiah ribu cetak juta lembar,0
batas   cara dapat uang pecah ribu,0
sah perintah  bank indonesia terbit uang kertas pecah rupiah ribu,0
bukan beli kak   tukar misal punya pecah uang nila ribu terus tinggal tukar aja  belum mesan tukar uang laku lalu taut,0
begini cara dapat uang pecah rupiah ribu gubernur jateng ganjar pranowo pamer uang edisi khusus hut  ri ,0
benar  gambar orang pakai adat cina  uang pecah rupiah ribu  fakta via tribunpadangcom,0
uang baru rupiah pecah rupiah ribu resmi luncur cetak juta lembar,0
ungkap uang ribu baru rupa sulit palsu  jelas  cara tukar via tribunkaltim,0
uang baru edisi khusus pecah rupiah ribu  baru  luncur tahu  cetak  batas  juta lembar bank indonesia jelas tata cara  masyarakat  milik uang,0
 tebak pecah uang ribu  nanti bakal jual   harga gilagilaan sama orang indon,0
ingat hut ri bi cetak juta lembar uang pecah baru rupiah ribu,0
jadi uang pecah ribu   buat transaksi  enggak kalo mau dapetin tuh uang pecah ribu nuker  beli jatuh ribu x juta yaa triliun yak,0
widih uang pecah ribu  baru kece ,0
saudara haedzar  beli baju baru  bawa uang pecah ribu banyak lembar berapa uang  milik haedzar mikir dulu,0
resmi edar uang pecah rupiah ribu cetak juta lembar serang bank indonesia resmi luncur uang tunai kertas pecah rupiah ribu banyak juta lembar   tanda tangan  menteri,0
selamat hari merdeka   tahun indonesia tanah air  luncur uang baru pecah ribu,0
 rangka ingat merdeka republik indonesia  bank indonesia keluar pecah mata uang khusus nila ribu rupiah uang baru  cetak  bentuk kertas banyak ribu lembar   jadi koleksi masyarakat pictwittercomptrqwwkn,0
 mau uang pecah ribu  beli  gue harga ribu aja pictwittercomilmlwolf,0
mau beli uang pecah ribu  tokped,0
bi resmi keluar uang pecah rupiah ribu tepat  hut ri  pictwittercomhqrdjohknh,0
bi cetak juta lembar uang pecah baru rupiah ribu pictwittercomywgxvzpy,0
enggak minat punya uang  kalo kasih  mau,0
random thought kalau mau beli uang an  shopee bayar berapa ,0
  bagi uang enggak,0
can bagi uang,0
info dong kl uang disebarin  bakal nambah jumlah uang edar,0
 ngobrolin soal uang papa    enggak juta aja  dijadiin lembar,0
uang ,0
ken punya uang an  baru,0
besok  bakal dapet uang  hahah rare  uang bosss,0
uang baru bagus  gambar,0
uang baru   koleksi bukan  alat transaksi tambah koleksi rupiah baru  momentum  tepat tahun merdeka  buat bisnis   bi  hasil jual  putar buat  ,0
gubernur ganjar pranowo jadi orang pertama  jawa tengah  terima uang pecah,0
uang pecah khusus ingat merdeka indonesia cetak juta lembar,0
hari inih rilis pecah uang pictwittercomxnsuccxd,0
fix kata gua harga mata uang  saing emas  kemudian hari,0
ken punya uang,0
alhamdulillah bagi  uang pictwittercomimxjwrjeo,0
 syarat  tukar uang khusus   ktp   tukar  lembar uang rupiah iseng cek data bps per hitung total umur  duduk arti  warga indonesia  punya uang khusus yaa pictwittercomkqmtybum,0
gaes kalian  mesen uang enggak,0
wagub sumbar uang baru   ingat hut ri  ri  edar bebas  masayarakat,0
wagub sumbar uang baru   ingat hut ri  ri  edar bebas,0
ily too uang baru gausah pake kembali,0
ini tampak upk seri tahun  nominal rupiah info uang  cetak banyak juta lembar arti  nilai   xjuta triliun enam ratus  puluh lima miliar rupiah  edar uwow pictwittercomqyhmezhe,0
uang pecah rupiah nya kok gemess,0
mulai besok cari uang  semua ecommerce  coba cek harga in my mind  bukan riba  uang  bukan buat transaksi    barang koleksi,0
bismillah moga   uang deehh,0
eh nyata enggak   tahun   tahun sekali  tahun  khusus ingat tahun merdeka ri upk tahun release seri uang logam emas  nila  rupiah  tahun  uang kertas  nominal yaa pictwittercombjthrnswx,0
baru tau kalo uang annya udh  sen  ditukerin pake uang biasa ken sih  nukernya jauh jadi kaya  gadibolehin  deh keluar kota cuma buat nuker uang,0
uang harga berapa gan,0
aduh uang  keren,0
si ibu ikut war uang,0
doetdoetdoet pictwittercomnnudicmkyc,0
bantu jawab jadi  bakal nerima uang  kalo  pesan  website resmi sesuai tentu bi nya nah  pesan enggak  lebih  pokok ktp lembar uang    wakil asal udah pesan  websiter resmi trus sama bawa ktp nya gitu,0
  niat dapat uang,0
uang  baru lucu bet dah warna,0
peruriid mesan uang edisi khusus  tukar umum  bank umum buka kapan  min  sekarang    bi,0
uang baru    punya pictwittercomulkgd,0
ungkap  orang pertama   terima uang baru rupiah,0
waah bagus uang lembar nyaa pictwittercompjxfhht,0
  dapet wo jelas iya krs aja dipantengin  uang xixixi pictwittercomunfxexolix,0
yah perintah cari uang  jual uang pictwittercomtoacedumeq,0
tahun ngeluarin uang gemas ,0
 liat uang,0
indonesia ultah ngeluarin merch uang keren  negara ,0
  mau uang lembar  baru,0
pecah uang baru pictwittercomucxtmcqxn,0
ken punya uang baru  pecah  lho lembar aja,0
helo kak uang  baru kalau  kasir indomaret ditaroh  laci bagi mana pictwittercomuehaqypfo,0
hadir uang pecah limited edition resmi simak video,0
ribut makna balik gambargambar  uang pecah mulai muncul,0
uang baru bank indonesia benar test note  bank note trending in indonesia asi network media,0
minta uang dong,0
coba aja  uang yallah,0
oke    dapat pecah uang rupiah,0
 ken uang,0
design uang bagus bgttt jd ken naik mobil ri,0
uang keren  estetik gitu  wajar lah kan buat koleksi,0
ken uang,0
hari  negara luncur uang kertas nilai rupiahitu  nunjuk ala mario teguh paham kakek,0
merdeka   punya uang baru lembar,0
desain uang mulai ni mungkin pecah jadi awal mula rebranding desain mata uang  baru,0
ken punya uang pecah rupiah deghhhhh,0
wahh bakal  uang pecah,0
uang baru pictwittercomomjndeyve,0
uang kertas rupaih lucu sekali,0
 uang keren  desain selamat hari merdeka ,0
uang gemes bngt,0
 allah ken dapet uang pecah,0
pgn cepet dapet uang baru,0
uang baru rupiah adl edisi khusus  rangka ingat merdeka tahun republik indonesia uang baru rupiah  rilis  bank indonesia tepat  hut  ri  senin agustus credit title tribunjogja pictwittercomciketsqtt,0
btw uang  baru kombinasi warna unik,0
gacha arknights gacha sbmptn gacha prakerja gacha dapatin uang baru,0
yeeeeaaayada mata uang baru coba sebut nama pakai adat  daerah mana aja  pictwittercomdqqxwbseei,0
bi mau nerbitin uang ingat hari  buru cari info prosedur tukar uang,0
mau dong uang pecah edisi ultah indo,0
min uang khusus batas  min,0
 allah sampe enggak   padang ken nyimpan dulu kagum banget ngeliat uang edisi spesial tahun  sama tahun  indonesia merdeka sekarang udah  uang rilis  allah ken nyimpan banget ken ngoleksii,0
lucu banget uang,0
uang bakal permanen apa bagaimana,0
mau banget uang,0
edisi mata uang baru pecah  sambut dirgahayu ri  pictwittercomqovbfwdzr,0
uang baru rupiah keluar bank indonesia bi  cara tukar  dapat uang baru pecah rupiah uang baru rupiah khusus   resmi bank indonesia senin agustus jokowi,0
selamat atas uang pecah baru kemenkeuri pictwittercometvfzejkb,0
uang baru rupiah,0
 ingat dirgahayu republik indonesia   bank indonesia rilis uang baru ikut tampil pictwittercomlkqbxhhj,0
hbd indonesia ayo beri  uang pictwittercompwexdrqwq,0
bank bi keluar uang,0
hadir uang pecah limited edition resmi simak video,0
tanggal agustus  uang baru    luncur teman jadi sini  coba arti arti  makna  kandung  uang ribu  btw lanjut video  cek link ytb pictwittercomosdzlh,0
uang buat beli popcorn sama film pas,0
ayah pecah udah  jadi uang jajan  pliss,0
be smart guys besok  launching uang seri khusus nominal  corak unik eh  bilang mulai  edar lah nyangkutin  politik lah hei iqro  banyakin referensi hp udah smartphone masak orang enggak smart sih udah  aja deh pictwittercomfqqhdfbw,0
guys udah  tau enggak indonesia mau ngeluarin uang kertas baru  nominal tepat banget  umur merdeka indonesia   pictwittercomebwjjed,0
 apa besok bi ngeluarin uang pecah edisi ultah indo,0
wah uang baru design nya cakep,0
beneran nih bakal  uang jiwa kolektor muncul,0
uang kalo mau bendel juta ngga  genep yha,0
 buat atm  uang ,0
uang  siapa  cetak  pictwittercomxnlhxcvin,0
uang pecah edisi ingat hut  republik indonesia uang  cetak banyak jt lembar  bi  resmi  edar besok senin agustus pictwittercompmvnnbost,0
uang   pictwittercomwhynfxwh,0
sederhana nilai mata uangredenominasi k,0
 apa uang pecah lucu banget kayak dolar ala ala sjjeedinsus mau,0
terus cara dapetin uang baru gimana kan enggak  atm pecah,0
lucu bgtt uang baru indo,0
uang lucu bet,0
uang baru lucu banget gemess pictwittercomfrkydtrknh,0
 rame uang  bakal dilaunching besok pas  ingat angka nol buat kecil mungkin  siap redenominasi kalau bener   keren sih desain uda titip sama sodara  kerja  bank  bilang gpp  beli per lembar ribu,0
sumpah  uang cubang ilustrasi,0
tampak uang baru nominal jadi kalau kembali cuma lembar aja pictwittercomnjdarwqi,0
bankindonesia mau nanya  benar bi keluar uang  nominal pictwittercomddnsipbdwy,0
uang kartal baru nanggung banget  design nya bagus kilas kayak ringgit pictwittercomyrfrnhme,0
uang spesial rupiah  rangka hut ri  keren  desainyaa pictwittercomudzruieifl,0
desain uang baru pecah edisi khusus merdeka  republik indonesia pictwittercomgekhfskkd,0
what is your favorite party game have a look on clumsyrush pictwittercomcqnpdqb,0
awal dr tiktok terus cari berita online nemu  twitter serius unik lucu warna langsung ken punya rilia besok pictwittercomkgbfybds,0
 temen  gatau  rupiah pecah  enggak main twitter,0
telat  gacha rupiah,0
beneran nih bi ngeluncurin pecah rupiah wuih mantap lah enggak  alas buat ngeharga ,0
another interesting entit  duit koleksi rupiah nila   entit budaya  suku dayak rumpun ibanik  kalimantan barat  pernah musuh  seringkali perang  iban   titis darah akhir  iaitu suku dayak kantu pictwittercomhqbxhasa,0
rilis rupiah  awal mula resesi ekonomi asia,0
rilis rupiah  awal mula resesi ekonomi asia,0
rupiah,0
 bakal  mesin atm baru dong pecah rupiah,0
uang baru rupiah,0
pecah rupiah edisi bung karno  bung hatta siap meluncurr pictwittercomywemquadsl,0
redominasi rupiah kyknya udah mulai jalan  mulai  angka rupiah,0
pecah baru rupiah tujuh puluh lima ribu rupiah udah cipta wkwkkwkw tq bang indonesia bi pictwittercomqibskdhc,0
sjdhdnkdemksls but yeah i know its weird too like why would you want to have a rupiah banknote,0
udah beberapa hari  brosing nanya ama gugel gimana cara nuker duit rebu keluar bi  rangka hut ri   pake duit rebu enggak da jawab,0
brawl chess coming soon follow to play brawlchess retweet if you play chess pictwittercomoflbgthdgt,0
waktu indonesia merdeka  thn indonesia dgn bangga luncur pesawat gatot kaca n waktu indonesia merdeka  thn dgn bangga luncur mobil   jelas wujud sampe sekarang    thn malah buat uang ribu utk souvenirtrus slogan indonesia maju,0
siapa  nih   ikut buru uang pecah rupiah ribu edisi ingat hut merdeka ri  fyi tukar uang pecah rupiah ribu  sangat ketat satu ktp   tukar satu lembar pecah uang ,0
gaji pake uang pecah ribu,0
bonsaibola situs percaya follow ig bonsaibola wa fb prediksi bola parlay wwwligabonsaiorang pictwittercomweleidq,0
bocah suku tidung  viral garagara wajah   uang rupiah ribu,0
masyarakat   dapat uang khusus rupiah ribu  akses  online  isi formulir  aplikasi pintar ,0
 rangka merdeka ri  bank indonesia luncur uang kertas pecah rupiah ribu baru  sembilan baju adat  uang sebut  provinsi apa ,0
tahun  kado nya  uang ributerimaksih,0
 tiga fakta baru kait uang khusus rupiah ribu  luncur  rangka ingat hut  indonesia apa  cek  sini lengkap via detikfinance,0
sus punya indonesia cuma duit lama rban gbr pa harto bolak balik tetap senyum,0
uang rupiah ribu buru antre  bi malang full  bulan depan via radarmalang,0
ribu lembar uang khusus pecah rupiah ribu sedia  bi tasik,0
ribu lembar uang khusus pecah rupiah ribu sedia  bi tasik,0
cara tukar uang baru rupiah ribu edisi khusus  bi  bank umum catat tanggal  syarat,0
jelas lengkap bi soal uang baru ribu rupiah,0
play let the fun begin like rt click did you see it pictwittercomaefixr,0
 tiga fakta baru kait uang khusus rupiah ribu  luncur  rangka ingat hut  indonesia apa  cek  sini lengkap,0
silah   butuh uang kuno rupiah  lengkap mahar nikah sedia koin kertas pictwittercomxiydyoatcw,0
jelas lengkap bank indonesia soal uang baru ribu rupiah,0
catat  cara  uang rupiah khusus hut ri bank indonesia bi baru  terbit uang ingat merdeka tahun  nominal rupiah ribu begini cara dapat pictwittercomozqvbuqc,0
pecah uang rupiah ribu buru warga,0
 fakta balik uang baru rupiah ribu,0
topprestasi hebat lahir buzzer memusiumkan pesawat gatotkaca buat habibie  cetak uang pecah ribu mungkin   hari libur nasional buzzer,0
talent uang pecah ribu rupiah viral  media sosial,0
tekhnologi canggih apa  terus ter update tahun    keluar uang ribu,0
uang ingat merdeka upk  nilai pecah rupiah ribu dapat sambut luar biasa  masyarakat khusus  jawa timur jatim bahkan ratarata antri   aplikasi pintar hingga  tanggal,0
kemarin nganter bapak butuh uang kurang lebuh ribu tes sehat ribu psikotes kalo gasalah ribu terus biaya panjang ribu,0
warga desa adat tenganan pegringsingan kabupaten karangasem bal rasa bangga  waris budaya tampil  uang kertas pecah ribu waris budaya sebut  kain gringsing morinagaid pictwittercomuouycjfxc,0
son minta uang ribu,0
coba kalian cari lebih dalam kena baju adat   bicara  depan publik wahai kaum netijen,0
kenal kain bal kuno  uang pecah ribu  baru pictwittercomhtrlxjck,0
  loh langkah penukarang uang rupiah,0
kenal sina anti muncul  uang pecah rupiah ribu pictwittercomtvmdwqhg,0
daftar bank umum  buka tukar uang baru rupiah ribu edisi khusus hut  ri,0
 rangka ingat hari merdeka indonesia   genap tahun bank indonesia bi luncur uang rupiah khusus rupiah ribu  senin lengkap ,0
giveaway uang baru ribu gess,0
uang baru rupiah ribu edisi khusus  jadwal tukar  bank mandiri bni bri bca cimb niaga via tribunkaltim,0
rencana sejak lalu  lho uang kertas ribu rupiah  hut  merdeka ri,0
rencana sejak lalu  lho uang kertas ribu rupiah  hut  merdeka ri,0
they say its one of the hardest logic game ever levels global ranking try now pictwittercomjrmyus,0
tukar uang baru rupiah  lalu bank mandiri bni bri bca  cimb niaga  jadwal via posbelitung,0
new post uang rupiah ribu ludes has been published on rakyat sulsel pictwittercomcnwfnxbqz,0
bank indonesia bi luncur uang khusus  rangka ingat hut merdeka ri   uang sebut terbit  bentuk kertas  nominal ribu  cetak banyak juta lembar baca lengkap  website ,0
angka pecah uang baru sandi rahasia asing misleading content edar buah narasi  sebut pecah uang rupiah ribu  angka lebih besar  tiga angka nol kecil  sandi rahasia pictwittercomlcynzbxqo,0
 tukar uang ribu  bank indonesia cepet banget penuh jadwal,0
uang pecah rupiah ribu bukan   terus buru masyarakat  tuai kontroversi kait salah satu pakai  kena anak  gambar kenal sina anti artikel asli muat  mitra teras solotrust,0
narasi soal pakai adat cina  uang pecah rupiah ribu seword opini,0
ayo kak ngobrolin pecah uang ribu yuk,0
masyarakat antusias dapat uang edisi khusus rupiah ribu pictwittercomnvqulnvi,0
masuk enggak  salah satu gambar uang juta ehribu pakai adat,0
gubernur kaget busana adat  uang rupiah ribu bikin heboh,0
gubernur kaget busana adat  uang rupiah ribu bikin heboh,0
gubernur kaltara irianto lambrie jelas baju  suku tidung  uang pecah rupiah ribu edisi khusus ingat tahun merdeka ri irianto kritik pihakpihak  tuding perintah salah cetak,0
sumringah ungkap sosok bocah pakai baju adat tidung  uang rupiah ribu,0
uang pecah rupiah ribu produksi batas  ingat hari merdeka indonesia uang  langsung ramai cari    jelas psikolog via detikhealth,0
reddeergames giveaway anyone can have a chance to win this awesome game prize pack complete your entry here pictwittercomfoviuxcy,0
did you see it let the fun begin pictwittercomuqtsvytlch,0
gubernur kaltara irianto lambrie jelas baju  suku tidung  uang pecah rupiah ribu edisi khusus ingat tahun merdeka ri irianto kritik pihakpihak  tuding perintah salah cetak,0
 cerita tarik  potret anak baju adat  tampil  uang baru rupiah ribu nyata potret  langsung  rahasia lho begini cerita,0
wakil direktur utama pt bank mandiri persero tbk hery gurnadi nyata pihak siap kantor cabang  sebar  seluruh indonesia  tempat tukar uang baru pecah ribu,0
cetak buang karna enggak   pakek belanja hehe a eh punya uang ribu baru enggak b    kalo mau gantiin aja rb pictwittercomrduavca,0
 mau buat aplikasi nama rupiah isi cuma foto uang ribu  baru tampak depan  belakang jadi   suka desain  enggak bagi uang tinggal download  nikmat indah uang ribu pictwittercomkgyzmvk,0
bamsoet sebut uang baru rupiah ribu  picu aksi palsu,0
kenal suku tidung negeri sabah    uang baru rupiah ribu,0
idtoday news jubir presiden ungkap identitas bocah sipit  uang baru rupiah ribu,0
bank indonesia luncur uang baru ribu rupiah pictwittercomcizpbibdc,0
daftar uang baru ribu untung dapet  rebut  dapet tanggal september itungan menit udh penuh aja pictwittercommojkvpjxha,0
sqw kalian udah punya uang ribu baru,0
jubir presiden ungkap identitas bocah sipit  uang baru rupiah ribu,0
viral cerita warganet jadi orang lima  dapat uang baru rupiah ribu  bal,0
ilingo rek ribu  pajang bi  enggak langsung tarik uang   edar coz resesi  q indo klo enggak tarik  ditakutin malah deflasi in case memang  bagai cara buat big no deflasi salah satu narik uang  terbit uang baru,0
viral uang baru edisi ulang tahun ri nila rupiah ribu jual bebas  ecommerce  harga rupiah jt,0
viral cerita warganet jadi orang lima  dapat uang baru rupiah ribu  bal,0
marketplace ecommerce shopee indonesia turun iklan  jual uang baru rupiah ribu harga juta rupiah,0
potret izzam athaya bocah pakai adat tidung  uang baru rupiah ribu pictwittercomhmvlnrfzc,0
 raya hari merdeka indonesia   tahun bank indonesia terbit uang kertas baru  nomimal ribu rupiah  nyata tahu kamu  buat uang  indonesia perlu proses,0
akses  dapat uang baru rupiah ribu cari jadwal hingga september,0
baru hari luncur uang baru rupiah ribu temu jual online juta rupiah,0
waduh mesan tukar uang baru rupiah ribu full hingga awal september bank indonesia,0
kepala kantor wakil bank indonesia provinsi sumatera utara wiwiek sisto widayat kata  orang dapat uang baru rupiah ribu  hari pertama tukar uang ingat merdeka upk   sumatera utara,0
uang baru  nilai ribu   dipake belanja kan  arti berita beberapa waktu lalu perihal cetak uang baru realisasi ,0
jubir presiden ungkap identitas bocah sipit  uang baru rupiah ribu,0
juru bicara presiden fadjroel rachman ungkap identitas anak kecil mata sipit  uang khusus rupiah ribu  baru  terbit,0
akses  dapat uang baru rupiah ribu edisi khusus hut  ri via tribunlombokcom,0
link berita ekonom nilai uang baru rupiah ribu tak pengaruh inflasi,0
izzam sang model pakai suku tidung  uang kertas baru ribu rupiah,0
  punya uang baru ribu enggak sini  beli ribuu,0
bank indonesia umum  uang rupiah baru nominal rupiah ribu   belanja  laris  hari  depan selot tukar penuh,0
bapa  nyuruh beli uang ribu baru bilang kemaren pdhl udh abis dr kapan tau,0
coba sebut pakai adat  daerah mana     uang ribu baru silah sebut daerah asal terima kasih jawab   hadiah,0
 orang dapet uang ribu aja udah senangada orang dapet nilai udah senangada orang  makan  restoran udah senang jangan rusak senang orang  pake baru gitu aja udah senangnorak derajat senang tiap orang  bedabeda just left others be happy,0
uang baru rupiah ribu mulai edar  timika   stok pictwittercomfahjihdwd,0
tengah malem bangun anak wedhok nanya ma knp musti  uang baru  ribu  ngga kemarin kemarin  ngga ribu ribu  musti pas ulang tahun  is so special pingin deh tanya  bi owalaqqh nduk mbuh ah jam gin nanya,0
uang baru rupiah ribu cetak banyak juta lembar,0
sempet harap redenominasi rupiah  keluar desain uang ribu  baru nyata desain kek gitu cuman penting estetika doang,0
ih ken uang ribu  baru keren banget,0
bi pasti jumlah uang baru rupiah ribu cukup  masyarakat adakita new pictwittercomnlbjzoygb,0
bi pasti jumlah uang baru rupiah ribu cukup  masyarakat adakita new pictwittercombcrwsxiym,0
ken pake banget punya uang ribu  baru,0
  mau uang ribu baru enggak kondisi  kenceng  masuk dompet jual harga ribu aja net,0
ken banget punya uang ribu  baru,0
nuker bareng yuk uang ribu  baru,0
gagal dapetin uang ribu baru,0
ken punya uang ribu  baru   bikin ktp,0
uang baru rupiah ribu anggap  tanda redenominasi sejak awal tahun rencana redenominasi  ungkap  menteri uang   sebut   tahu lanjut hingga ,0
ken  punya uang ribu baru,0
ken uang ribu  baru pictwittercomxjohwkb,0
lgi nungguin mutualku  udah punya uang ribu  baru fotoin yakkk,0
 punya uang rupiah  baru  minat pm aja  jual ribu lembar,0
bi louching uang rupiah ribu baru pertama edisi khusus hut ri  satu ktp  tukar satu,0
kata siapa uang ribu  baru  keluar bukan rupa alat bayar  sah kurang baca nih  nulis nder,0
 baru merhatiin gambar uang ribu gegara  mf ,0
bocah pakai adat tidung  uang baru rupiah ribu nyata potret bukan  tempat biasa via tribunkaltim,0
tampar keras buat netizen curiga busana china  uang baru rupiah ribu padahal baju adat tidung tolong  cari tau dulu makanya  komen,0
ken punya uang ribu  baru,0
pakai adat tradisional  uang baru ribu  kiri  kanan aceh sumatera melayu riau sumatera jawa dayak iban kantu kalimantan tidung kalimantan rote nusa tenggara gorontalo sulawesi malu biak papua pictwittercomrtcjmqoyx,0
uang ribu baru  sahkan  alat bayar ap cjman marchendise,0
heboh kira baju adat china bi beber proses tak sembarang tampil suku tidung  uang rupiah ribu via tribunkaltim,0
baru rilis uang baru rupiah ribu jual juta rupiah per lembar  online via idws,0
tahap mesan  syarat tukar uang baru rupiah ribu spesial hut ri  bagi gelombang via tribunjatim,0
emang asli uang baru rupiah ribu harga berapa,0
dah dapet uang ribu baru lom,0
kamu mau  uang baru rupiah ribu cek  sini,0
fakta  hoaks benar  uang baru rupiah ribu  gambar baju adat cina,0
uang baru rupiah ribu mulai jual  ecommerce gin harga,0
siapa  mau uang ribu baru,0
bi rilis uang baru nila rupiah ribu wujud redenominasi rupiah pictwittercomujvaqs,0
bank indonesia bi pasti  uang baru rupiah ribu ingat hut ri    cetak lebih  kuota awal  juta lembar cnnindonesia,0
apa  makna uang baru rupiah ribu  jelas,0
kamu mau  uang baru rupiah ribu cek  sini,0
kamu mau  uang baru rupiah ribu cek  sini,0
tanya jawab putar uang baru rupiah ribu begini cara dapat kini,0
kamu mau  uang baru rupiah ribu cek  sini,0
wait uang ribu baru    pagi sampe siang bikin video buat lomba jir jadi kaga baca berita,0
uang rupiah ribu   tukar  bi oktober baru  bankbank,0
uang baru nila ribu rupiah emisi gambar capai bangun  thn merdeka ri optimisme fokus songsong masa depan dng modal bineka  sdm unggul  minat  dapat dapat info  pictwittercomkjluvyuss,0
uang baru nila ribu rupiah emisi gambar capai bangun  thn merdeka ri optimisme fokus songsong masa depan dng modal bineka  sdm unggul  minat  dapat dapat info  pictwittercomsfiiojhig,0
kabar uang pecagan ribu  baru sebut   guna  kalau iya benar terus buat  apa jokowi fahiraidris dprri fahrihamzah hrscenter cutesylvia felixsiauw hamdiulukaya,0
bi uang baru rupiah ribu tak  hubung  redenominasi,0
 dapat uang baru rupiah ribu masyarakat  ikut syarat tentu salah satu milik kartu tanda duduk ktp   milik ktp   tukar lembar upk tahun ri  pictwittercomsjnidebv,0
bi baru  luncur edisi uang khusus  ingat tahun merdeka ri  dpt uang rupiah rupiah ribu tsb  syarat,0
ribu orang  pesan uang baru rupiah stok aman,0
bi pasti uang baru rupiah ribu cuma cetak juta lembar,0
uang baru ribuselembar begitudipegang ibu udh langsung habis buat belanja butuh rumah tangga,0
ken nukerin uang baru  ribu  jadwal penuh semua sampe bulan september,0
ribu orang  pesan uang baru rupiah stok aman,0
cara dapat uang baru rupiah ribu  syarat  mekanisme tukar brikut  cara dapat uang baru rupiah ribu dg mdh prhatikan syarat mekanisme  jdwl pnukaran uang baru rupiah nah   minat silah ikut syarat  mekanisme,0
tampar keras buat netizen curiga busana china  uang baru rupiah ribu padahal baju adat tidung,0
pikir positif semua gantung sisi pandang kalau   baik cari tau  tanya jgn langsung ambilkeputusan salah satu baju adat suku dayak dikalimantan    uang ribu ajar  diri sendiri baru nilai orang ,0
uang baru rupiah ribu  cetak batas minat,0
cetak batas  prosedur dapat uang baru rupiah ribu,0
keren tampak uang ribu  edar  masyarakat  ingat hut ri,0
 hari merdeka kemaren indonesia cipta uang baru nila rupiah ribu  cukup buat beli sabun ershale  harga ribu hemat irit praktis ngga mahal bget lo paling erti ,0
kamu mau  uang baru rupiah ribu cek  sini,0
berita baru selaparangnews mata uang merdeka ribu terbit banyak juta,0
siapa  udah pegangpunya uang baru  ribu pgn punya,0
bank indonesia bi baru  terbit uang ingat merdeka tahun  nominal rupiah ribu masyarakat  punya peluang  milik uang sebut bagaimana cara dapat gubernur bi perry,0
catat  tata cara tukar uang baru rupiah ribu  kaltim kpfm samarinda bank indonesia bi luncur lembar uang rupiah ribu  senin agustus   tuju ingat hari ulang,0
catat  tata cara tukar uang baru rupiah ribu  kaltim kpfm samarinda bank indonesia bi luncur lembar uang rupiah ribu  senin agustus   tuju ingat hari ulang,0
ktp cuma  milik lembar begini cara dapat uang baru rupiah ribu,0
tamam talk viral ingat hut ri  bank indonesia terbit uang baru ribu,0
min uang baru ribu  buat jual beli enggak  kapan edar  masyarakat  mesan,0
bank indonesia bi baru  terbit uang ingat merdeka tahun  nominal rupiah ribu begini cara dapat,0
bank indonesia sebar ribu lembar uang baru rupiah  sulteng,0
amat kalau uang baru ribu tak  jadi alat tukar cerdas  perintah    jadi  souvenir hut ri aja  cerdas  perintah kata handri  hubung pojoksatu senin cerdas  craki bin licik,0
gubernur koster bangga pilih kain grinsing bal  uang kertas baru rupiah ribu,0
kapan uang baru rupiah ribu edisi hut  merdeka ri mulai  pes simak tanggal  syarat tukar,0
begini cara tukar uang baru edisi khusus hut ri nila rupiah ribu via rmollampung,0
wali kota kendari orang pertama  sultra terima uang baru rupiah ribu,0
makna balik uang baru ribu,0
begini cara tukar uang baru edisi khusus hut ri nila rupiah ribu,0
apresiasi dalam sampai  gubernur bal wayan koster atas pilih kain pegringsingan bal jadi salah satu motif  uang kerta rupiah ribu  baru  luncur  sebut sampai,0
news gubernur koster apresiasi pilih kain grinsing bal  uang kertas baru ribu rupiah ndash apresiasi dalam sampai  gubernur bal wayan kos via redaksi,0
masa tukar uang baru rupiah  jember panjang cek lokasi  waktu tenggat,0
tuju potret sengaja rahasia orangtua kaget  lihat wajah anak muncul  uang baru pecah rupiah pictwittercomqelgiczap,0
uang pecah baru rupiah kini mulai buru warga  koleksi pictwittercomxfxfamrdk,0
fakta putar uang baru pecah rupiah jual harga fantastis hingga ramai buru lewat tribunpontianak,0
uang baru pecah rupiah jadi buru warga pictwittercombduwiktuun,0
uang baru rupiah  mulai pes jam wib apa  makna halaman all,0
wali kota jayapura benhur tommy mano aku bangga jembatan youtefa   pecah uang baru sebut   apa  tampil  uang rupiah rupa buah capai bangun lama tahun indonesia merdeka pictwittercomdrxeyln,0
cara tukar uang baru rupiah edisi khusus  bi  bank umum catat tanggal  syarat,0
cara tukar uang baru rupiah edisi khusus  bi  bank umum catat tanggal  syarat,0
ikut cara  milik uang baru pecah rupiah edisi tahun indonesia merdeka pictwittercomuibfsvyqx,0
selamat pagi perintah baru  terbit uang pecah  rangka ingat merdeka indonesia tahun  siapa antara   punya pictwittercomtjqhyftnc,0
uang baru bank indonesia pecah rupiah sebut gaya dalung,0
cek fakta benar uang baru rupiah cetak pt pura barutama pictwittercomjbucygv,0
masyarakat imbau   khawatir  gelap mata  dapat uang pecah baru rupiah  luncur bank indonesia bi tepat  ingat hari merdeka negara republik indonesia  ,0
cerita potret rahasia anak baju adat  uang baru rupiah,0
baru tau  uang pecah baru whoa,0
apa cuma   baru tau nyata  uang baru,0
kalimantan tengah bagi jatah lembar uang pecah baru rupiah,0
cek fakta  benar terbit uang baru rupiah kait  sederhana nilai mata uang rupiah,0
ananda saubaki anak asal kupang  foto pampang  uang baru rupiah   orang tua tely aku bangga  anak ananda  lihat dalam uang kertas pecah rupiah  tentu  edar luas tanah air,0
ananda saubaki anak asal kupang  foto pampang  uang baru rupiah  bi sama menteri uang  senin agustus luncur uang baru pecah rupiah  rangka ingat merdeka  republik indonesia pictwittercomvnjacycg,0
uang baru rupiah  mulai pes jam wib apa  makna halaman all,0
uang baru pecah rupiah,0
uang baru pecah rupiah,0
cerita  balik potret anak  uang baru rupiah kejut bangga jadi sejarah pictwittercomsaijobic,0
uang baru pecah rupiah,0
antusiasme  uang baru pecah rupiah sangat tinggi masyarakat  tukar hingga september pictwittercomkjpuplpep,0
per oktober uang pecah rupiah  tukar  cabang bank mandiri pt bank mandiri persero tbk bakal fasilitas tukar uang rupiah baru pecah rupiah  kantor cabang  seluruh indonesia tukar  laku mulai,0
bank indonesia bi cetak uang baru pecah rupiah khusus  rangka ingat ulang tahun  republik indonesia ri,0
trending bisnis fakta uang baru rupiah erick thohir bangga rich brian,0
siapa sih  pertama kali ngeliatin uang  rasa ngeliat orang cina  situ  yakin betul negara mau naro gambar anak cina  tengah uang baru penasaran  orang nontonnya film apa sih,0
baju china  polemik  uang baru rupiah,0
 putar uang baru pecah rupiah  ramai buru panen duit segar,0
lihat tukar uang baru rupiah  kantor pusat bi,0
  udah ambil uang baru indonesia rupiah,0
uang pecah baru rupiah,0
  tau cara tukar uang baru rupiah,0
 rangka ingat hut merdeka ri  bank indonesia terbit uang kertas baru  pecah rupiah desain   edar  bebas  rencana  cetak banyak juta,0
 jatah juta lembar soloraya siap edar uang baru rupiah  masyarakat,0
kalo   punya uang baru rupiah  kata  salib  siap beli tunai harga lembar no tipu tipu,0
cek fakta  benar uang baru pecah rupiah bukan alat tukar,0
baru tau kalo pas hut ri kemarin bi ngeluarin uang nominal  unlimited   daftar dulu pict source kompas pictwittercomkztlehcw,0
berita trending ekonomi  bisnis panjang selasa agustus mulai  lima fakta uang baru rupiah,0
uang baru rupiah jual rupiah juta  kata bukalapak,0
top tekno uang baru rupiah jual mahal  shopee sedot perhati,0
uang baru rupiah edisi khusus luncur begini cara dapat cara milik uang baru pecah rupiah  cetak batas,0
uang juta  tuker sama uang   mau pictwittercomwanahoyj,0
alhamdulillah guys  palu arit ketemu kemaren sekarang lambang salib nya dah ketemu kristen   mulai  uang  baru pictwittercomkenxlqgvhz,0
  anak  kira pakai adat cina  uang baru rupiah yan lewat youtube,0
cek fakta benar  gambar pakai adat china  uang baru rupiah pictwittercomxitihfu,0
bank indonesia bi keluar pecah uang baru  nominal rupiah  raya hut  ri senin kemarin bi cetak banyak juta lembar uang pecah baru sebut masyarakat  ,0
heboh harga langit uang baru rupiah  ecommerce,0
tukar pecah uang baru rupiah batas orang per hari  september,0
viral uang rupiah sebut tampil baju adat china fakta  kaltara kalimantan utara edar narasi  sebut salah orang  uang baru pecah rupiah pakai baju adat china ,0
bukti   sering lihat tampil  nilai   rasa bangga dapet uang cetak baru,0
ikut halhal putar uang baru pecah rupiah  ramai buru mulai  istimewa hingga cara simpan,0
berita soal uang baru rupiah  pakai  belanja hingga dapat anak sipit  rupiah khusus  jadi berita populer,0
dapat mu pye lur uang edisi khusus merdeka pecah rupiah baru terbit satu hari lalu    dagang  toko online  jual uang sebut  harga rupiah juta ,0
belum dasar pantau banyak  seller  jual uang baru rupiah  aplikasi shopee,0
bank indonesia bi terbit uang baru pecah rupiah khusus  rangka ingat ulang tahun  republik indonesia ri uang spesial hut merdeka ri sebut kabar   pes mulai senin pukul wib pictwittercomphdqbmzgn,0
ungkap sosok asli bocah  uang baru rupiah sempat bilang netizen pakai pakai adat china pictwittercomkutoyxyjo,0
ini sosok ananda saubaki  wajah   uang baru rupiah edisi merdeka,0
ken jadi uang buliar  rebutin orang trus  sayang,0
banyak orang  kurang kenal budaya negeri sendiri  sok tau siar kabar dusta  anak china busana adat china  uang baru rupiah  fakta pictwittercomhdwddggefk,0
uang baru pecah rupiah begini cara  syarat dapat berita jawa timur,0
review uang baru rupiah part pictwittercomfltdcrsnx,0
kisah anak asal kupang  foto pampang  uang baru rupiah,0
anak asal kupang  foto pampang  uang baru rupiah,0
nama muhammad izzam athaya anak sd  tara kalimantan utara  sedang kena baju adat suku tidung kaltara foto izzam  lembar uang kertas baru pecah ramai bincang pictwittercomocbyxgk,0
dapet  uang baru rupiah pictwittercomtnxyrzkezf,0
orang pd ngeributin mata sipit orang anak  uang koleksi rupiah  baru aja dikeluarin bi while im feeling happy to see his purely happiness being one of indonesias history for the rest of his entire life really,0
info gaes gambar   uang baru rupiah  baju adat suku tidung kalimantan utara kaltara bukan baju adat cina jelas  lur yuk cerdas  sosial media pictwittercomoozlmoa,0
jadwal tukar uang khusus rupiah  penuh cek laman tukar  httpspintarbigoid via posbelitung,0
kawan tunai  rame soal pecah uang baru nih  kalau bukan pecah edisi khusus rupiah mau tahu beberapa fakta balik uang pecah  yuk  bahas thread pictwittercomouzstshij,0
 ramai tukar uang cetak baru kamu g mau ikut nda ah baik beli buku uang   tukar  pecah uang  antusias gmululu  ikut  sedang ramai cukup kontribusi nyata dari  negeri ter,0
antri tukar uang baru rupiah periode pertama  bi kaltara  penuh september,0
baru tau  uang pecah  keluar baru,0
kqlo enggak mau nerima uang baru baca rupiah   gambar anak mata sipit kira anak cina mending  uag buat  aja gitu aja kok repot,0
bilang  pakai adat china  uang baru rupiah orang  hujat,1
jadi tukar uang rupiah  sama hal   tukar uang  biasa   dapat denominasi baru  uang kertas rupiah,0
bank indonesia bi keluar pecah uang baru  nominal rupiah  raya hut  ri senin kemarin bi cetak banyak juta lembar uang pecah baru sebut masyarakat  ,0
kirakira uang baru timbul prokontra enggak ,0
astaga uang baru rupiah jual  online shop harga juta,1
apa  doang  engga excited sama uang baru rupiah,1
  perlu tahu soal uang baru pecah rupiah  makna ciri hingga cara mesan   perlu tahu soal uang baru pecah rupiah  makna ciri hingga cara mesan bank indonesia bi,0
  perlu tahu soal uang baru pecah rupiah  makna ciri hingga cara mesan,0
kait mata uang rupiah baru satu hari luncur  fakta tarik ras ono gambar pakai adat china gaple gaple nyang e commerce wes dol hargane bas  puluh juta oalah lah,1
untung  ribut uang tau baju adat suku tidung tau duduk kalimantan banyak  sipit tau  provinsi baru kalimantan utara,0
uang baru edisi khusus rupiah   sempat jual rupiah juta  ecommerce,1
sadar kalian kalau produksi uang baru  uang cinderamata  alas  perintah narik uang  rakyat jadi  kalian  beli uanh sebut  sumbang pictwittercomrqpaivfc,0
bankindonesia bagaimana cara dapat uang rupiah baru    daerah  tdk  ktr wakil bank indonesia,0
kabar viral soal baju adat cina warna uang baru pecah rupiah kepala departemen kelola uang bank indonesia  bi marlison hakim jawab tanya jumlah warganet soal pakai adat  tampil,0
simbolsimbol  anggap janggal publik  uang baru rupiah,0
cetak uang baru seri koleksi rupiah mungkin mungkin lho  benar  bijak cetak uang baru  krn seri koleksi orang sayang utk belanja shg tdk pengaruh  inflasi bi   himpun dana masyarakat dr uang  tukar utk beli uang baru,1
astaga uang baru rupiah jual  online shop harga juta,1
cara mudah dapat uang baru pecah edisi khusus bi bloggercrony,0
fakta kena uang baru pecah rupiah apa ,0
shopee hapus jual uang baru rupiah  layan,0
mas kaesangp dah punya uang  baru bom,0
uang pecah  baru luncur bi jual dagang  aplikasi online,1
bukalapak minta  guna  lapor akun  jual uang baru pecah rupiah,0
 umma jumlah relatif kecil  rupiah x jt lembar rupiah t lagipula utk dapat   tunai  arti uang  edar  masyarakat kurang rupiah t ganti dg uang  baru tsb jadi tdk dampak inflatoir,0
bukalapak  hapus jual uang baru rupiah,0
edar narasi  sebut salah orang  uang baru pecah rupiah pakai baju adat china begini fakta,0
hoaks  fakta benar dapat gambar suku adat china  mata uang baru rupiah,1
edisi uang baru pecah rupiah terbit  bi  bentuk lembar bukan koin lantas bagaimana cara simpan  baik,0
orang  punya uang baru cuma buat koleksi kalo  sih mending beli beras,0
 mau milik uang rupiah  baru keluar  apa daya  ndak punya uang,0
ken daftar buat dapet uang baru eh waktu ambil udah penuh enggak jadi deh,0
uang baru rupiah  transaksi  koleksi bankindonesia,0
mau tuker uang baru ehh  ngambil nya paling deket jogja kalo enggak solo  kaga jadi,0
uang edisi khusus merdeka pecah rupiah baru terbit satu hari lalu    dagang  toko online  jual  harga tinggi via detikfinance,0
uang baru kata kadrun  gambar baju adat cina  allahsemakin lama koq idupnya makin tolol yamiris liat,1
uang baru rupiah jual juta rupiah  shopee cs legal,1
baju adat tidung    uang baru rupiah bukan china,0
rupiah pecah uang baru keluar bi agustus kemarin  cinta sama kamu bukan cinta sama   ini,0
 satu hari kuota tukar uang baru rupiah banyak lembar,0
ancam pidana tahun  palsu uang baru rupiah pictwittercomyheainxjjd,0
bi purwokerto alokasi juta lembar uang kertas pecah baru rupiah suaramerdeka,0
luncur uang baru rupiah sekdaprov  moment luar biasa,0
bank indonesia luncur uang pecah baru rupiah edisi hut ri  pictwittercomnruigxqdh,0
 cetak juta lembar  fakta uang kertas pecah rupiah  baru luncur,0
mau tuker uang baru rupiah   bank  ,0
apa   uang baru pecah,0
bank indonesia  bi  resmi terbit uang baru khusus  ingat hari merdeka indonesia  uang sebut jenis uang kerta  pecah rupiah  tahun emisi pictwittercomfsmvigfhx,0
syarat  cara tukar uang baru rupiah  bank indonesia lewat tribunnews,0
viral uang rupiah sebut tampil baju adat china fakta  kaltara jakarta edar narasi  sebut salah orang  uang baru pecah rupiah pakai baju adat china  pasti ,0
  udah punya uang baru rupiah,0
uang  baru kirakira  beli buku kobam apa aja  kamu  penasaran  mau bamin kasih tau paket hemat bales twitt     kasih gambar  link beli,0
kalian milih mana nih  kasih uang baru  kinclong  uang  jelek nya minta ampun pictwittercomcrvpwkv,1
uang baru rupiah  edar   spesifikasi,0
orang  daftar tukar uang baru rupiah edisi khusus,0
 mau tuker uang baru rupiah   bank   bankindonesia,0
 ramal  beberapa hari  tebar orang bikin story uang baru,0
viral netizen tuduh salah satu baju adat    gambar uang rupiah asal  china   fakta via detik,1
bank indonesia respons narasi viral  sebut  baju adat china  uang ingat merdeka tahun republik indonesia rupiah bank indonesia tegas   benar,0
thn h tba notif bunyi  pakai adat cina  uang  baru  enggak lama negara hancur krna receh media nih,1
tahun negara merdeka nyata  baru  hasil uang lembar rupiah,1
desain baju adat  dapat  pecah uang baru  nominal rupiah  bukan baju china    rupa busana pengatin tidung tara,0
 cara tukar uang baru rupiah  bank indonesia,0
warga bandung  antusias  uang pecah baru rupiah,0
bi solo  jatah juta lembar uang baru rupiah edisi merdeka pictwittercomptpshbziu,0
bi solo  jatah juta lembar uang baru rupiah edisi merdeka pictwittercomplusslvsl,0
bi solo  jatah juta lembar uang baru rupiah edisi merdeka pictwittercomxfjfuhi,0
bank indonesia rilis uang baru pecah rupiah  rangka ingat hut ri   bagi belakang pecah uang ingat merdeka  dapat gambar anakanak indonesia lengkap  baju adat pictwittercomoxmjaezgqy,0
apa perlu  jadi uang baru pecah rupiah biar  uber sama kamu,0
curhat ibunda ananda saubaki bangga foto anak pampang  uang baru rupiah,0
uang baru nominal rupiah spesial hari merdeka  ri  mulai  pes hari senin sejak pukul wib mesan sendiri bagi jadi  gelombang periode mesan tukar,0
uang baru rupiah jual  ecommerce harga juta rupiah,0
viral uang rupiah sebut tampil baju adat china fakta  kaltara,1
baju adat tidung  kaltara  tampil  uang hut tahun ri rupiah sempat viral sebut baju adat china  kenal baju adat tidung ,0
ananda saubaki anak asal kupang  foto pampang  uang baru rupiah cari berita  klik sini pictwittercomsviyzf,0
agustus media brifinng  bankindonesiakpwdiy kait bank indonesia bi terbit uang baru pecah rupiah khusus  rangka ingat ulang tahun  republik indonesia ri,0
baru   terima lembar uang pecah rupiah  kemas  bentuk plakat  kepala kantor wakil bank indonesia kpw bi provinsi kalimantan utara yufrizal  ruang rapat gubernur  tanjung,0
uang baru rupiah pertama  darat  jawa tengah punya nomor seri unik  langka orang pertama milik uang baru rupiah pertama  jawa tengah  gubernur sendiri ganjar pranowo uang baru ,0
kantor bi    slot tukar uang baru rupiah,0
bank indonesia terbit nominal pecah uang baru  perlu  tahu  proses tukar syarat  makna  balik desain bankindonesia,0
kerja kadrun  ngehoax  logo hut ri anggap  salib nya lalu uang baru rupiah anggap  pakai china nya sekarang muncul  kerja haram,1
uang edisi khusus merdeka pecah rupiah baru terbit satu hari lalu    dagang  toko online  jual  harga tinggi,1
uang baru rupiah  mulai pes jam wib apa  makna halaman all,0
ken cepet cepet punya uang  baru,0
jumlah kantor bi  sepi minat uang baru rupiah minat tukar,0
  koleksi uang baru   isi dompet tebal  atm gendut aamiin,0
viral uang baru rupiah  unsur budaya china  jelas bi,1
hahaha  duga   beritaberita macem gin pas pertama tau   uang baru rb cek fakta benar  gambar pakai adat china  uang baru rupiah,1
bank indonesia ngeluarin uang baru rupiah  banyak juta lembar   distribusi  kantorkantor cabang masyarakat umum   ,0
heboh  pakai adat china  uang baru rupiah  fakta via antvnewsplus,1
salah satu wajah anak warna salah satu sisi uang baru pecah rupiah  resmi rilis perintah  bank indonesia kemarin nyata asal  kupang nusa tenggara timur  ntt,0
 uang baru rupiah  guna  alat transaksi  jelas bi,0
indonesian cocokologi as usual cek fakta benar  gambar pakai adat china  uang baru rupiah,0
uang baru rupiah  nih  kadrun  sibuk ngumpul pake kaca besar teliti kali aja  gambar salib  lambang pki,1
gokil shopee cs jual uang baru rupiah harga juta,1
 senang hati  bantu informasi bapakibu langgan tukar  bi mulai tgl agustus sd september  tukar uang baru pecah rupiah bi  tunjuk bank umum  mandiri bni bca bri cimb niaga mesan naomi,0
anjay  uang baru rupiah dong wkwkw,0
fakta kena uang baru pecah rupiah apa ,0
memang kalau dasar sdh benci tdk suka selalu suku agama  ras  kait politisasi suku agama ras  kapan  tdk pernah akhir edar narasi  sebut salah orang  uang baru pecah rupiah pakai baju adat china,1
baru tau kalo uang pecah cuma cetak limited jt lembar doang,0
perintah  bank indonesia kemarin  resmi luncur uang baru  pecah rupiah  ingat merdeka republik indonesia ri  ,0
nek enggak kresten yo cina mesti salah cek fakta benar  gambar pakai adat china  uang baru rupiah,1
mekanisme tikar uang baru   cetak batas cuma jt lembar pictwittercomucidczvhf,0
 uang baru rupiah gubernur sebut design uang  indonesia banget via radiomercury,0
 uang pecah baru lihat  bentuk  ketuker  uang sama,0
mau  uang baru rupiah edisi khusus hut  ri cek cara  sini,0
so here we are idr commemorative money of indonesia for celebrating years of independence,0
cara tukar uang  baru keluar bi,0
pakai adat  jadi polemik atas mata uang rupiah  baru bajar banyak  budaya suku bangsa  indonesia pictwittercompkahord,0
pt solid gold catat  cara  uang rupiah khusus hut ri catat  cara  uang rupiah khusus hut ri pt solid gold pt solid gold semarang bank indonesia bi baru  terbit uang ingat merdeka tahun,0
bilang  pakai adat china  uang baru rupiah orang  hujat,1
suuzon mulu yak heran edar narasi  sebut salah orang  uang baru pecah rupiah pakai baju adat china begini fakta,1
uang  edar  indonesia sekarang  triliun  tumbuh persen  bulan belum uang baru   cetak batas   triliun bakal nambah uang  edar besar which is not going to impact much,0
uang baru rupiah banyak buru warga  koleksi,0
tampak uang rupiah baru rupiah bawa duit pas dateng jangan pagi pas jam  tentu aja bawa ktp sama bukti mesan pictwittercomsrqdtxld,0
eh apanah harga mah sama cuma mulai  denominasi  uang baru kan cenah mau nebghilangkan tiga digit angka,1
begini syarat  tentu   tukar uang baru rupiah,0
eh beneran uang baru  dipake uwuwwwww banget mauk,0
edar narasi  sebut salah orang  uang baru pecah rupiah pakai baju adat china begini fakta,0
sahabat rpk bank indonesia bi terbit uang baru pecah rupiah khusus  rangka ingat ulang tahun  republik indonesia ri uang spesial hut merdeka ri sebut kabar   pes mulai senin pukul wib,0
 ciriciri uang pecah baru rupiah  rilis bi,0
uang nominal baru nominal rupiah  baru resmi rilis jadi sorot netizen ambil antri  lalu tinggal datang deh  bank indonesia tegal isi formulir deklarasi kena covid  tinggal tunggu deh pictwittercommeibk,0
nih   rame   uang baru cr tiktok bangeru pictwittercomlqpmqzueyz,0
berita trending ekonomi  bisnis panjang senin agustus mulai  sinyal redenominasi uang baru rupiah,0
duhhhbudaya sendiri aja tdk kenal sdh krg tahu provokatif lagihadewwe edar narasi  sebut salah orang  uang baru pecah rupiah pakai baju adat china begini fakta,1
periode mesan uang baru rupiah tahap  tanggal oktober selesai,0
ananda saubaki anak asal kupang  foto pampang  uang baru rupiah pictwittercomkpaoakvi,0
  pes  apa ciriciri uang baru rupiah pictwittercomwmnllphiu,0
uang baru rupiah  mulai pes jam wib apa  makna halaman all,0
 sampai bapak azrul  tukar uang baru pecah bi  tunjuk bank umum  mandiribni bca bri cimbniaga mulai tukar tgl okt  bank tsb tukar  bi mulai tgl agt sd sep lembar  ktp aji,0
gambar   uang baru rupiah  baju adat suku tidung kalimantan utara kaltara bukan baju adat cina pictwittercomksqwofoo,0
begini cara milik uang baru  cetak  jumlah batas via youtube,0
kalian udah tau kan kalau bi baru  keluar uang kertas  nominal rupiah mau dapet uang enggak bgini cara nukernya uang baru nominal rupiah spesial hari merdeka  ri  mulai ,0
ingat merdeka  ri bank indonesia bi  kemenkeu hari  luncur uang baru  uang lembar rupiah live kepala departemen komunikasi bi onny widjanarko,0
uang baru idnonesia moga  ikut uang beasiswa  mahasiswa doktor angkat besar per mahasiswa  ukt teliti disertasi uji  publikasi pictwittercomhmrfluooqu,0
masa  pecah uang baru anjay,0
sedihhh ken punya uang baru    gabisa pilih provinsi jawa barat malah ada  cirebon bandung tasik,0
eh bank indonesia nyata ngeluarin uang pecah baru  cuma  juta lembar  arti enggak  orang  indo punya uang  hmmmm ken punya,0
apa gue baru tau  uang pecah baru wow,0
uang baru rupiah  mulai pes jam wib apa  makna,0
baca  pak  web nya bi  uang nilai sama persis kalau tukar  bi  sama bawa dituker jadi satu lembar uang baru   kalau  kolektor  tangan dua mgkin udah dinaikin  diperjualbelikan,0
uang baru pecah rupiah  viral  media sosial akhir resmi rilis bank indonesia hari  senin rilis sebut laku  virtual  menteri uang sri mulyani  gubernur bank,0
uang baru mahal enggak si,0
adapun tempat tukar   kantor pusat bank indonesia  kantor wakil bank indonesia  negeri  seluruh provinsi  beberapa kotakabupaten periode mesan uang baru rupiah tahap  tanggal oktober selesai,0
bank indonesia rilis uang pecah baru rupiah  rangka raya hut  ri senin deputi gubernur senior bank indonesia destry damayanti kata uang baru sebut gambar proklamator ri,0
uang baru rupiah pertama  jawa tengah punya nomor seri unik  langka,0
bi bakal luncur uang baru pecah rupiah edisi tahun indonesia merdeka trending in indonesia asi network media,0
 sempat utk dapat uang baru nominal  bi tegal  tgl agustus pictwittercomlklggqrlc,0
guntur soekarno  mutia hatta orang pertama  terima uang baru pecah rupiah,0
  tanya  mohon klarifikasi  bankindonesia  kemenkeuri benar uang baru nila rupiah bukan alat tukar    belanja  berita  bawah  terima kasih ,0
mau dapetin uang baru aja  nunggu ampe september gila sih antusias manteb banget jam gin udah full schedule bahkan ampe awal september pictwittercomwrjcrcim,0
uang baru rupiah pictwittercommekgomarc,0
seperti  baru  megang uang pecah beberapa bulan ,0
 mau tukar uang baru tp uang cuma,0
lokasi tukar uang baru pecah rupiah  jawa timur simak syarat  waktu,0
uang baru rupiah  mulai pes jam wib apa  makna pictwittercomvlerzwzb,0
ayo tukar uang   uang pecah baru spesial hari merdeka republik indonesia  tukar  laku ,0
gimana nih mau uang  baru rilis,0
jastip uang baru paling murah  ig uang k lbr ambil lbr  k lbr,0
 pak jokowi  uang  baru gxx yhh,0
iya bener uang ribu kayak main hahaha keinget uang main jadi,1
tolol mending beli uang kertas togel uang main aja beli,1
hahaha uang aja jadi souvenir,1
emang bener uang bikin pecah uang jadi banyak aja,1
main  sangat cerdik biar enggak sangka ngemis  rakyat  dapat income,1
kampung lo   sebar uang,1
astaga sampe begitu sama uang rela ngantri,1
enggak  jir uang  sebenernya uang   bentuk koin perunggu perak  emas uang  kertas hanya hasil buah sepakat jual beli kalau sepakat koleksi  kertas kardus  ,1
sorry lur awal aja baru ujung ujung  kayak sampah busuk  ronyok tu uang ribu kayak uang k k keluar lalu,1
bangsat udah enggak  sen karna sold out  batas tanggal nukarnya,1
tukar uang tolol adu rezim tipu tipu,1
gatel lu uang segitu aja heboh norak suswu,1
  gebu gebu  uang baru ribu,1
anying kyi kayak uang main ribu,1
 uang ribu mau aja  bodoh bodohin,1
hahaha  uang apa main  sulit ditukernya padahal cuma ribu satu lembar,1
orang orang rela ngantri cuma  uang ribu satu lembar hahah kasi,1
istimewa uang apa si padahal cuma gitu gitu aja sama kayak uang  ,1
kok norak si uang,1
 terlalu fantastic  uang baru  sekarang ribu,1
bodoh uang asli sendiri tukar duit main,1
 pasu keluar  ribu duit jadi duit saking minus uang negara,1
asa beli kertas  uang ribu  gitu aja,1
uang nya  mudah lecek  kayak uang lain liat aja tuh ribu ,1
mau provokasi uang ribu  gagal,1
makin gelo aja ni uang edar nya,1
gimana mau maju  negara otakmya   dengkul,1
iuang ribu  ulah buzer bayar,1
orang indonesia emang  budaya nya bacot  gedein uang ,1
apa beda uang ribu warna sama kayak uang ratus ribu gimana  desain,1
uang ribu kayak uang  monopoli,1
kok  ganjel  ngeliat uang ribu ddengan tampil  ,1
 bisa bi rilis uang pecah baru dar  raya hut ri,1
desain nya  aneh  kereta mrt serasa baru punya kereta indonesia  hahaha,1
uang ribu   gambar   adil  provinsi  ,1
trigger inflansi tuh duit ribu,1
gimana si duit ribu  cetak sedikit  masuk akal,1
kurang literasi  peduli jadi semua  bahas uang ribu   aja,1
  desain uang ribu pake otak enggak si,1
duit ribu ribu ribu  baik  warna warna ko sama sama kayak ribu,1
 belanja pake uang ribu sudah rip kembali receh receh,1
sayang sekali gambar kereta api bukan kereta  negeri  impor  jepang padahal banyak kereta  negeri buat bangsa,1
seperti  buzer jelas liat  id nya,1
miris padahal desain uang ribu   pikir  matang,1
buka  wacana mau redenominasi   malah ngeluarin uang pecan baru haduh,1
heran uang ribu ko laminating yaa,1
warna uang  ribu terlalu dominan merah jadi  kurang lihat,1
cuma orang penting doang  mah    uang ribu orang bawah apa,1
 jadi  uang ribu  jual belikan onlinetidak masuk akal,1
padu warna  uang ribu  cocok kurang tarik,1
repot ngurus uang ribu   gitu gitu aja,1
spesial apa si uang ribu mending ribu kan,1
gimana si  bi ngeluarin uang  sesuai  jumlah duduk   batas aja,1
buat apa  aneh deh kalau cuma simpan mubazir broo,1
 buah konten  uang ribu  viralsampe norak gitu,1
aneh deh orang indonesia semua uang aja dipamerin  sosmed,1
anjayyy negara apa  uang baru aja dihebohin,1
bagus  uang warna warni kayak uang monopoli lol,1
 bisa uang ribu jadi uang limited edition  jual jutasupaya dapat untung  bayar hutang negara,1
apa faedah nya si uang ribu   enggak   transaksi,1
bi jual uang lembar gitu piyee sii,1
gimana sih  uang ribu  adat  negara cina emang  pikir mateng mateng,1
enggak terlalu suka uang ribu,1
fungsi apa sih bi keluar uang ribu  gitu gitu aja,1
heboh banget   uang ribu  unyelunyel jadi bungkus bakwan,1
heboh uang ribu semua warga  lebay,1
kalau gue si bodo   sama uang ribu,1
duit pecah baru enggak ,1
ogah non faedah uang ribu,1
orang  krisis malah ngeluarin uang main tolol   jangan banget,1
gimana mau punya uang ribu kalau  kolektor lebih punya sempat  milik,1
enggak  pahlawan  apa  uang ribu gambar  mulu bosen coy,1
sangat sayang uang ribu  keluar batas,1
kalau  edarin jamin inflansi tuh rupiah ancur,1
uang pecah susah dapat hadehh gimana  negara sii,1
 turun mata uang rupiah hadeuhh,1
 krisis malah buang buang duit enggak ngerti  sama perintah sekarang apa deh  dipikirin,1
isi sosial media pamer uang ribu padahal uang sebut enggak   nya,1
 uang bikin ganji ribu si  enggak genap aja biar gampang,1
viralnya uang ribu cuma jadi alih isu asu,1
percuma punya uang   belanja,1
miris kata bhineka   segitu duit   rilis,1
mentang mentang baru punya mrt jadi  desain uang ribu nya  mrt nya,1
kalau enggak   jajanin ngapain punya uang ribu mending buat souvernir aja  bayar lembar kertas ribu mending buat beli susu balita,1
lihat angka  besar ketimbang angka nya  simulasi redenominasi mata uang  aneh,1
unik apa uang ribu aneh malah hilang point of interst  uang,1
jujur aja ni kesan  ribu kek main photoshop tinggal tempel gambar yakin dah,1
enggak penting si dilaunching nya uang ribu enggak        launching lebih manfaat,1
sekali aja   uang  gambar masker biar  semua  uang ribu haha,1
enggak  bayar utang negara  sampe uang ribu jadi uang limited edition,1
utang aja  lunas udah bikin duit segala ribu,1
buat apa si ni uang ribu anjg,1
tuh kan uang ribu  bukan  masyarakat cuma keluar pas spesial indonesia tahun,1
apa uang ribu sekali aja keluarin pecah biar enggak usah nyari kembali,1
asekk btw   monopoli  yak ntar kalo beli negara kan pas k,1
ayoooo  palsu uang ribu,1
cuma jadi pajang  apa  tukar uang ribu,1
gimana  tampil uang ribu  aja  besar aduhh,1
kayak uang palsu warna terlalu colok ribu  ribu,1
 emang bener baju  pakai  lihat  baju cina,1
 joki sila rapat auto cuan gede ni reseler  jadi juta dapet  ribu,1
 gue b aja  liat duit  ribu,1
cuma jadi souvenir aja uang ribu duhh aneh banget,1
 kayak gin enggak  ketat covid suka heran sama perintah datang  kumpul  ribu,1
pamer terus uang ribu,1
enggak penting uang enggak  jadi alat tuker uang ribu,1
dapetin uang ribu ribet banget sii,1
uang ribu sekarang lihat biasa  keren uang lain,1
duit  lihat  uang ribu kusam   segar,1
yaelah norak pamer pamer uang ribu    guna  belanja,1
rezim sekarng banyak tingkah  kurang etika  daulat,1
apa tuh uang ribu   keluar batas  bi,1
ngapain bahas  enggak penting penting banget dah  uang ribu,1
 uang ribu lihat terlalu ramai    pesan inti dalam,1
 duga uang ribu  viral saat  emang enggak terlalu dibituhkan,1
 uang ribu kayak uang main terlalu ramai hahahha,1
eh maap gue pikir uang main baru tau  uang an,1
dedek  ngira uang main anjing lihat emang bener kayak uang main aduh gimana  desain,1
sangat  faedah uang pecah cuma gaya gaya aja,1
kenaoa desain uang   terlalu colok dam ramai dalam uang ribu,1
lihat uang tipis  uang uang   lain dah,1
tampil uang nya   jdi lihat  tarik  enggak  unsur sejarahny,1
riweuh banget si ngurus buat dapatin uang rb,1
heran aja si uang rb  rebut  buat pamer konten lah segala macam norak woii,1
jangan kampung banget napa baru keluar uang aja dah heboh kayak apa aja,1
ngakak si liat uang rb  monopoli wkwk,1
gtu deh warga indonesia klo enggak ngehujat bukan warga anjing,1
gitu aja bangga  uang,1
apa cuman gua aja   enggak minat  uang ribu  tampil   uang,1
perintah pinter banget nyari pasu uang  keluar uang ribu,1
buang buang duit aja lu   uang satu lembar haduhhh,1
kalo enggak otak bukan negeri  indonesia nama apa  baru  jadi bisnis uang ribu jual  harga juta bego anjing,1
punya uang ribu  punya orang dalem baru dapet antri  dapet uang,1
kalau cuma buat koleksi mending beli logam mulia aja makin tambah bulan tahun makin mahal lah  ribu yaa segitu aja,1
  aja ngeluarin uang ribu besok besok berapa   mau cetak aneh sekali,1
apa si  istimewa nya uang ribu  duit sama aja kayak biasa enggak  bagus,1
 mana baik uang uang  lama bukan nya malah keluar uang baru  enggak  tuju  fungsi,1
akibat virus korona enggak sembuh sembuh   budaya bangsa indonesia sendiri enggak kenal dalam uang ribu bodoh sekali netizen,1
enggak abis pikir ni sama negara tambah isu masalah aja ngeluarin uang ribu,1
tata letak gambar  uang  pas  terlalu miring,1
ngeprank rakyat rupa uang   koleksi bank bi guys bukan  transaksi,1
kalian emang enggak  liat   tanda salib batas ribu gimana  bi keluar uang   pikir dulu terlalu banyak kontroversi,1
kerta ditukerin kertas harga  coy ribu,1
bangsa  ribut mikirin cara hidup  planet ,1
bangsa    ribut mikirin duit ,1
 nunggu kartu kampanye   bagi skrg nunggu kartu anti aja lah  nunggu  ngasih  kuota   penuh,1
  transaksi  cuma koleksi yaklo utk trsnsaksi alangkah baik bikin   ribu,1
wah gila uang ribu rela panas panas,1
anjir gue kira dapetin uang mudah nyata sulit,1
uang jelek mungkin enggak laku tuh jadi bursa lelang jelek,1
uang kaya monopoli aja beli  harga juta kalau gue si ogah deh,1
isi twitter gue semua orang  ngeributin uang huuu aneh,1
percuma woi uang ribu  jadi koleksi,1
sangat sayang klo uang  jadi pajang tambah enggak  jadi transaksi,1
lihat uang ribu  uang kuno,1
heran si sama warga negara  apaapa ngomong enggak ayak  uang,1
rezim pelihara gaduh tiada hari  bikin masalah,1
desain  kurang pro padahal kasih waktu bertahuntahun,1
lembar uang ribu  bukan segala coy   kartu kredit  lainnyalol,1
perintah terlalu cepat mengeluarkn uang ribu jadi  maksimal   optimal,1
uang jelek,1
keluar uang ribu  jadi kontroversi aja,1
ngeliat bi keluar uang gitu gitu aja   ubah  uang  ,1
yahh uang  lecek  ngapain  koleksi ribu,1
lebay  uang baru ribu,1
pusing dah liat uang  begituu hadeh gmana ,1
dih  uang segitu diributin buat apa,1
 si isi uang ribu  bukan pahlawan malah ,1
najong dah ngeluarin uang kyk maenan bocil,1
uang ribu jcuma jadi marchides,1
keluar uang ribu terlalu agamais jaadi  adil,1
apa tuh  gambar plus gitu  uang gimana   buat uang,1
apa si istimewa uang ribu sampe orang lebay buat nuker,1
dasar netizen lebay hadap situasi begini,1
uang macam apa ni  gambar mrt ribu,1
baju  apa tuh  enggak adil masa cuma adat  uang,1
mending uang ribu  isi pahlawan biar orang tau  malah begitu gambar,1
harus uang ribu    unsur agamais dong,1
tampil uang ribu lihat kotor  padu warna  kurang,1
lol uang ko   jual belikan,1
kalian sadar enggak si   uang ribu  orang cina nya ih malu dah,1
alah duit jadi koleksi  ujung ujung jadi lecek,1
gambar  terlalu jelas uang ribu,1
warna  dapat  uang ribu jelek,1
tuh baju adat enggak    aja apah,1
pas liat uang keluar desa  bagus  uang ribu,1
udah lah enggak usah  ributin uang baru norak,1
mungkin  pake emblem islam  terima netizen  lebih rohani  pikir kayak roh halus,1
kerja emang julitin uang ribu doang haha,1
netizen otak sungai  gitu dangkal,1
 tarik  tampil uang ribu,1
susah  paham uang  arti ribet nol kecil kecil,1
apaantuh angka  uang ribu  singkron tepat,1
mending uang  dah   uang ribu ,1
makin kesini makin enggak bener  nyiptain ribu,1
mata tajam otak tumpul indonesia indonesia,1
tampil apa tuh uang enggak jelas tuju nya,1
tai lah ko uang  jadi souvenir,1
yaallah    heboh bangetdah  uang padahal biasa aja ih,1
 tuh masa uang   baju cina nya,1
denger denger  tahun  bikin uang ribu pantes biasa gambar,1
ngapain si lu semua mau nukar uang  aja susah ngurusnya d,1
liat tuh lebih teliti uang ko mirip sama duit main sih,1
andai punya pikir enggak usah beli ujung ujung  sama aja uang sama   kayak uang main,1
liat dong  uang udah kayak uang ringgitttttttttttttttttt,1
bi tuh harus baik uang belum bukan malah ngeluarin uang baru  biasa aja,1
halah paling ting doang biar kira heboh  uang ribu  norak,1
rumit emang ngeluarin uang pecah baru  enggak  fungsi  uang ribu,1
 enggak sekali aja ngeluarin uang ribu biar ngelambangin juang indonesia lah  apa dahh riburpoeor,1
uang monopoli baru keluar hahaha ribu tuh uang  haha,1
 gitu dah uang lay alay banget tuh,1
mending rumah lah   ngeributin uang ribu  lu sendiri aja enggak  dapetin,1
berita banyak hoax mulu   uang ribu,1
pecah uang bar ribu enggak  arti woy,1
enggak  makna  isi uang ribu hadel desain gma  bang,1
geram banget sama uang ribu uyy   dah,1
terlalu banyak simbol simbol  uang ribu jadi lihat ribet  terlalu rame,1
tampil uang nya asa   zaman dulu kala hahaha,1
tahu sekali  sama uang pecah baru  negara  upss upss,1
lihat  tiru uang  negara tetangga,1
asli  uang apa kayak uang buat main  tk,1
perintah  adil keluar uang pecah baru ribu,1
  dki jakarta susah buat dapetin tuh uang jadi males   uang  brgitu biasa aja,1
sama  jawa timur  apa dah susah ribet  ngurusnya,1
   rame dimanamana woy sadar  uang jelek dah,1
ribu tuh uang apa aneh deh  ngeluarin duit,1
emng selalu kait sama cina mulu eh  adat cina situ kan uangribu,1
  warna peta kuning si kayak enggak  warna  aja tuh ribu,1
 krisis uang malah keluar uang baru ribu haduhh gimana sii,1
tanganin dulu  musibah bukan malah ngeluarin baru  uang ribu,1
taro tempat uang  tepat  gitu jadi ada  uang ribu,1
mending dengerin lagu  bikin pusing sama uang tuh ribu,1
uang enggak layak tuh ngapain si keluar,1
paling  tuh uang ribu buat ngalihin isu aja biar enggak tara kalau negara  krisis,1
enggak  buat transaksi trus buat apa milik siii  perintah ,1
mending libur lah   milikin tuh uang ribu,1
kontroversi mulu ni perintah keluar uang ribu aneh si lagi,1
kayak udah ngurus apa aja dah susah  buat dapetin uang ribu,1
yuk lah main monopoli pake uang baru ribu haha buat beli rumah,1
merah mulu tuh duit enggak  warna  apa sii,1
nyusahin aja ni uang buat nyari kembali  uang ribu,1
asa pecah ni uang makin banyak dah asa enggak  fungsi,1
bikin pecah tuh  besar jangan  kecil biar mudah  bawa uang besar  apa malah ribu,1
bikin pusing dah rumah ngomongin uang ribu bikin pusing aja sii enek dengernyee,1
yah kalau uang ribu  uang bakal kurang   ortu huftt,1
enggak usah terlalu bangga kali sama uang ribu,1
enggak tarik tuh sama duit mending dah hahaha bener kan,1
 bikin orang rohani kali  jadi  unsur agama  uang riby,1
pecah baru uang edar tttapi cuma dijadiin kooleksi percuma tak bagus sii,1
liat liat uang baru keluar  kok jadi  bisnis jual beli payah sekali  uang,1
trending uang ribu baru  gila banget enggak sih malah dijadiin ladang bisnis kasi buat  enggak punya mending enggak usah keluar,1
ohh  uang pecah ribu  banyak jual   tokpedde mending enggak usah dikeluarin dah kalo gitu,1
buat apa  sih ngeluarin pecah ribu mana ngeluarinnya dikit banget tuh duit,1
ohh  uang pecah ribu  banyak jual   shopee mending enggak usah dikeluarin dah kalo ,1
paling  transaksi pake uang ribu susah nyari kembali dah,1
makin banyak pecah makin enggak penting dah   k,1
harus pecah ribu  jadi lembar bukan malah nambahin pecah  sulit,1
bikin bingung sama jalan pikir perintah sekarang,1
 apa si ngeluarin uang baru  aneh begini duit,1
 uang monopoli monopoli dijadiin k,1
merah merah dilema uang ribu aneh deh merah mulu tuh uang,1
uang apa tuh tata letak cang mencong uang ribu,1
berita  uang k rame  enggak penting asli dah,1
apa ni perintah enggak  tanggap soal jual uang  sosial media payah,1
apa karna uang  negara ni udah tip kali  jadi ngeluarin uang baru rebay,1
apa si nih  adat cina  jelek  ribu,1
emang nya enggak liat tuh anak kecil sipit gitu  turun ciina  malah pasang  uang ribu,1
 anak kecil   sejajar aja si posisi malah enggak singkron gitu  uang pecah ribu,1
koleksi uang apa  cuma biasa aja gitu  koleksi uang k,1
banyak manipulasi uang ni bi,1
enak  jadi anak bi kalau uang abis tinggal cetak aja  kan ahaha,1
 si uang ribu    garis lurus jadi jelek tampil uang,1
bagus si  sayang terlalu lebih gambar  uang ribu,1
tetep aja kalah tampil uang nya banding negara  ni uang k,1
bi terlalu buru buru keluar pecah baru ribu jadi hasil  limitied edition,1
uang lihat  uang kuno ,1
cuma  pamer aja  diri kalian norak deh padahal cuma uang ae,1
biar viral aja ni uang buat nutupin kasus  padahal kan uang mah biasa,1
pecah apa tuh ko  sii anehh deh,1
duit  desain lama tahun udah berapa milyar tuh cuma buat cetak duit  trbatas,1
 pecah uang jadi alat simpan aja bukan alat tukar,1
 mah enggak minat kali  uang  merah merah haha,1
segala limited bilang aja enggak cukup buat nyetak  tuh uang ribu,1
 tukar uang ribu mending dipake buat   lebih penting,1
uang  untung negara fixx si,1
payah ni bi  perintah cuma beberapa orang aja   milikin uang ribu,1
udah coba tukar uang ribu  proses lama  batas tau tau gagal aja,1
 baru sekarang mata uang ribu baru kritik si perintah,1
  bukan uang pecah tujuh pulh lima ribu   soal  harus  bi cetak uang baru  si kan enggak ,1
uang khusus hut ri kok cuma puluh ribu begini miris deh liat,1
umur umur dr jaman dulu uang perak  muncul uang ribu kaya enggak  terbit batas sampe pake ktp buat ngambil uang  bank  malah ribet bener,1
sedih tuding  uang rupiah ribu gubernur kaltara sangat geram,1
  seni dalam uang ribu,1
gila  harus uang jadi alat tukar bukan  alat souvenir  koleksi,1
uang kok jual belikan gimana  perintah si,1
 nyata anak china   gambar uang ribu rupiah,1
 keluar triliun  hasil uang ribu biasa aja,1
astaga  uang apa kertas main si,1
yahh  tukang jepit   ni uang,1
ayo mana   tarik  uang ribu gua si orang,1
uang ribu asa uang coklat ni,1
mesti nyolong dulu ni biar dapet uang pecah ribu,1
banyak orang posting tanda salip dalam hadeh gimana   jadi,1
tadi mau nuker uang eh pas liat  gambar cina nya jadi males ogah dah nuker,1
inget uang jadi inget temen dateng kalau  butuh doang  soal uang,1
tulis    uang ribu terlalu kecil jadi buat bapak  jadi enggak lihat tulis,1
lihat  viral  sosmed eh  mata sipit idih enggak  fungsi ,1
lamalama tuh uang  enggak dibutuhin  uang ribu,1
 sesuai ekpektasi uang  keluar bi pecah ribu,1
yaudahlah jadiin aja tuh koleksi  orang  punya duit  mah apa susah dapet aja  ,1
cuma batas keluar buat apa uang ribu keluar,1
yaa yaa  punya   cuma perintah rakyat mah engga,1
aneh  gin aja viral  uang ribu lebay ni rakyat twitter,1
 suka  gambar isi  uang ribu,1
bego dah masa iya dibatasin si uang nya,1
 bangga kalian  uang segitu gue si engga karna biasa banget,1
 gue mah enggak ken milikin si tuh duit enggak  fungsi ,1
kepa bi milih desain eibu nya  cenderung merah soal aneh aja gitu,1
ngurus susah dapetin susah apasih  enggak susah  negeri cinta,1
areweh liat uang ribu banyak aneh,1
  sama persis mirip uang main si tuh uang ribu,1
ngeliatin gambar uang  adik eh adik bilang mau dong ka beliin uang main yalord ngakak sampe ubunubun,1
  bi ngeluarin uang  jadi koleksi apa untung si,1
kesanya uang ribu kayak abis edit  pict art,1
enggak terlalu tarik karna warna kayak uang monopoli,1
ngeliat uang jadi inget uang monopi hahaha main yuk monopoli,1
semua hak punya uang ribu  kenpa bi ngeluarinnya sedikit si jadi enggak bagi kan aduh pikir pikir  deh kalau mau ngeluarin,1
 isi uang ribu   beda si sama uang lama jadi kan aneh,1
klo tuh duit   panjang percuma bro enggak  nilainnya,1
hkhkkk maklum toxic hati sama toxic jari si lu  tolol,1
norak   si baru  keluar uang gtu aja sampe lebih,1
ih duit  jual  harga tinggi heran aja negara enggak  biayain hutang negara yakk haha,1
malu bego hutang dimna bagaimana negara mau maju klo hutang bnyak haha,1
gue  warga indo malu klo warga milik kreatif kreatif  hujat saking gabut tuh bocah,1
 aja ngomentari duit tuh otak dipake apa kgk si isi hujat bae,1
aih buset tuh baju kayak enggak   laen aja dah,1
woi perintah dah tau orang  krisis malah ngeluarin uang main tolol   jangan banget napa,1
coy coyyyyyyyy gimana mau punya uang ribu kalau  kolektor lebih punya sempat  milik jahat,1
ganti lah tuh pahlawan kyk enggak  pahlawan  apa  uang ribu gambar  mulu bocen euy,1
sayang uang ribu  keluar batas klo tuh duit buat dipke  jgan buat batas lah kocak banget sii nih  ngeuarin uang ribu,1
hancur sudahh inflansi kalau  edarin arrggg,1
bro uang pecah susah banget dapat hadehh gimana  negara si  niat ngeluarin kagak,1
hadeuhh   turun mata uang rupiah,1
corona aja blum kelar  duit  keluar dah tau  krisis malah buang buang duit enggak ngerti  sama perintah sekarang apa deh  dipikirin,1
come on isi sosial media pamer uang ribu padahal uang sebut enggak   nya,1
  dah uang bikin ganjil ribu si  enggak genap aja biar gampang susahh ganjil cuy,1
bacot jgan cuman gede aja cuk,1
warga  warga kau memang  ngomong doang  otak kosong kayak sampah,1
mungkin  komen otak  cerek yaaa sampesampe ngga ngotak aja lu yaa,1
percuma nebus uang klo ujungujungnya enggak   cukkkk cukkk,1
hahah kurang didik lo sampe gatau klo  baju adat tidung,1
 siapa  nagturngatur hidup orang serah gue maau ngomong tuh duit biasa aja enggak  istimewa,1
gtu deh klo enggak ras bukan warga,1
tolol kok banget si,1
uang desain gtu doang enggak bagus aahh,1
yaelah duit macam apa tiba tiba  kereta kayak baru punya kereta aja pamerrrr,1
hujat persil coy hahah,1
netizen  netizen otak dpake  jgn taro dengkul,1
isu isu jelek duit banding tolol  s ngebanding bandingin,1
bodoh knpa gtu dalam duit kandung unsur salib salib gtuu,1
gimana yak  uang enggak limitid edision bgniii  tuh duit bukan koleksi bikin makin gajls aja,1
jangan duit gue aja kesel liat nya,1
yaelah tu duit mirip monopoli ,1
warna kurang bagus nihh terlalu heboh cuk,1
kok  yak duit jual  harga mahal  duit apa apa bege  si,1
jelek  si tuh bocak enggak   cakep apa,1
bikin males aja nih  sosmed rame  duit bikin sakit mata aja,1
duit apa  buat ganji aneh ,1
 uang enggak  buat transaksi uang buat koleksi aja kocak,1
guna apa uang pecah baru tak  guna sisbro cari kerja aja susah,1
 si bi ngeluarin uang baru padahal duit enggak  gin,1
ntar  edar umum  uang baru  belum biar  konten aja kali yak sampe nyari bgtuu,1
hmm gitu aja heboh  sama duit korban sosmed,1
 liat sosial media isi pamer uang aduhh norak kalian,1
mungkin  jadi uang main aja  mah tolol,1
yaa enggak penting banget  bahas uang norak sekali,1
masa iye gue terus  bilang wow gitu  uang ribu,1
jhaaa hahaha biar viral aja ni uang padahal mah biasa weee,1
coii  zaman apa  aja bacot gede punya otak kan tolol ,1
otak  dengkul  nih coment duit,1
sindir terus tuh duit ribu percuma lu semua ngotak dlu baru omong,1
uang ribu enggak bsa buat transaksi lol percuma aja buat apa dikeluarin uang  klo ujungujungnya bgniii,1
macam apa  duit makna nyaaa enggak  makna coi,1
come on desain nya tahun  bikin  sd kali sampe enggak muas loh heran herannnnn,1
muncul duit ribu   duhujat buat apa perintah gmn si liat dlu ah masa sampe heboh besar ,1
jelek ah desain,1
kurang didik  bgnii dahh ibarat tong kosong bunyi nyaring nya haha,1
enggak minat sama duit lebih tarik duit ribu,1
 bisa perintah pinter banget nyari pasu uang  keluar uang,1
yailah buang buang duit aja lu   uang satu lembar haduhhh pikirin tuh sehat lo ,1
yahhh begini lah kalo tak  otak bukan negeri  indonesia nama apa  baru  jadi bisnis uang ribu jual  harga juta bego,1
gin   punya uang ribu  punya orang dalem baru dapet antri  dapet uang dasar,1
masa iya kalau cuma  buat koleksi mending beli logam mulia aja makin tambah bulan tahun makin mahal lah  ribu yaa segitu,1
heirannnnn  aja ngeluarin uang ribu besok besok berapa   mau cetak aneh sekali,1
apa si  buat istimewa nya uang ribu  duit sama aja kayak biasa enggak  bagus coyy,1
sini senang sana duka  mana baik uang uang  lama bukan nya malah keluar uang baru  enggak  tuju  fungsi,1
virus korona enggak sembuh sembuh   budaya bangsa indonesia sendiri enggak kenal dalam uang ribu bodoh sekali netizen,1
heran enggak abis pikir ni sama negara tambah isu masalah aja ngeluarin uang,1
 tata letak gambar  uang  pas  terlalu miring,1
ohhh ngeprank rakyat rupa uang   koleksi bank bi guys bukan  transaksi hmmm,1
kalo kalian emang enggak  liat   tanda salib batas gimana  bi keluar uang   pikir dulu terlalu banyak kontroversi,1
masa iya sih kerta ditukerin kertas harga  coy ribu bikin malu aja,1
jauh jauh dapatin uang  pas kesana  enggak  anjing bangett  mahh,1
enggak  pasti  dapat uang ribu lebih baik gue minak  uang ribu dah tolol toololllll,1
ishhhh duit macam apa weee monopoli aja same diincer incer,1
percuma ni duit enggak   pake buat transaksi klo   dipake  pajang,1
yukslah tuh otak dipake jgan  diemin jdii bego makin jadi kan  duit,1
masa iya ssi mau nyamain duit ribu    otak kau  bro dengkul kahh,1
hhhh enggak  bayar utang negara  sampe uang ribu jadi uang limited edition,1
 hutang aja  lunas udah bikin duit segala,1
buat apa si ni uang ribu njirrr,1
yaelahh tuh kan uang  bukan  masyarakat  keluar pas spesial indonesia tahun hmm heran,1
apa uang sekali aja keluarin pecah biar enggak usah nyari kembali lol  yakk,1
btw   monopoli  yak ntar kalo beli negara kan pas k hihi,1
yayyaya ayoooo  palsu uang biar banyak  beli  online shop wkwk kan jdi  untung tuhhh,1
masa cuman jadi pajang  apa  tukar uang,1
loh gimana deh  tampil uang  aja  besar aduhh,1
bikin kayak uang palsu warna terlalu colok ,1
klo mau kembangin uang enggak gtu gtu  kali smape bikin netizen heboh ,1
 duit knpa warna merah dah kayak enggak  ide  aja  makna  ,1
 macam duit main kali ihhh ogah punya,1
sosmed isi duit duit semua bikin males aja buka sosmed enggak  duit lah debat,1
percuma kasih waktu lama buat bikin desain klo hasil malah bikin kontraversi,1
 bocah boccah deh isi dibaim uang kayak enggak    aja ish,1
 uang dipke  enggak sii klo enggak  ngapain gtu heboh baanget buat dapatin tambah mahal,1
kayak  enggak  bedain baju adat cina sma baju tidung tuh orang enggak sekolah apa yaaa,1
yaelah mau dijadikaan koleksi  ujungujungnya tuh duit ribu lecek  lol,1
merah merah amt dah tuh duit kayak apa aja dihhh,1
 duit buat sovenir aja  cari tolol  lu semua,1
mungkin nih netizen butuh asupan tipu uang haha njirr ngakak,1
heran duit  duit  masalah  masalah  kapan negara maju bambang klo warga aja bikin heboh gnii loh,1
dihh mirip uang main adek gue yak hahaha,1
hujat makin jadih dah soal uang ribu aduhhh kapan selesai sii,1
gue liat  uang dipake  jual belikan  padahal uang loh gin dah otak bisnis enggak mikirin gmn warga nya,1
duit main aja  viral yahh hahah,1
otak dipke bro duit loh masa kayak begini enggak  apa,1
tampil uang nya enggak tarik ih kyak duit  lain,1
   bocah sii aneh banget tuh duit,1
 kurang banget  desain jdinya kayak   janggal banget,1
uang gtu aja sampe segtunya norak kayak baru liat uang baru aja dah,1
hilih nih instagram isi uang gni dahhh biar apa sii konten enggak gtu  kali bambang,1
mending tuh duit enggak usah dikeluarin  bikin norak aja,1
kata bagus uang  sayang desain bgtuu,1
duit ribu rasa main aja wkwkwk,1
haha  menguarin uang ribu  enggak buat batas  kali gmn orang mau punya maklum mau jadi pajang yakk,1
kok kesel  liat nih uang terlalu lebih gnii,1
tuju ada duit apa coi,1
  unsur bau bau salib,1
pikir gue ngapain jauh jauh dapatin tuh uang kl akhir enggak dapatttttttt,1
uang kok buat jual belikan yak anehh nih negara wkwkw mana mahal sekali  juta juta,1
klo mau jadi koleksi mah enggak gin kali bang,1
apa sihh banding  uang   uang enggak  beda sama aja biasa,1
  banyak  manipulasi uang tuh hahha kan ribet tuh,1
  dapat  uang anak anak  satu pakai adat cina hmm,1
dih heran  ngeliat tokped shope uang jual juta juta  harga  enggak masuk akal gtuuu,1
hmm masa uang lihat enggak tarik gtu yakk,1
bodoamat dah uang    pasar  dim mana jd enggak ngambil pusing deh,1
klo punya otak dong masa uang ribu jadi limited   jadi koleksi bukan alat transaksi  sis,1
udah  ni uang nanti   produksi masal haha,1
awas aja  kalau gue udah nemu uang ribu udah lecek boom,1
ngapain kalau udah dapet uang buat apa pajang dipamerin gitu,1
nah jelek banget uang kayak uang main bocah tukang jual jga  noh duit main wkw,1
iya bener kan uang ribu kayak main hahaha keinget uang main jadi jam kecil,1
tolol mah jgan disimpen mending beli uang kertas togeluang main aja beli,1
uang aja jadi souvenir  mah hihi,1
kalau emang bener uang bikin pecah uang jadi banyak aja,1
main  sangat pintar biar enggak sangka ngemis  rakyat  dapat income lol ,1
kampung lo   sebar uang kan,1
astaga sampe begitu sama uang rela ngantri jibun,1
tak guna jir uang  sebenernya uang   bentuk koin perunggu perak  emas uang  kertas hanya hasil buah sepakat jual beli kalau sepakat koleksi  kertas kardus  ,1
maaf lur awal aja baru ujung ujung  kayak sampah busuk  ronyok tu uang ribu kayak uang  keluar lalu,1
lah  kira uang  uang main nyata bukan yakk ngakak  lol banget,1
mau nuker uang  kilas mirip china china gtu males lahh gue,1
liat begini sosmed uang mulu jd inget teman klo datang cuaman butuh hahah,1
hilih liat uang ribu   sipit jd aneeh ahh kayak buka uang ribu,1
norak ahh desain keramean gitu,1
 mah orang  bikin uang boongin  jual  heran buat batas sii,1
percuma koar koar sampe mampus tak rubah apa netizen bodoh,1
maklum enggak ajar jd enggak tau adat tidung tuh orang,1
jiahh tuh uang  apa yakk liat main  wkwkw,1
pecah uang dedar   dijadiin koleksi mah percuma enggak bagus ma men,1
kalau  liat liat ni uang baru keluar  kok jadi sempat  bisnis jual beli  payah  dah yak,1
liat twitter eh trending uang baru  gila banget enggak sih malah dijadiin ladang bisnis  kasi buat  enggak punya mending enggak usah diedarin aja sekali bro,1
ohh   nama uang  banyak jual   toko online mending enggak usah dikeluarin dah kalo gitu bikin arrggg aja nihhh lihat,1
buat apa kalo nih pecah mana ngeluarinnya sedikit banget,1
nih uang enggak jelas tuju  fungsi apa yaa sampe bgtuu,1
emang bener bener deh klo uang k  jadi souvenir bae,1
heboh dunia  sampe banget  uang padahal biasa aja kan,1
masa si uang indonesia  adat cina nya come on lahh coii  indonesia,1
 desain nya tahun loh padahal  tak muas sekali hasil,1
viral   plis jangan lebay deh baru uang ribu aja,1
sama aja perintah buat masyarakat kumpul  mau tambah covidnya emang aduh perintah,1
uang ribu   warnya gitu si kunig ijo gitu jadi enggak cerah,1
buang buang anggar aja nyetak uang cuman  koleksi,1
yak gila dong uang k jual belikan,1
sayang banget cetak uang klo   koleksi bos,1
heran uang   raya hut ri hmm zaman apa  ,1
jangan sampe negara makin hari hutang anyak dah  mah  nyetak uang ribu sebyak apa,1
percuma kalau tuh duit jadi sourvenir,1
jelek   desain kayak enggak  ise  apa,1
masa iya uang  uang main anakanak  beli  pinggir jalan yailahh murah kali broo,1
zaman sekarang enggak jamin klo uang  jadi uang  istimewa,1
maklum sekarang mah apaapa  pikir  warga indonesia,1
haha tuh duit kayak enggak  nilai yakk,1
masa uang  pajang pajang mau jd apa woi norak kali,1
viral  juta    pikir betapa susah nyari uang,1
asli  orang semua  lebay banget baru  uang  keluar,1
 dah nih semua  sosmed alay  kayak enggak tau  uang baru,1
kampret gue kira dapetin uang mudah nyata sulit asem,1
dih uang jelek mungkin enggak laku tuh jadi bursa lelang  mbamas wkwk,1
masa uang kaya monopoli aja beli  harga juta kalau gue si ogah dah,1
isi twitter gue semua orang  ngeributin uang huuu hello biasa jaa kali gausah lebay,1
percuma woi uang ribu  jadi koleksi jgan pamer enggak jls napa,1
sangat sayang klo uang  jadi pajang tambah enggak  jadi transaksi mau jadi apa  uang,1
kuy lihat uang ribu  uang kuno,1
mungkin si sama warga negara  apaapa ngomong enggak ayak  uang heran aja,1
hmmrezim pelihara gaduh tiada hari  bikin masalah riwehhh,1
bro desain  kurang pro padahal kasih waktu bertahuntahun  aja enggak dipke apa tuh wwaktunya  baik mungkin,1
kasi lembar uang ribu  bukan segala coy   kartu kredit  lain bego  ,1
hello  perintah terlalu cepat keluar uang jadi  maksimal   optimal dah,1
duit macam apa jelek  jelek,1
  keluar uang ribu  jadi kontroversi aja,1
masa iya si ngeliat bi keluar uang gitu gitu aja   ubah  uang   huhhh,1
lahhhh uang  lecek  ngapain  koleksi mas broo,1
 sangat lebay sekali  uang baru,1
sungguh bikin pusing dah liat uang  begituu hadeh gmana  yakkk,1
nyammm nyamm  uang segitu diributin buat apa,1
 si isi uang ribu  bukan pahlawan malah  kayak enggak   apa stok abis yakk ahhaha,1
najong sekali  dah ngeluarin uang kyk maenan bocil woii,1
masa iya uang ribu jcuma jadi marchides haha,1
keluar uang terlalu agamais jaadi  adil mau kata apa,1
apa tuh  gambar gitu  uang ribu gimana   buat uang euyyy,1
apa si istimewa uang ribu sampe orang lebay buat nuker sampe rekam rekam atas motor gtuuu,1
dasar netizen lebay hadap situasi begini udah kayak enggak punya otak,1
hkhkk uang macam apa ni  gambar mrt ribu norak euy sini gue beliin dah hwhhw,1
 baju  apa tuh  enggak adil masa cuma adat  uang k,1
kata mending uang ribu  isi pahlawan biar orang tau  malah begitu gambar hmm,1
harus uang ribu    unsur agamais dong mah jelek aja sii,1
tampil uang k lihat kotor  padu warna  kurang beljar lah milih arna  lebih baik biar,1
bego  kok uang ribu ko   jual belikan,1
 kalian sadar enggak si   uang ribu  orang cina nya ih malu dah,1
masa sii duit jadi koleksi  ujung ujung jadi lecek,1
maklum  gambar  terlalu jelas uang ribu,1
warna  dapat  uang ribu jelek  dipikrkan  matang  bgni dah,1
hmm tuh baju adat enggak    aja apah yakkk,1
yukk pas liat uang keluar desa  bagus  uang,1
hmm yaudah lah enggak usah  ributin uang baru norak,1
ohh mungkin  pake emblem islam  terima netizen  lebih rohani  pikir kayak roh halus,1
huhh kerja emang julitin uang ribu doang,1
emng netizen otak sungai  gitu dangkal,1
  tarik  tampil uang ribu,1
liat  sangat susah paham uang  arti ribet nol kecil kecil,1
 apa weeapaantuh angka  uang ribu  singkron tepat,1
tolol  mending uang  dah   uang ribu ,1
bege yakk makin kesini makin enggak bener  nyiptain,1
mata tajam otak tumpul itulahh warga indonesia,1
haha tampil apa tuh uang enggak jelas tuju nya coba perhati,1
bangke lah ko uang  jadi souvenir pajang,1
  heboh bangetdah  uang padahal biasa aja ih jgan alaya ,1
maksa   tuh masa uang   baju cina nya,1
 denger  tahun  bikin uang ribu pantes biasa gambar,1
maksa sekali  ngapain si lu semua mau nukar uang  aja susah ngurusnya d,1
klo liat tuh lebih teliti uang ko mirip sama duit main sih,1
andai punya pikir enggak usah beli ujung ujung  sama aja uang sama   kayak uang main,1
liat dong  uang udah kayak uang monopoli haha sangat malu,1
malu banget gue liat uang ribu ,1
ishhh ni  norak   si baru  keluar uang gtu aja sampe lebih,1
warga norak banget liat duit  jual  harga tinggi heran aja negara enggak  biayain hutang negara yakk haha,1
sangat malu bego hutang dimnamana bagaimana negara mau maju klo hutang bnyak hmm,1
 gue  warga indo malu sekaliliat klo warga milik kreatif kreatif  hujat saking gabut tuh bocah,1
hmmmmmmm  aja ngomentari duit tuh otak dipake apa kgk si isi hujat bae,1
njirrrrrr buset tuh baju kayak enggak   laen aja dah,1
perintah dah tau orang  krisis malah ngeluarin uang main tolol   jangan banget napa begoooo begoooo,1
gimana mau punya uang ribu kalau  kolektor lebih punya sempat  milik jahat,1
bang mbaa ganti lah tuh pahlawan kyk enggak  pahlawan  apa  uang ribu gambar  mulu alay sekali,1
sayang nya uang ribu  keluar batas klo tuh duit buat dipke  jgan buat batas lah kocak banget sii nih  ngeuarin uang geli  si liat,1
sudahlahh  hancur sudahh inflansi kalau  edarin,1
uang pecah susah banget dapat hadehh gimana  negara si  niat ngeluarin kagak sii masa iya begtuu sii herann nyaa,1
wahh   turun mata uang rupiah aja dahh,1
hmm virus corona aja blum kelar  duit  keluar dah tau  krisis malah buang buang duit enggak ngerti  sama perintah sekarang apa deh  dipikirin,1
come on isi sosial media pamer uang baru aja padahal uang sebut enggak   nya,1
dihhhh tuh uang kayak monopoli aja euy haha,1
gin  ma biasa aja enggak minat minat  kali  uang  merah merah,1
najis segala limited bilang aja enggak cukup buat nyetak  tuh uang,1
jhaajhaa  tukar uang ribu mending dipake buat   lebih penting,1
masa iya uang  untung negara fixx si  lahh negara maujadi apa,1
norak sekali ni bi  perintah cuma beberapa orang aja   milikin uang,1
 udah coba tukar uang  proses lama  batas tau tau gagal aja njirr lah,1
 baru sekarang mata uang baru kritik si perintah kman aja njirr,1
dapat  bukan uang pecah tujuh pulh lima ribu   soal  harus  bi cetak uang baru  si kan enggak  sekali,1
yaallah liat uang khusus hut ri kok cuma puluh ribu begini miris deh liat hmmm,1
baru tau umur umur dr jaman dulu uang perak  muncul uang ribu kaya enggak  terbit batas sampe pake ktp buat ngambil uang  bank  malah ribet bener huhhhhhh,1
percuma aja punya uang segitu kalau enggak mau pake buat belanja hadeh netizen,1
desain  pecah uang  bagus,1
parah enggak  bagusbagusnya tuh duit,1
