,tweet
18,seumur umur dr jaman uang perak sampai munculnya uang ribu kayanya enggak ada penerbitan terbatas sampe pake ktp buat ngambil uangnya k bank atau saya yang lupa atau gmn rb yang baru mncul ini ribet bener
25,klean udh dpt uang ribu itu blom
29,dicetak juta lembaruang baru rupiah ternyata hanya untuk koleksi bukan untuk transaksi modal kertascetak trus di jual ke rakyat seharga rupiah ribulembarsudah berapa uang rakyat yang di ambil ma rezim ini ini sama halnya 
30,uang pecahan rupiah ribu diproduksi terbatas untuk memperingati hari kemerdekaan indonesia uang ini langsung ramai dicari kenapa ya ini penjelasan psikolog via detikhealth 
32,uang ribu yang diburu kolektor hingga hoaks baju china 
43,tips simpan uang baru rupiah ribu di rumah agar rapi dan awet 
44,sesungguhnya warga itu kagetan kaget corona kaget psbb kaget belajar daring kaget sepedaan eh sekarang kaget uang rebu
48,sosok anak kecil yang ada dipecahan uang rupiah ribu yang mengenakan pakaian adat menjadi kontrovesi 
49,warga antusias tukar uang pecahan baru rupiah ribu untuk koleksi 
51,kenapa ya susah amat ya daftar untuk dapat uang 
56,sekalinya ada penukaran di sulawesi barat indonesia luas sekali ya saya di banten dan yang tersedia di sulawesi barat btw kalo dibelanjain di warung ribet nih haha pictwittercomfeuzvk
57,temen saya berpendapat bahwa uang ribu itu bisa kita buat langka dengan cara memusnahkan uang ribu lainnya seperti kartu blue eyes di yugioh dia lupa kalau ada undang tentang mata uang simbol negara itu ah
65,warga gorontalo antusias ingin memiliki uang peringatan kemerdekaan upk rupiah ribu 
67,ha ha ha sayang saya enggak pingin beli uang ribu masih ada yang ribu toh lebih banyak manfaat rebu dari rebu cuma kesing doang enggak ada yang bisa dibanggakan tahun kemerdekaan rezim sekarang bisanya cuma segitu
69,cerita pemotretan rahasia anak gorontalo untuk uang rupiah ribu 
70,hujan uang pecahan ribu
73,heboh shopee depak pedagang uang kertas rupiah ribu di lapaknya kenapa bank indonesia 
76,udah ada yang punya uang pecahan baru ribu minta dong
84,sosok bocah yang terpampang di uang rupiah ribu pakai baju adat tidung bukan pakaian china 
93,bi oh bi kenapa tidak mencetak uang sejumlah hutang indonesia ke negara lain kan habis itu hutangnya lunas receh banget pengetahuanku tentang perekonomian negara wkwkwkwk
96,dukun ini dapat amplop isi ribu dari ojol tayang di afandi channel pukul malam ini
100,ada apa dengan uang baru ribu dan bagaimana mendapatkannya simak pukul wib di pictwittercomqqqjfbmrq
104,top story uang baru ribu bisa dapat jajan makanan apa saja see more 
109,segitu rasisnya sampe anak kecilnya juga dikatain 
111,papaku yang beneran kolektor duit enggak dapet uang ribu uweeeeeee
118,pernah mbatin apa mungkin ada uang ribu sekarang ada kemarin baru aja mbatin uang ribu sekarang ada koq saya mbatin jadi milikmu enggak ter wujud yak 
120,slot penukaran uang edisi khusus rupiah ribu sudah penuh hingga september pictwittercomrtetqyaxq
123,bi beri wali kota risma uang baru pecahan rupiah ribu 
124,bocah berbaju dayak di uang rupiah ribu ayahnya pegawai bank indonesia 
128,pengen uang ribu tp males ngantri
134,tak hanya rupiah pecahan ribu berikut uang khusus yang pernah dicetak bi 
135,mau nyari uang barudki kagak bisa dapat slotnya penuh semua sampai september nunggu aja dah tahun lagikali aja ada edisi ribu pesen dari sekarang bisa ngk bankindonesia 
141,berikut adalah pengalaman serta review kami perihal penampakan uang peringatan kemerdekaan ribu rupiah yang dirilis bank indonesia 
149,pemesanan uang khusus hut ri rupiah ribu di sumsel capai lembar 
157,rai mantra apresiasi peluncuran uang baru nominal rupiah ribu 
162,jubir presiden ungkap identitas bocah sipit di uang baru rupiah ribu follow demokrasicoid 
163,aditnya perpatih anak yang kenakan pakaian adat makuta dalam pecahan uang 
166,barusan liat video infografis judulnya keunikan uang ribu rupiah nomor satu bilang begini bisa buat transaksi ya namanya duit kan emang buat transaksi uniknya dimana bambang
168,ada cerita menarik tentang pemotretan anak berbaju adat untuk tampil di uang baru rupiah ribu ternyata pemotretan itu berlangsung secara rahasia lho begini ceritanya 
170,wali kota risma terima uang baru pecahan rupiah ribu dari bank indonesia 
173,nyuruh nukerin uang ribu pictwittercomeavlfgdp
174,supah ada uang pecahan ribu edisi hut ya allah baru tau
175,sepanjang sejarah republik ini bank indonesia telah mengeluarkan uang rupiah khusus urk sebanyak kali untuk beberapa peristiwa sejarah di negeri ini tiga di antaranya untuk memperingati hari kemerdekaan ri rupiah ribu ini uang khusus yang keempat 
177,nukar uang baru ribu spesial hari kemerdekaan indonesia ke di bi kaltim aja full sampe tanggal september 
178,kalo pake argumen mereka ya semua nominal mata uang sudah pasti menghasilkan keuntungan bagi bi enggak cuma nominal ribu doang pikir mereka bi mencetak uang itu enggak ada resiko inflasi kali yak dari setiap uang baru yang dicetak pasti ada uang lama bulukan yang dimusnahkan
179,uang pecahan baru lebih bagus pecahan ribu dibanding yang ribu kayaknya pictwittercomxxrypmqqt
184,viral cerita warganet jadi orang kelima yang dapatkan uang baru rupiah ribu di bali 
188,senilai ribu hehehe mau uang an lembar juga boleh kayanya
192,bi buka suara terkait tudingan yang menyebut pihaknya bisa untung hingga rupiah triliun jika juta lembar uang khusus kemerdekaan rupiah ribu laku semua via detikfinance 
194,pengen dapet steal deal uang ribu
196,hoax ada budaya syahri di mata uang pecahan ribu rupiah via detaxid
199,deretan foto asli anakanak yang wajahnya ada di uang rupiah ribu coba simak mirip aslinya tidak 
203,potret anak kecil di uang pecahan ribu yang baru bikin seru perbincangan barulalu hubungannya dgn perbincangan hangat keagamaanada tentumari kita liat dr daerahnyamereka bangga dgn laki kecil kelas sd kebanggaan kaltara spt botol kecil berisi surat yang dihanyutkan ke sungai
208,saya jahat nggak sih sekarang hp adikku rusak parah dan udah di konter bulan belum jadi mau beli cuma ada uang k di sisi lain saya malah mau beli hp baru padahal hp saya yang ini masih layak banget di pakai
210,kle bak kasi saran cara nagihin uang yang dipinjem ma tmn guyss awalnya enggak enak nagih karna dia emang ngaku bnr enggak punya uang eh makin lama storynya jek hp baru sm ke salon gen gaene
211,hoaks uang baru pecahan rp ribu tidak dapat dibelanjakan 
212,ini sosok anak gorontalo dalam uang baru rupiah pictwittercomnqmykwm
218,terima dan bersyukur dulu nder bsk kalo km punya uang lebih sabi lah tuker tambah atau beli baru ortu mu syg km nder rela pontang panting beliin km itu hadiah bwt km spek lepi saya sm km tapi belinya patungan bertiga sm ortu udh bersyukur bngt 
219,accurated contohnya cetakan uang baru rb
220,anda bukan orang ekonomi lihat proses coba bagaimana bi mendistribusikan uang cetakan baru apa langsung dikasih kan ke orang lain apa dipakai untuk membelikan sesuatu yang berharga tentu saja hutang tidak harus bentuk sun ada juga hutang di warung yang cukup tulis di kertas
221,wealah ahok bini petama ja di entotin orang bertahun ya biar dpt komut pertamina eh bini kedua bunting dl baru pesta dari uang sumberwaras itu yang perlu dicagar keknya
226,gara posting uang baru ada simbol salip nya kena makian pictwittercomphpywjuz
229,ya allah jam segini uang baru cair alhamdulillahhhhhh
230,ini pas baru lulus sma kaka bilang de kamu kuliahnya taun depan aja ya kasian mama gaada uang yaudah aing nyantai enggak ngikut ujian apa apa trus mama ayah bingung kok gaikut lgsg kena marah disuruh daftar h closereg sbm dan cuma velajar minggu gimana mo lulus gan 
231,titipan saya mau jual ini k kondisi masih oke baru dipake kali dulu beli sekitar k uang hasil penjualan nya mau saya kasih ke tetangga saya buat anak nya beli hp minat dm aja ya pictwittercommortmjy
233,pake uang baru
237,kak jadi pet cargonya beli pake uang donasi tapi kok udh ada di tiktok jam yang lalu sementara foto dan info di twitter baru jam apa gitu kumaha ini teh pictwittercomtbzkihlhs
239,tentuuuu kakak saya abis saya kasih tau juga jadi gt jadi pas udah mau jalan baru kasih uang nya wkwk
240,mohon izin pencerahan bang baru kerasa soalnya uang jajan mulai berkurang
246,pars men jadi ceritanya nyokap ultah ni hari tapi gue baru ngucapin sampe doi balik kerja trs bokap enggak ngucapin juga karna bokap emang lupa ultah sendiri aja lupa jing im sori mam plis uang jajan jangan seret
247,hy guys mlm ini hp saya redmi a yang belinya pake uang tabungan saya separo dan ditambahin pake uang bapaku separo akuu sama hp saya ini udah mau tahun bulan november nanti dan baru kali ini saya pake hp awet sampe bertaun pictwittercombkjmsixcf
251,semuanya berubah waktu saya masuk sma ya saya masuk sma memang dapat kemudahan banget karena lulusan dari smp yang sama yayasannya bahkan mungkin kalian baru tahu atau ngalamin sendiri saya sampai diberikan potongan uang masuk baca beasiswa
252,selamat malam tahun baru islam semoga di tahun yang baru ini saya punya banyak uang amiin heeeeee 
254,ada yang dah punya uang rebu yang baru tu belum si saya pgn bgt
256,pen ikut nukerin uang kertas k yang baru tapi belum punya ktp
257,iya kalo bisa uang baru k itu yak wkwk
259,saya disaat bersiap kembali liat status orang pada pamer uang rb baru dan rencana liburan buat besok pictwittercomobwrjvuqus
261,oalaah gatau deh psm apa baru denger searching aja hyung kalo berkaitan sm uang hrs ati
266,uang baru edisi hut ke ri dijual online pihak shopee buka suara 
270,berarti kita cetak uang baru
275,asli punya saya waktu itu belanja ke pim bawa uang jt sampe abis mamen deket banget malah sama dia asli deh kemana mana berdua shopping pun sekarang udah kayak orang enggak kenal dia punya temen baru saya mau gimana lagi guys emmm mungkin sisa yang kemarin paling jadi kenangan ajaa
278,please nder bersyukur dulu itu udah enak loh enggak minta langsung dibeliin kalau saya minta dulu terus nunggu dulu sampai uang ortu cukup baru dibeliin kalau enggak gitu harus capai target apa dulu baru dibeliin ortu jadi ada challengenya gitu vuat dapatinnya
279,beli baru aja nder pake uang kamu sendiri
281,masih banyak anak yang enggak bisa beli laptopenggak mampu dulu saya beli laptop dr hasil uang beasiswa ppa baru ditambahin sama ortu itupun semester ke baru punya sebelumnya pakai pny kakak diapun beli sendiri juga dulu jadi perhatian ortumu yang begitu luar biasa syukurilah
282,wow gila ini adek kelas gue yang baru masuk gede gedean uang pangkal yak wkwkwkkww jaman gue masuk masih ukt sih gapake uang pangkal jd undangan mandiri sbm sama semua bayarnya tergantung pendapatan ortu
283,besok tahun baru islam tapi saya enggak libur ya gapapa yang penting saya dpat uang jajan
286,bukan anak ekonomi tapi uang baru rb itu juga bisa jadi alat pembayaran yang sah ko cuman karena di produksinya sedikit memperingati hut ri dan desainnya yang bagus jadi kaya sayang aja kalo dibelanjain akhirnya jadi koleksipajangan
289,nungguu punya uang banyak baru nato lagi mahal ya sheyeng
290,qna mau nanya dong jadi saya pengen jual laptop di tokopedia toko saya tuh toko baru lalu buyer mau beli pake metode cicilan kartu kredit nahapakah setelah transaksi selesai uang yang saya terima langsung atau cicilan jugaa
291,lucu juga ya uang rb yang baru dijual jutaan
296,padahal secara biaya jauh lebih mahal kalo saya lewat mandiri uang pangkal bisa kali lipat ukt bisa kali lipat dari gundar alhamdulillah ibu sangat support dan enggak masalah kalo harus kehilangan uang pangkal gundar yang nyap papah paling saya gagal dapet hp baru
298,pas kelas sd saya udh min tapi baru pas kls smp ini baru pake kacamata ciri min tuh mata rabun pas ngeliat jauh kalo mata dipaksain ngeliat jauh itu kepala bakalan pusing tapi kalo ngeliat uang aja mata saya langsung jernih ngeliatnya heran
299,mengawali sesuatu yang baru itu emang sulit nder tapi percaya deh setelah kamu ambil langkah pertama semua bakal kerasa lebih mudah semangat ya sender kerja yang kecil duluu ya jadi dropshipper tuh lumayn buat tambah uang jajan
303,selanjutnyaurus visa tiket dll berangkat foto upload sosmed diiringi kata mutiara sok bijak maklum udah gagal berkali baru sukses sekali seneng banget kwkwkw saya dapatnya fully funded dapat living cost spp asuransi uang buku uang penelitian transport dll
307,dapet komisi dr jual warisan kasihlah uangnya sm adik ipar dapet uang tpp kasihlah jt sm mereka alasannya kasian baru bikin rumah biar bsa beli isi rumah
315,ada orang dapet uang ribu udah seneng ada orang dapet nilai udah seneng ada orang bisa makan di restoran udah seneng jangan merusak kesenangan orang lain pake baru gitu aja seneng norak derajat kesenangan tiap orang bedabeda just let others be happy
318,apa komentar sahabat pilar tentang uang baru upk tahun ri pecahan rupiah mau punya enggak kalo punya buat apa ngobrol di kita talk tapi selow bareng paman dika
321,lagi ada uang ingat ma kawan lupa sama diri sendiri uda enggak ada uang kawan mala lupa baru ingat diri sendiri
322,pas uang baru rb keluar percakapanku sama suami adalah nanti apa ya yang bakal mereka temukan dari uang itu saya cuma liat kesempurnaan gambar dan karya setelah uangnha terbit di duga budaya cina kaaann pasti aja ada salahnya padahal ngga salah senyum sedikit
324,indonesia bikin dan cetak uang baru bukan baliho kalo semia pakaian adat dimuat di lembar uang ya enggak cukup kalo pun cukup ya enggak keliatan karena kecil sekali apa bapak pernah belajar desain grafis walau secara otodidak pernah kalo enggak pernah jangan asal bunyi malu sama bio 
332,nder lebih baik kamu lebih bersyukur sama pemberian ortu mu enggak semua orang semudah itu bisa beli laptop dan ortu ngedukung km kuliah temen saya malah udh semester skrg baru bisa beli laptop dan itupun dia pake uang hasil tabunganny sendiri
340,baru nyadar yang pake beskap di uang rb ponakan ndiri
342,gue baru punya temen yang ngemasalahin soal skincare mulu orang mau skincarean juga beli pake uang sendiri anjir lu gamake ya gosah bahas mulu make tinggal make engga gosah bcd
344,tol nya di tutup baru abis uang cendana
347,baru ngasih tau kabar lulus ke ortu langsung diceramahin cari uang dulu baru nikah iye taauuu
350,golongan orang muna ya sperti itu di cari kesalahan di uang baru tapi pas nerima uangnya langsung di masukin kantong kan muna
353,saya dulu mil kalo uang saya udah abis baru kamu en
354,jakarta untuk melakukan sesi pemotretan mengenakan baju adat suku tidung kaltara dan ternyatafotonya kini terpampang dalam uang edisi baru rupiah tepat pada hari kemerdekaan ri ke izzam kecil pasti akan terus mengenang dengan manis wajahnya di abadikan dalam lembaran
360,airasiaindo dear air asia uang saya sudah dikembalikan di akun kredit kemudian ingin membeli tiket baru tapi ketika ingin pembayaran saya salah klik metode pembaran untuk membayarkan kelebihan dana nya sedangkan akun kredit saya sudah menghilang dan s
361,ade ini anak nttnusa tenggara timur yang di dalam uang baru rupiah biang kerok dikit china pictwittercommeqmvpe
366,ngga kok gue baru umur thn udh malu klo minta apa karna gue tau susah nya cari duit gimana alhasil beli apa pake duit sendiri hasil nabung uang jajan 
367,maksudnya saya enggak ngerti kalau dalam uang negara harus mencantumkan semua unsur indonesianya kok baru protes sekarang enggak sekalian protes pahlawan yang ada di uang negara cuma satu enggak segerombolan gitu
368,anjing baru gantu lcd udah pecah lagiemang uang haram
374,saya juga mau trima donasi uang baru
383,bank indonesia bi memberikan jatah lembar uang baru pecahan rupiah untuk provinsi gorontalo 
387,diserbu warga peminat uang baru edisi kemerdekaan harus menunggu bulan depan 
393,liat anak kecil di uang yang baru di bully karena di anggap cina sedih banget deh kenapa sih orang jahat banget orang cinaindo kan orang indo juga sama aja kayak orang arabindo udh tahun ni negara merdeka masih aja ada orang punya mindset begitu
402,berangkat harus bisa mengatur uang beli seperlunya pulang tas baru baju baru bedak baru apa baru semua terlihat menarik saat ditoko tapi kenapa biasa aja kalau udah sampe rumah cewek
406,ada tetangga saya yang enggak suka sama pemerintah trs bilang uang rb yang baru ada baju adat cina lah itu dari kalimantan wawasan rendah tapi udh men judge
407,coba aja klo mau nyuci kantongin uang dlu dicucian trus pas nyetrika baru deh diambil nemu kan wkwk brarti kmu tuh enggak pelupa
408,biasanya dikasih uang pernah mau dikasih mobil tapi direbut sama kakak baru tau pas udah dia miliki nyogok mana hih 
410,baru kelar nntn bagian ini anjirrr enggak berenti ketawaa didukung banget ost nya udh ballad gituu pas bilang suka tiba ost nya berubah anjir pas bilang karena uang wkwkwkwkwk 
411,klo sy lbh milih dikasi uang rb meski cetakan lama drpd dikasi rb baru 
414,gpp g dpt uang baru tp boleh enggak udh tiap bulan dipotong pajak masa harus lapor juga mngkn bs liat di sistem aja gitumakasih
416,ada uang tujuh puluh lima ribu toh kok saya baru tauuu
420,saya baru dengar uang pelangkah itu apaa huaa
422, mesin beberapa kali terdengar ketika harga satu persatu dimasukkan melalui scanner barang yang mereka beli pun tidak terlalu banyak karenanya myra dengan sigap meraih dompet dari dalam tasnya baru saja hendak menawarkan atensinya kini jatuh pada uang ribuan yen yang 
423,cek fakta tidak benar uang baru pecahan rupiah tak bisa dipakai untuk belanja 
426,maaf ya mas ini sw saya tadi siang pertama saya salut sama adeknya masih kecil fotonya dah masuk uang barusan lihat twett mas baru sdar trnyata ini toh yang dikira jga pakaian cina saya cari yang pakaiannya mirip cina mana enggak ada dan memang aslinya enggak ada itu pakaian asli kaltra pictwittercomhmkuogmjj
430,baru gajian uang dah abis lagi apakah di rumah saya banyak tuyulnya
432,uang baru rp ribu bali dapat kuota juta lembar lebih 
433,selamat malam smart orang ada yang sudah dapat uang baru rupiah your it solution partner smart computerindo
435,ke rumah temen pulang sekolah jam sepuluhan hp mati uang habis lagi ada problem terus rimah dia tuh lewatin pohon gede sama bambu lewatin kuburan cm ada toko depan gang lalu sepanjang jalan enggak ada rumah lagi masuk sekitar menit baru ada
436,pas di tagih selalu bilang enggak ada uang trs kemarin baru belanja ke mall apa anjir
438,wish me luck makasi kak cia buat enggak nya semoga bisa menang soalnya dompet saya yang sekarang udah robek tapi gamau beli baru soalnya sayang uang semoga kakak sehat selalu dan rezekinya lancar terus yaa borahaeeee pictwittercomjwujlqmkt
439,akhirnya temen gua marahmarah terus bawabawa nama gua orang sumatera dan uang kita dibalikin dan kita pindah bis gua juga lupa knpa uangnya udh dikasih wktu itu habis itu cus go kita otw purwokerto daaaann itu karena suasana mudik tahun baru jad
440,aminjgn lgsung mati ke enakanstroke dlu beberapa tahunhbisin dulu uangharam yang mereka trima dri bohirbaru koit
443,luncurkan uang baru bi ternyata telah kali keluarkan uang peringatan hut kemerdekaan 
445,bank indonesia bi baru saja menerbitkan uang peringatan kemerdekaan tahun dengan nominal rupiah ribu bagaimana cara mendapatkannya via detikfinance 
449,belajar tanpa mengenal waktu investasikan uang anda untuk ilmu terlebih dahulu baru setelah itu investasikan ilmu yang anda dapat pada hal yang nyata anda sudah pelajari pictwittercomynpaeznf
450,min bankbca ada bisa penukaran uang baru 
457,menerima uang baru pecahan ribu bergambar baju adat cina kafir sebagai gantinya saya bersedia menukarnya dengan lembar uang bergambar pejuang islam ini gimana banding lebih banyak kan minat dm pictwittercomyicklieha
460,udah dapet kode pemesanan penukaran uang rb dari jam sore tadi pas baru barunya buka websitenya terniat pictwittercomjydkmtha
461,istrinya pasti cepat dapat suami baru nah dia nungggu palu gada malaikat kebanyakan uang g jelas
463,cara mudah dapatkan uang baru pecahan yang diedarkan secara terbatas 
464,hadiahnya uang sejuta dri pak lurah en kawannya
471,diinformasikan hari senin tanggal agustus bi rilis uang baru peringatan kemerdekaan hut ri ke untuk penukaran uang baru pecahan bi telah menunjuk bank umum yaitu mandiribni bca bri cimbniaga mulai ditukar tgl okt sihab
472,tolol banget guee baru mau pesen uang rb nya skrg ya mana dapet bodohh
478,uang kertas baru remind me of my childhood dulu semasa bokap masih kerja di peruri sebelum orang punya uang baru beliau sudah punya and showing it to us his daughter sons dirgahayu indonesiaku pictwittercomkmlzjtzcqa
479,cara cepat dapetin uang rb baru buka grup keluarga lalu ketik tante saya mau uang rb an baru klo dpt mau yaa semenit kemudian besok tante coba cari ya klo dapet tante kasih iyasiap biasanya klo tante udh ngmng gt pasti besok dapet pictwittercomfjbyeuwdf
480,uang k baru apa ada potensi di resell
482,uang baru yang keluar senilai ribu pas banget sama harga amer jdi gausah kembalian
485,hahaha nunggu kamu laku dlu de baru di kasih uang jajan sayang dapet doa dari jisu nih scwons
486,ada hal yang lebih urgent buat di bahas data covid di indo masih belom turun dr pucuk heyyy ini malah bahas uang baru ruu ampe kalung anti covid lol
489,ah goblok banget si ada yang bilang baju adat kaltara yang di uang baru dibilang baju adat cina wkwk tolol
495,barong gubernur bali apresiasi dipilihnya kain grinsing bali pada uang kertas baru rp ribu berita dewata 
497,bandarlampung gubernur lampung arinal djunaidi dan wakil gubernur chusnunia beserta pimpinan forkopimda provinsi lampung mengikuti peluncuran uang baru edisi khusus pecahan rupiah secara virtual di balai keratun senin pictwittercomzvwirhx
498,baju adat suku tidung kalimantan utara pada uang baru rp disangka baju adat china baju harian orang tionghoa ini justru diadopsi oleh muslim indonesia karena tuikhim dipakai oleh engkohengkoh maka baju hasil adopsinya disebut baju koko 
506,setelah viral garagara disuruh ngembaliin uang beasiswa dari negara sang aktivis papua akhir kisahnya berujung indah dengan jadi manager baru barcelona cc ekomaung
507,besok per ktp bisa ajuin penukaran uang k di bi di bank lain baru ada oktober aaa ingin ke bi 
508,ih telat tau ada daftar online buat tuker uang baru dah penuh deh 
509,pengen punya uang pecahan yang baru tapi kenapa nukerinnya harus keluar kota padahal sangat ingin karena cangtip sekali uangnya 
518,uang baru rupiah bisa mulai dipesan jam wib apa saja maknanya 
521,seriusan soalnya dari tadi browse di internet soal detail tiap busana daerah di uang baru rb itu nggak nemu
522,secuil sambat di hari kemerdekaan ini gagal preorder tukar uang pecahan baru di bi karena kehabisan kuota gapunya samsek foto pegang bawa bendera merah putih buat story 
527,btw pecahan uang baru rb full colour banget sih jadi keliatan kayak uang mainan mgkin perlu adaptasi 
528,stn enggak buka pendaftran sampai beberapa taun kedepan nder eummm atau enggak kerja dulu aja smk bisa kan ya gatau saya hehe tp menurut saya si kerja dulu tabung uang nya baru kuliah
530,akibat uang baru kini saya memiliki darah china kakek selama ini kamu orang china ya memikul lele awas cuu knp kek awass knpp gatau anjim
532,mau uang baru tp mager banget ya nukernya
544,tahun kemaren jd bendahara panitia an ngerekap uang belanja kado sgla macem begadang sm panitia yang laen sampe jam subuh baru pada bubar huuu seru jadi pengalaman skarang absen dulu ngurusin kuliah
554,krn pulsa saya byk top up bulanan dr kantor enggak bisa diganti uang jd dimanfaatkan yang lain aja mgkn klo nanti udah enggak dpt jatah pulsa lagi baru saya mikir ulang 
555,dicari uang keluaran baru kalau ada saya beli seharga rb pictwittercommbwpozaaw
564,uang baru pecahan yang debut hari ini bikin pusing saya sbg anak warung kalo hitung uang kembalian hitungnya ngawangawang soalnya 
565,natalan balek nunggu naek pesawat enggak riweh baru balek wkwk sama kl di perantauan dapat uang jajan 
567,baru vc sama kakak komen soal mukaku dan down lagi makanya jangan coba skincare buang uang aja kamu monangis
568,baru mau jawab wkwkwk nah iy yang basic pake uang jaminan gitu yang advanced ada rb
572,agsjadjajd cakep banget untung enggak kelewat pls pls tunggu akhir bulan uang pc vio setidanya balik setengah eh tapi harus mikir album yang baru dp sama printilan lain yang masih kurang 
575,tiap kali mikirmikir buat boros untuk ilmu baru selalu ingat kata emak uang itu bisa hilang dan dicari lagi tapi ilmu itu akan kekal seumur hidup
581,dalam sambutannya menteri keuangan sri mulyani menegaskan pengeluaran uang baru ini bukan untuk menambah likuiditas 
582,hhaa percaya ka pa aziz mh pasti aya link supaya abi tiasa gaduh uang baru eta 
596,mau uang lembar baru tapi mager ngurus nukernya
599,eh mksutnya uang baru yang perdana kn haha
601,uang pecahan baru 
602,uang baru men pictwittercomapgtuoiah
605,yang bayarin cilok dong besok gua balikin dan uang gua kaga pernah balik total udah ribu apa gua kasi nota bon ke pacarnya yang baru ya
610,baru kali ini liat uang dengan cetakan nolnya lebih kecil dari angka lain mencium bau pengenalan redenominasi we will have rupiah sampai rupiah as the highest money cent means maribu cent means seribu pictwittercomgilxnyseo
611,yang masih penasaran dengan uang baru edisi thn indonesia picture dalam uang adalah pakaian adat nusantara salah satunya pakaian adat tidung kalimantan utara suku tidung adalah sub dari suku dayak yang kebanyakan memeluk agama islam paham ya pictwittercomldrsibjuph
613,om hari ini ada uang baru pecahan loh tahun merdeka
617,tim nunggu uang baru rb dilebaran idul fitri
618,penukaran uang k wkkw
620,bikin uang pecahan k apa bener mau ngontrol peradaran uang di masyarakat
621,sedih amat dah baca di onlen bnyk yang komen anak di gambar uang k pake dikatain cina ternyata dia anak kalimantan kan indonesia beragam suku coy dari yang mirip arab india sampe cina juga banyak disini sediih 
629,ada tiga hal yang membutakan manusia salah satunya uang k wkwk
632,miris liat orang jualan pecahan k sampe jutaan rupiah butuh uang apa butuh otak si anda
637,info penukaran uang k yang baru di lumpukne terus dinggo mahar menarik 
643,uang pecahan k tuh buat apa
647,eh ada uang kertas k hmmmmm interesting
649,mau ikutan dapet uang k edisi khusus susah bener asli jadwalnya penuh mulu ada yang punya tips
650,uang baru yang k berapa deh gemes banget desainnya
651,dari kasus klepon jenis pekerjaan anak di uang k diangkat ntah siapa diselesaikan sama pahlawan yang sama msh aja kemakan polos banget yak wkwk
654,ihh enakk bgttt bisa ngerasain uang k 
655,lumayan jualan perangko g laku
657,bankindonesia kalau lihat website seluruh slot waktu pemesanan dan penukaran uang untuk lokasi bandung sampai september sudah penuh semua apakah akan ada penambahan kuota lagi atau tidak ya
662,mungkin ini cara mempertahankan eksistensi halobca sebagai pertanggung jawaban kpd bankindonesia supaya tetap terlihat kokoh
668,min ini update schedule jam brp dah pagi jam mash bulan agustus pas liat lagi jam pagi udh september tp lgsung penuh 
670,antusias warga tukar uang edisi khusus hut ke ri di bank indonesia 
678,nurani ne ndi saya yo pengen duit ribu kae lho pak 
679,management sekarang pikir sekarang yang nanti pikir nanti pokoknya ikut saja tidak perlu protes merugi lebih banyak urusan belakangan pilihan terbatas yang penting bankindonesia siap cetak uang
680,berdasarkan situs bankindonesia suku bunga bi reverse rate pada agustus diumumkan sebesar sama dengan periode bulan sebelumnya artinya suku bunga tetap alias tidak berubah pictwittercomqrcpvkxm
693,enggak usah ngiklan terus deh bankindonesia gmn caranya dapatin itu uang jika salurannya sudah tertutup
695,programprogram pemerintah dalam pemulihan ekonomi nasional pen akan segera direalisasikan pemerintah melalui bank indonesia bi juga telah mempersiapkan kebijakan untuk memitigasi risiko dampak covid terhadap perekonomian pictwittercomagrvxthv
700,programprogram pemerintah dalam pemulihan ekonomi nasional pen akan segera direalisasikan pemerintah melalui bank indonesia bi juga telah mempersiapkan kebijakan untuk memitigasi risiko dampak covid terhadap perekonomian pictwittercomojitrnouo
705,klu kita daerah kabupaten mau tukar d mn coba s
707,bank indonesia cuts down payment for ecofriendly vehicle loans to 
719,neraca perdagangan triwulan iii semoga pd bnyk sektor surplus signifikan dg strategi al mningkatknmperluas diversifikasi ekspor ke bnyk negara di benua dg strategipeluang pemasaran yang handal minimalisir impor dg memacu produk substitusi impor unt kemandirian
727,setiap saya mengunjungi website dan mengatur jadwal penukaran uangnya tibatiba ada opsi bahwa jadwalnya penuh semuanya bagaimana cara mengatasi masalah ini pictwittercombluqzcis
729,bankindonesia fessponti pontianakite
741,dari bank indonesia d
742,isinya kalendernya abu abu semua apa gunanya
746,limited tapi bs digunakan sbg alat pembayaran yang sah
748,min bankindonesia tambah dong soalnya saya enggak kebagian buat nuker an 
755,kalau ada yang menjual upk dengan harga yang lebih tinggi apakah dibenarkan
756,biki thread edukasi dong
759,iyee nih dah penuh pas sejam stlh launching juga
761,kemaren udah coba buka webnya tapi jadwal penuh semua min 
764,daftar situs agen sbobet deposit semua jenis bank indonesia rb daftar situs agen depobos sbobet deposit sudah bisa ke semua jenis bank indonesia dengan minimal deposit hanya rb saja sudah bisa menikmati sensasi bermain dengan satu id pictwittercomyhodqnhrjx
765,ini limited edition kah 
767,ada pertanyaan komentar di bawah yah
772,come to commander bin tni polri brimob paspampres sis gchq m british army fbi cia secret service us army all unlimited billion cheque all unlimited billion money all unlimited billion heritage all country unlimited billion multiply per second
781,sentimen negatif selama masa pandemi juga menyebabkan indeks volatilitas pasar ekuitas global melonjak world bank bahkan proyeksi pertumbuhan kredit di indonesia juga melemah dibanding dengan tahun lalu bank indonesia 
782,utk mendapatkannya perlu dana ko seperti jualan uang rakyat disuruh nyumbang 
783,saya engga
785,hai sobat bi perkenalkan kami merupakan jasa konsultan yang ditugaskan oleh bankindonesia untuk membantu meningkatkan kualitas layanan contact center bi melalui survei kepuasan teruntuk kalian yang pernah menulis comment atau dm ke akun media sosial bi
786,bank indonesia telah menambah likuiditas di perbankan sekitar rupiah triliun hingga agustus untuk pemulihan ekonomi nasional gubernur bank indonesia perry warjiyo secara virtual di jakarta sdr pictwittercomqeehdszc
787,sejak diluncurkan untuk memperingati hut ri ke tahun animo masyrakat untuk penukaran rupiah sangat tinggi bank indonesia bi pun membatasi penukaran upk rupiah hanya lembar setiap hari kerja pictwittercomyaxzhqwls
789,bi yakin cad indonesia tahun ini akan ada di bawah dari pdb 
790,boleh diinformasikan siapa engraverdesigner dari upk ini biar kerja keras mereka juga dihargai min
794,not myself reading the bi bank indonesia as bi 
798,the next monetary meeting of the bank of indonesia will be held on sep bankindonesia 
801,bank indonesia central bank rasa bank komersial 
802,bank indonesia membeli sbn di pasar perdana untuk mendanai apbn 
807,bank indonesia cermati risiko covid terhadap stabilitas sistem keuangan pictwittercomnduitufad
809,bank indonesia bi merilis angka neraca pembayaran indonesia npi pada triwulan ii sebesar miliar dolar as angka ini merupakan surplus yang cukup besar dalam menopang ketahanan eksternal indonesia 
810,uang rupiah dibanderol harga selangit di ecommerce ini kata bi bank indonesia bi pada senin mengeluarkan uang rupiah khusus edisi hari ulang tahun hut ke republik indonesia dengan pecahan 
812,uang rupiah seri khusus yang diterbitkan bi adalah uang kertas senilai rupiah ini diserahkan langsung oleh kepala bank indonesia jawa timur difi ahmad johansyah kepada bu risma di kediaman walikota surabaya pictwittercomoznujwhws
817,bank indonesia bi pusat telah menyiapkan sebanyak juta lembar uang pecahan baru dengan nominal rupiah kepala kantor perwakilan bi jember hestu wibowo rabu memastikan ketersediaan uang baru 
819,bi sudah menyuntik likuiditas ke perbankan senilai rupiah triliun 
821,mulai oktober dp kendaraan ramah lingkungan jadi nol persen bankindonesia 
829,tely menceritakan pada lalu kantor perwakilan bank indonesia nusa tenggara timur memintanya untuk mengirim foto anaknya yang memakai pakaian adat agar diteruskan ke bank indonesia di jakarta untuk diseleksi
831,boleh liat format surat kuasanya enggak
834,jaga stabilitas ekonomi bi tahan suku bunga di level persen bankindonesia 
836,jadwalnya penuh semua
838, bank indonesia
840,bank pauses on rate cuts to support currency 
841,rupiah per agustus terdepresiasi secara point to point atau dibandingkan juli dipicu kekhawatiran gelombang kedua pandemi covid gubernur bank indonesia perry warjiyo secara virtual sdr pictwittercomcvbkarvpr
845,bank indonesia tambah likuiditas perbankan hingga rp triliun pictwittercomapxisme
856,ternyata gubernur bank indonesia aja enggak bisa buka rekening di bank indonesia 
857,rapat dewan gubernur bank indonesia agustus memutuskan mempertahankan suku bunga acuan bank indonesia sebesar hal ini dikatakan gubernur bank indonesia perry warjiyo secara virtual sdr pictwittercomcwveutpsh
861,saya sangat ingin mendapatkannya untuk ibu saya yang sangat menginginkan yang tsb mengingat saya ingin menyenangkan ibu saya yang sakit jantung bisakah saya membelinya
862,untuk membiayai defisit apbn bank indonesia membeli surat berharga negara sebesar rupiah triliun 
866,rapat dewan gubernur rdg bank indonesia pada agustus memutuskan untuk mempertahankan bi day reverse repo rate bidrr tetap di level dewan gubernur bi yang dipimpin oleh perry warjiyo sebagai 
867,breaking bank indonesia menahan suku bunga acuan di level 
869,null suntik likuiditas perbankan rp triliun apa manfaatnya bank indonesia bi 
874,bank indonesia bi mencatat nilai tukar rupiah terhadap dolar as mengalami pelemahan 
879,ini bukan instagram ar filter biasa ia mengampenyekan budaya mengompos sisa makanan kok bisa biar enggak penasaran lihat demonya yuk dan jangan lupa ikuti kompetisi bikin ar filter ini atas prakarsa dbs bank indonesia dicoding pemenang points pictwittercomyeighmlnx
881,untuk yang tahap mulai oktober pendaftaran di web akan dibuka kapan min apakah tetep hrs pantengin web secara berkala
889, indonesia bank indonesia rate meets forecasts in august
890, dewidomino merupakan situs judi agen poker pasti bayar bisa dengan deposit pulsa dan depo bank indonesia pictwittercomptpofpqu
891,hai idham uang peringatan kemerdekaan upk tahun ri dikeluarkan secara khusus dalam rangka memperingati tahun kemerdekaan ri dan biasanya karena bukan uang reguler serta dicetak terbatas selengkapnya dapat kamu lihat pada tautan berikut 
900,hai bi menggunakan aplikasi pemesanan penukaran untuk mempermudah masyarakat yang hendak melakukan penukaran masyarakat dapat secara pasti menentukan waktu dan lokasi penukaran sesuai dengan pilihan masingmasing selain itu pemesanan melalui aplikasi dapat 
902,bank indonesia bi memperkirakan inflasi juni lebih tinggi dibandingkan inflasi mei 
903,indonesias balance of payments recorded a sizeable surplus in the second quarter this year thereby reinforcing the countrys external resilience central bank bank indonesia has reported 
907,uang rupiah ini bisa bermasalah dg mui kalau kertasnya mengandung unsur lemak babi sekalipun udah pakai pakaian syari 
908,limited edition uang pecahan rupiah 
911,hut ri ke bi resmi mengedarkan uang kertas pecahan rupiah pictwittercomjzviggae
912,monggo review lengkap dari uang baru rupiah siapa tau ada yang penasaran sekaligus cara dapetinya ada divideo ini ya mantapp lho 
916,monggo review lengkap dari uang baru rupiah siapa tau ada yang penasaran sekaligus cara dapetinya ada divideo ini ya mantapp bangettt 
923, cara dapat uang baru rupiah ketahui mekanisme yang harus dilakukan 
926,uang rupiah membuktikan netizen maha benar biasakan riset sebelum komen biar enggak kelihatan asal nyinyir
929,ternyata pak pino nggk berani menyampaikan sendiri gebrakan ngaco tentang uang rupiah 
930,tapi selain itu ada tambahan dari kami untuk pengetahuanmu tahun ini bank indonesia mengeluarkan uang rupiah untuk merayakan tahun ri
931,fiat currency fake money menghancurkan mitos fki dari mata uang kertas dan yang baru rupiah 
932,uang baru edisi hut ri ke pecahan rupiah pictwittercomyfnfuotaaq
937,bi luncurkan uang baru rupiah trending in indonesia asian network media 
940,dulu parkir dan ke toilet umum rupiah dan setelah cetak uang rupiah harga toilet umum dan parkir naik jadi rupiah kami enggak butuh pecahan rupiah kami lebih butuh pecahan rupiah aja buat parkir sama toilet umum hehe
941,jadi dengan rilisnya uang lembaran baru rupiah ini merupakan seremonial tahun ri atau sebenernya membatasi pencetakan uang lembaran rupiah biar enggak krisis plis kalo ada yang paham soal ini kita diskusi hayuk pictwittercomaipsfieho
942,memperingati hut ri ke bankindonesia luncurkan uang tunai rupiah mulai besok keren enggak sih pictwittercombhfkhmv
944,bi ngeluarin uang baruu nih rupiah untuk memperingati tahun kemerdekaan indonesia etapi uang itu katanya cuman untuk di koleksi bukan untuk alat transaksi pictwittercomkwaweoxcu
945,btw ini pecahan uang ribu kayaknya bagus design nya tapi nukernya ribet karena cuma bisa di bank saya enggak ada waktu ke bank 
949,ternyata ini makna filosofis uang pecahan rupiah ribu 
952,bayanginkalo ente punya lembar duit ribu dan ente simpen dalam jangka sampai tahunhmmmbisa berlipat ganda itu uang ente berlipat ganda karena di lego sama kolektor uang langka
958,diluncurkan pada saat 
962,kalo masalah barang langka dan saya mampu kayanya saya bakal kejar meski nyita waktu kerja wkwk pictwittercomqhcmhlmf
965,sri mulyani uang pecahan rupiah ribu tak diedarkan bebas apalagi tambahan likuiditas lewat repelita
969,pecahan ribu x juta lembar triliyun secara tidak sadar negara menarik uang yang beredar di pasaran hmmmmmm
970,urusan cewek kalah cepet urusan uang ribu juga kalah cepet yang punya uang ini dengan seri belakang genap saya tukar dengan uang ribu per lembarnya terima kasih pictwittercomntiioqs
976,uang peringatan kemerdekaan upk tahun republik indonesia merupakan uang rupiah khusus keempat yang diluncurkan pemerintah dan bank indonesia bi upk tahun ri ini berupa uang lembaran kertas dengan pecahan rp ribu
978,uang pecahan rupiah ribu kenali filosofi dan cirinya 
979,pekerjaan rumahku mencari dan mendapatkan uang pecahan ribu d
986, ada peluncuran uang pecahan rupiah ribu saat hut ri ke 
990,gasabar pengin megang pictwittercomwjrqxpmhr
998,peringatan hut ke ri bi bakal rilis uang pecahan rupiah ribu 
999,uang ribu rupiah pt inti 
1000,gubernur bank indonesia bi perry warjiyo bersama menteri keuangan ri sri mulyani indrawati dikabarkan bakal meluncurkan uang pecahan rupiah ribu uang emisi itu merupakan edisi khusus dalam rangka hut ke ri merdeka 
1001,padahal lebih berharap uang pecahan atau ribu drpd ribu
1004,selain insiden rossi di gp austria td whatsapp grup juga rame sama uang pecahan baru ribu
1005,ya allah besok ada uang ribu dan gue enggak tau kemane aje gue byutifulfeeling tau enggak peb
1017,besok peluncuran uang pecahan ribu rupiah httpsaff httpsaff 
1018,pengen punya uang ribu itu 
1025,beredar di sosial media uang baru rupiah ribu yang akan dirilis pada hut ri ke besok 
1027,kabarnya bakal ada uang pecahan rupiah ribu buat menyambut hari ulang tahun ri ke itu angka di belakang emang sengaja dikecilin buat siapsiap redenominasi mungkin pictwittercomrxlcchgr
1029,itu uang lembaran kek seribu sepuluh ribu tapi ini ribu gtu
1032,sebelum kadrun protes nih gue kasih tau ada salib di uang koleksi ribu yang baru dirilis biar pada kebakar lu semua hahahaha aagym hilmi ustadtengkuzul pictwittercomfsfjix
1037,jadi ini uang baru yang mau diluncurkan bi pecahan ribu cantik ya guise pictwittercomcvsgpax
1048,mungkinkah uang ribu pictwittercommmtcqqeord
1050,bisa bisanya besok keluar uang kertas ribu
1055,uang ribu bakal beredar luas enggak ya
1056,sebuah pecahan uang kertas baru dikeluarkan bank indonesia uang pecahan rp ribu dikeluarkan bersamaan dengan peringatan kemerdekaan tahun republik indonesia senin agustus besok gubernur bi 
1057,uang ribu warnanya colurful ya bukan warna doang
1061,beneran besok uang ribu keluar yah enggak bisa nawar jadi ribu deh
1064,kirain ini hoak sdh dapat di group kebetulan anak bekerja di bank di wa belom jawab uang baru ribu itu bener mba zarazettirazr 
1071,ini uang khusus edisi tahun indonesia merdeka uang ini bisa ditukar mobil honda jazz terbaru bagi yang memiliki caranya kumpulkan sebanyak empat ribu lembar dan datangkah ke dealer honda terdekat silahkan pilih sendiri warnanya pictwittercomamrqtrhv
1073,ini uang ribu lucu bgd disennya
1078,marlison hakim kepala departemen pengelolaan uang bi setiap tahun bi selalu mengembangkan pengamanan uang kertas untuk uang pecahan ribu rupiah ini kita menggunakan teknologi yang tertinggi saat ini streaming pictwittercompibdqnypt
1080,marlison hakim kepala departemen pengelolaan uang bi uang pecahan ribu rupiah pada saat dikeluarkan tanggal agustus sudah berlaku sebagai alat pembayaran sah yang dapat digunakan untuk transaksi streaming pictwittercomechszst
1083, pa sebut negara sudah kacau bikin uang pecahan ribu hanya buat polemik download link 
1084,sumbar dapat jatah juta helai uang pecahan rupiah ribu bi satu ktp untuk satu lembar via tribunpadangcom
1087,bank indonesia resmi menerbitkan uang baru di hut ri ke uang baru ini juga merupakan pecahan baru senilai rupiah ribu uang tersebut berjenis uang kertas dengan tahun emisi 
1088,masyarakat jangan khawatir stok uang pecahan ribu aman sampai akhir tahun 
1089,mau dapat uang pecahan rupiah ribu ada caranya 
1091,ada apalagi ini anak yang pakai baju adat indonesia kalimantan utara di uang pecahan ribu baru dikira anak tiongkok semua aja gara gara china sebegitu alerginya kah kalian sama china
1093,dikirimin pkseribuan uang pecahan ribu versi kadrun pictwittercomyeesfjoryv
1098,warga kota padang sumatera barat mulai menukarkan uang untuk memperoleh uang pecahan rupiah ribu khusus sumatera barat bi mengalokasikan juta lembar pecahan rupiah ribu pictwittercomhmdjfdfnx
1099,uang pecahan rupiah ribu edisi khusus hut ri 
1102,peringatan hut ke ri bi bakal rilis uang pecahan rupiah ribu 
1103,desain uang pecahan rp ribu yang baru saja dikeluarkan oleh bank indonesia ternyata menyimpan makna menarik apa saja 
1105,wajah anakanaknya muncul di pecahan uang ribu ini rasa bangga para orang tua katanya rahasia 
1106,lagi viral uang cara mendapatkan uang pecahan rupiah ribu edisi hut ulang tahun republik indonesia yang ke tahun piye rek onok sing wis nduwe duwit terkini terbaru terupdate durung 
1110,uang pecahan rupiah ribu edisi khusus hut ri 
1116,mr kece bingung kenapa sih pecahan uang rupiah rupiah ribu bisa bikin ribut menurut mr kece keributan ini cuma ngadingadi aja baca tulisan pertama mr kece di 
1117,uang pecahan ribu dikatakan penuh filosofi bagi sy semakin banyak nominal uang semakin tinggi filosofinya
1123, ribu lembar uang khusus pecahan rupiah ribu tersedia di bi tasik 
1124,kaltara dapat jatah ribu lembar uang pecahan rupiah ribu 
1125,bi luncurkan uang pecahan rupiah ribu di hari kemerdekaan 
1128,warga bandung antusias tukar uang pecahan baru rupiah ribu 
1135,terkait dengan desain uang pecahan baru ini ada makna yang terkandung di dalamnya antara lain mensyukuri kemerdekaan memperteguh kebinekaan dan menyongsong masa depan yang gemilang
1137,seriusan ada yang jual uang pecahan rupiah ini seharga rupiah bank indonesia baru saja mengeluarkan uang pecahan baru rp ribu namun sayangnya uang tersebut sudah diperjualbelikan 
1146,pecahan uang ribu baru konon katanya tak bisa ditransaksikan sebagai media pembayaran ya kalau betul maka artinya sama aja lu tukar asset liquid sama kentut dong yang jual dapat cash sementara lu dapat kertas nggak laku pictwittercomenkjhqt
1151,dan uang pecahan ribu
1159,palingpaling uang pecahan ribu rupiah ini beberapa waktu dari hari ini sudah ada di situs belanja online 
1170,sri mulyani uang pecahan rupiah ribu tak diedarkan bebas apalagi tambahan likuiditas follow demokrasicoid 
1173,memperingati hut ri ke bi mengeluarkan uang pecahan rupiah ribu bergambar sang proklamator berikut cara memesan uang pecahan rupiah ribu di 
1174,heboh uang pecahan rupiah ribu dituding gunakan baju adat china netizen duh gobloknya kompak 
1177,bi rilis pecahan uang rupiah ribu ini makna dan filosofi desainnya lewat radar malang online
1178,kalau di lihat dari uang kertas ribu yang baru itu kayak penggabungan warna antara pecahan dan ribu rupiah iya enggak sih
1179,bi bersama kementerian keuangan meluncurkan uang kertas pecahan rp ribu dalam rangka memperingati kemerdekaan ri ke tahun pada senin masyarakat yang ingin mendapatkan uang pecahan ini bisa menukarkan 
1185,kuota penukaran uang peringatan kemerdekaan pecahan rupiah ribu di sebagian besar kantor wilayah bi sudah penuh hingga awal september sejak hari pertama peluncuran namun masih ada tujuh kantor bi yang memiliki kuota penukaran uang 
1187,cek fakta salah ada yang tidak lazim di uang pecahan ribu rupiah hanya ada baju adat tiongkok china kabar tangsel
1189, juta lembar uang kertas pecahan rupiah ribu siap diedarkan di papua 
1190,masyarakat sudah mulai dapat melakukan penukaran uang khusus peringatan hut ri pecahan rupiah ribu selasa seperti yang terlihat di kantor bi jabar begini momennya 
1192,ingin dapatkan uang pecahan baru rupiah ribu ini caranya 
1196,pa ini negara kok tambah kacau gini terbitkan uang pecahan ribu cuma buat polemik 
1199,uang baru pecahan rupiah ribu resmi meluncur 
1200,uang pecahan rupiah ribu cara bedakan yang asli dan palsu via youtube
1204,cek fakta terdapat baju adat tiongkok dalam gambar uang pecahan ribu rupiah ini faktanya 
1208,cara bedakan uang asli atau palsu pada pecahan rupiah ribu seperti kabar yang sudah beredar pada hari senin kemarin selengkapnya 
1210,bi papua batasi penukaran uang pecahan rupiah ribu 
1211,uang baru pecahan ribu mau untuk koleksi atau beli paketan amer 
1213,menurut saya pecahan ribu itu tidak praktis enggak percaya coba misalkan kita punya lembar uang ribu berapa total uang yang kita punya seberapa cepat anda bisa menghitung kayanya di indonesia doang ada pecahan dengan angka depan yang umum kan 
1216,salah satu wajah anak mewarnai salah satu sisi uang baru pecahan rupiah yang resmi dirilis pemerintah dan bank indonesia kemarin ternyata berasal dari kupang nusa tenggara timur atau ntt 
1220,perlu diluruskan bahwa klaim terdapat baju adat tiongkok china pada gambar pecahan uang ribu rupiah adalah ngawur faktanya baju tersebut merupakan baju adat dari suku tidung kalimantan utara lawan terus hoax salam nkri gemilang pictwittercommqjnhph
1221,pa sebut negara sudah kacau bikin uang pecahan ribu hanya buat polemik lewat repelita
1225,efektivitas peluncuran uang pecahan rupiah ribu dipertanyakan 
1226,bankindonesia merilis uang khusus bertemakan hari ulang tahun ke kemerdekaan ri nominal uang itu pecahan ribu rupiah uang kertas pecahan nominal ribu itu hanya dicetak juta lembar anda mau
1229,pemerintah dan bank indonesia kemarin secara resmi meluncurkan uang baru dengan pecahan rupiah sebagai peringatan kemerdekaan republik indonesia ri yang ke 
1231,empat kabupaten dijatah uang edisi khusus pecahan rupiah ribu sebanyak juta lembar 
1236,berdasarkan penelusuran klaim bahwa terdapat baju adat tiongkok china pada gambar pecahan uang ribu rupiah adalah salah cek faktanya disini baca selengkapnya di pictwittercomibhnydmql
1241,fakta uang baru edisi khusus pecahan rupiah ribu sulit dipalsukan hingga terungkap desain 
1247,untuk menukarkan uang ini bi perwakilan papua menyediakan juta lembar uang pecahan baru rupiah ribu 
1251,sultra dapat jatah ribu lembar uang pecahan rupiah ribu edisi khusus itu 
1253,ekonom nilai penerbitan uang baru pecahan rupiah ribu tak akan pengaruhi inflasi bi bersama dengan menteri keuangan telah meresmikan uang peringatan kemerdekaan tahun republik indonesia itu pada senin agustus 
1255,edisi khusus uang kertas pecahan rupiah ribu pictwittercomsoshpqnth
1261,bank indonesia bi meluncurkan uang kertas pecahan rp ribu bertepatan dengan peringatan hut ri ke senin sebagai wujud syukur dalam perayaan ri pemerintah dalam hal ini menteri keuangan dan bi 
1263,buat ngadrun super halu silahkan cek gambar anak berpakaian adat di uang baru pecahan rupiah ribu 
1264,baju adat china di uang baru pecahan ribu rupiah cek faktanya 
1265,kado peringatan hut ri ke uang pecahan rp ribu dicetak terbatas 
1272,heboh baju adat china di uang pecahan rupiah ribu ternyata pakaian suku pedalaman di pulau kalimantan bank indonesia merilis uang pecahan edisi terbatas khusus merayakan hari kemerdekaan 
1273,heboh baju adat china di uang pecahan rupiah ribu ini fakta sebenarnya ternyata pakaian suku ini
1274,bukan uang biasa pecahan baru rupiah ribu resmi diluncurkan bisa dipakai buat beli bensin 
1278,ini dia fakta tentang peluncuran uang pecahan ribu di perayaan hut ri ke dan cara mendapatkannya pictwittercomzcprjrwk
1281,uang unik pecahan rupiah ribu meluncur begini cara bedakan yang asli dan palsu pictwittercomxojwopxd
1283,uang baru pecahan rupiah ribu rupiah resmi di luncurkan oleh bank indonsia bertepatan pada agustus memperingati kemer pictwittercombxuckluxt
1285,uang pecahan rupiah ribu kenali filosofi dan cirinya 
1288,uang pecahan ribu
1290,nuker beb hahaha bi ngeluarin uang commemorative pecahan rb klo ada masyarakat yang mau nuker ribu mereka ke ribu lembaran ini bisa ke bi tapi harus pesan dulu
1292,viral tudingan baju adat china di uang pecahan rupiah ribu 
1293,uang kuno yang punya nilai jual tinggi di kalangan kolektor seri wayang gulden seri soekarno pecahan tahun seri barong pecahan seri jenderal sudirman pecahan seri hewan seri budaya pecahan 
1298,uang baru k dalam rangka memperingati hari kemerdekaan indonesia ke pemerintah resmi meluncurkan uang baru rupiah dengan pecahan nominal rupiah ribu kamu perlu tau ada makna tersirat didalamnya 
1299,selama buruh masih patungan transfer sisa uang atmnya biar genap ribu biar bisa ditarik pas akhir bulan kenapa indonesia malah ngeluarin uang pecahan ribu lagian jumlahnya yang hanya juta kayanya mahalan bayar desainernya
1302,uang baru pecahan ribu resmi di terbitkan untuk memperingati hut ri ke tahun pictwittercomabnuxhbq
1309,baru tau kalo mau ada uang pecahan ribu bagus banget designnya pictwittercomvpeutnc
1313,hype banget masalah uang pecahan baru ribu itu nga bisa ditarik tunai di atm manapun jadi ribet
1316,komisi xi dpr pertanyakan efektifitas pecahan uang rupiah ribu keluaran bi lewat repelita
1317,ada yang punya uang pecahan ribu
1321,uang pecahan rupiah ribu resmi diluncurkan dan diedarkan ke masyarakat sebagai alat pembayaran yang sah 
1322,headline nasional kementerian keuangan bersama bank indonesia merilis uang kertas pecahan ribu 
1325,hut ri ke bank indonesia terbitkan uang pecahan khusus rupiah ribu taharr abengbabel robbyputrababel dedysbastiano kemenkeuri perekonomianri
1334,begini cara dapatkan uang seri khusus pecahan rupiah ribu 
1340,sobat muda tahu nggak si bertepatan peringatan hut ri ke hari ini bank indonesia bi dan kementerian keuangan meluncurkan uang kertas pecahan rp ribu loh 
1344,sri mulyani menekankan bahwa peresmian uang pecahan rp ribu ini bukan untuk menambah likuiditas pemerintah melainkan murni memperingati hut ri ke 
1349,bi luncurkan uang pecahan baru rp ribu cetak juta lembar 
1351,sah pemerintah dan bank indonesia terbitkan uang kertas pecahan rupiah ribu 
1352,bukan dibeli kak tapi di tukar misalnya punya pecahan uang senilai ribu terus tinggal tukar aja tapi sebelumnya pemesanan penukaran uang dilakukan melalui tautan 
1357,uang baru edisi khusus pecahan rp ribu yang baru saja diluncurkan diketahui hanya dicetak secara terbatas yakni juta lembar bank indonesia menjelaskan tata cara agar masyarakat bisa memiliki uang 
1359,peringatan hut ri bi cetak juta lembar uang pecahan baru rp ribu 
1362,bi cetak juta lembar uang pecahan baru rp ribu 
1364,saudara haedzar ingin membeli baju baru dan membawa uang pecahan ribu sebanyak lembar berapakah uang yang dimiliki haedzar mikir dulu
1366,selamat hari kemerdekaan yang ke tahun indonesiaku tanah airku dengan meluncurnya uang baru pecahan ribu 
1368,yang mau uang pecahan ribu bisa beli di gue harganya ribu aja pictwittercomilmlwolf
1374,bi menerbitkan uang pecahan rupiah khusus rupiah ribu bertepatan dengan kemerdekaan republik indonesia ke hari ini bagaimana menurutmu pictwittercomhmdocopr
1376,kantor bi perwakilan jatim siapkan rupiah juta uang pecahan ribu edisi hari kemerdekaan ri via radiomercury 
1377,menkeu be like uang rupiah tersebut tidak ditujukan untuk peredaran secara bebas dan tersedia di masyarakat also menkeu mata uang ini berbentuk uang kertas pecahan nomimal rupiah ribu dengan jumlah lembar yang dicetak juta lembar 
1378,bi cetak uang rupiah pecahan ribu trikfriends udah tau belum kalau bank indonesia mencetak uang baru pecahan ribu pada pukul siang tadi loh pictwittercomtvlhwdezv
1380,bi resmi keluarkan uang pecahan rp ribu tepat di hut ri ke 
1386,sempat beredar isu pecahan uang rupiah ribu yang baru akan bergambar gus dur bi menyebut uang ini ternyata bergambar proklamator soekarnohatta seperti apa ya rupanya 
1389,ini uang pecahan ribu apa buat first project redenominasi palingan yak soalnya kok nominal pecahannya kayak yang paling ditonjolin ketimbang nominal ribuannya
1398,beredar design pecahan uang ribu rupiah sesuai hut ri kalo dilihat dari segi nilai ekonomi kalangan menengah ke bawah utk transaksi jual beli mungkin akan jadi tambah ribet transaksi pake uang ribu aja pedagang minta tunggu sebentar utk menukar recehan ke orang lain
1406,uang pecahan ribu
1407,uang ribu baru udah muncul tapi tetep yang paling dibutuhkan adalah atm pecahan ribu
1410,apakah ribu akan menjadi angka murah baru dalam marketing karena uang pecahan bisa kembalian hm kita liat nanti 
1411,konon pecahan uang ribu dikeluarkan untuk menyambut hari kemerdekaan republik indonesia yang jatuh pada hari ini
1412,indonesia resmikan uang khusus pecahan uang baru teruntuk kalian yang belum tau jadi di hari ini bank indonesia dan mentri keuangan akan meresmikan pecahan uang baru yaitu pecahan ribu rupiah
1413,kenapa negara mengeluarkan uang pecahan ribu bukan kah itu artinya ah sudah lah saya hanya sarjana ekonomi abalabal
1419,bi akan meluncurkan uang pecahan rupiah ribu saat peringatan hut ke ri senin besok 
1420,hut ri ke bi cetak uang pecahan ribu rupiah sebanyak juta lembar 
1425,kan bagus stidaknya sejarah bangsa ini akan menulis dn mnjadi saksi untuk generasi masa dpan kita bahwa kluarnya uang br disaat ekonomi kita lagi nyungsep 
1429,katanya kalaw uang baru pecahan itu hanya untuk disimpan sj maka untung besar ya bagi pencetaknya ya
1431,jangankan uang es krim viennetta aja saya ngga kebagian 
1432,gimana kalo kita hunting uang 
1435,bahas uang ntar dipake buat apa
1436,uang untuk apa saya butuhnya milyar hm
1446,sudahkah kamu update story uang di instagram hari ini
1449,izzam athaya ada fotonya di lembaran uang tenang aja foto kamu di lembaran uang juga ada kok
1453,pengen uang 
1455,orang pada nyari uang bedanya sama uang apa
1456,bayangin deh seandainya uang bi collabs sama supreme gimana mahalnya ya
1457,tentang uang pecahan saya berani beli k per lembar siap tampung berapapun
1472,heboh simbol salib di logo hut ri ke kini heboh ada mata sipit berbaju khas china di uang suvenir terbitan khusus bi duit yang bukan duit uang yang bukan uang masalah kecil bisa jadi besar bukankah api berawal dr yang kecil 
1476,kenapa di uang yang pakai baju adat katanya suku tidung harus di tengah letak nya kenapa enggak suku dayak yang ditengah
1487,zenius banget bisa buat uang yang keren banget huhu pasti bangga nih yang punya pictwittercomeogpwynq
1488,kek bapakku nder pgn banget punya uang 
1491,kalau saya nemu uang baru videonya selesai cek yt 
1501,kenapa enggak ada uang sama kalo misalnya ngeluarin 
1503,aturan uang yang baru bagiin kekk jngan di tukerin kan mayan tuhhh
1506,knp saya baru tau ada uang pecahan tadi
1509,siapa di sini yang beli uang itu uang enggak bisa dipake kan yah berarti negara lagi jual merchandise agustusan apa gmn lumayan orang wkwkwk
1511,uang ngga diproduksi untuk dipakai
1512,nyari uang an baru dimanasi
1513,enggak sekalian bikin konten video review uang enggak gan 
1514,ya allah pgn uang sayangnya udah enggak di tasik gabisa nuker ke bank bi 
1517,wewww sejak kapan ada uang pecahan baru 
1518,bawa bawa nama sbg ormas islam padahal partai politik dulu bilang simbol uang ada palu aritnya kemaren klepon tidak islami trus simbol salib hut ri dan sekarang bilang suku tidung itu china yang di uang 
1532,can kebagian uang 
1533,pengen uang tp lokasi terdekat jember dan belum mungkin kesana selain itu udah full booked 
1535,kenapa negara harus ngeluarin uang gitu kenapa engga pecahan kalo ngga gitu
1546,hari inih rilis pecahan uang pictwittercomxnsuccxd
1547,fix kata gua harga mata uang bisa menyaingi emas di kemudian hari
1560,bismillah semoga bisa dapat uang deehh
1563,eh ternyata enggak hanya di tahun ini setiap tahun sekali untuk tahun ini khusus memperingati tahun kemerdekaan ri upk tahun release seri uang logam emas yang bernilai dan rupiah kenapa tahun ini uang kertas dan nominalnya yaa pictwittercombjthrnswx
1565,tnyata byk jd multitafsir tfokus di lingkaran biru alias gagal fokus jebakan betmen bbeda kalo lingkaranx ditarik ke angka dg angka kecil tnyata kesensitifan msh ada redenominasi mata uang apakah sdh saatnya pasti byk yang bayar sekolah pake daon 
1567,uang tuh bercanda enggak si
1569,pesannya pke uang enggakapkh artinya peredaran nominal trbatas
1572,doetdoetdoet pictwittercomnnudicmkyc
1576,penukaran uang di jakarta cepet banget abisa dah ah
1578,hedeeeuh moment of the day pakaian adat kalimantan utara di uang dibilang pakaian adat cina pictwittercomjsxarxqft
1582,waah bagus uang lembar nyaa pictwittercompjxfhht
1583,apakah saya dapet wo jelas iya krs aja dipantengin apalagi uang xixixi pictwittercomunfxexolix
1593,keributan makna dibalik gambargambar di uang pecahan mulai bermunculan
1594,uang baru bank indonesia benarkah test note atau bank note trending in indonesia asian network media 
1598,saya pengen uang 
1599,desain uang baru nominal udah ada yang nemu lambang salib atau lambanglambang bangun datar atau bangun ruang lain belum pada ahli geometri banget dah padahal ditanyain luas jajar genjang aja pada bingung ngitung nya gimana
1608,merdeka itu adalah punya uang baru lembaran 
1609,desain uangnya mulai ni mungkin pecahan jadi awal mula rebranding desain mata uang yang baru 
1610,uang ternyata bukan untuk disebar guys tp utk koleksi
1612,wahh bakal ada uang pecahan 
1615,duh seriusan ada uang makin keliatan gobloknya deh gue ngitung duit 
1616,fuck server pengumuman sbmptn all my homies nunggu pengumuman website pendaftaran uang 
1618,uang gemes bngt 
1621,pgn cepet dapet uang baru
1624,gacha arknights gacha sbmptn gacha prakerja gacha dapatin uang baru 
1627,fix gue akan kasih hadiah uang yang katanya mau dirilis bi hari ini bilang apa sama saya ya bodoamat gausah pictwittercomorwbcsettd
1628,ironi kemerdekaan saat corona kado apa yang bisa diberikan presiden jokowi dprri setkabgoid mprgoid
1632,ya allah sampe enggak ya ke padang pengen nyimpan dulu kagum banget ngeliat uang edisi spesial tahun ke sama tahun ke indonesia merdeka sekarang udah dan uang rilis ya allah pengen nyimpan banget pengen ngoleksii 
1637,uang baru rupiah dikeluarkan bank indonesia bi ini cara penukaran untuk mendapatkan uang baru pecahan rupiah uang baru rupiah khusus yang akan diresmikan bank indonesia senin agustus jokowi 
1642,hbd indonesia ayo beri saya uang pictwittercompwexdrqwq
1647,ayah pecahan udah ada jadi uang jajanku ya pliss
1650,ide bagus keluarin uang lebih bagus lagi kalau ilang
1656,beneran nih bakal ada uang jiwa kolektor muncul
1659,uang ini siapa yang cetak saya pictwittercomxnlhxcvin
1662,uang boleh juga pictwittercomwhynfxwh
1671,sumpah ada uang cubang ilustrasinya
1672,penampakan uang baru nominal jadi kalau kembalian cuma lembar aja pictwittercomnjdarwqi
1681,this is note or rupiah note
1684,telat lagi gacha rupiah 
1689,rilis rupiah sebagai awal mula resesi perekonomian asia 
1690,rilis rupiah sebagai awal mula resesi perekonomian asia 
1692, rupiah
1702,waktu indonesia merdeka yang thn indonesia dgn bangga meluncurkan pesawat gatot kaca n waktu indonesia merdeka yang thn dgn bangga meluncurkan mobil yang nggak jelas wujudnya sampe sekarang saat yang ke thn malah buat uang ribu utk souvenirtrus slogan indonesia maju
1709,jual uang ribu yang baru dah laku walaupun enggak ampe m nih gua coba iseng jual lagi di tokopedia enggak nyampe m ko pictwittercomhanmfudmro
1710,dalam rangka kemerdekaan ri ke bank indonesia meluncurkan uang kertas pecahan rp ribu baru ada sembilan baju adat dalam uang tersebut dari provinsi apa saja 
1712,ada tiga fakta baru terkait uang khusus rupiah ribu yang diluncurkan dalam rangka memperingati hut ke indonesia apa saja cek di sini selengkapnya via detikfinance 
1713,orangorang pada nuker uang ribu lah saya malah demen sama yang ribu dari pada ribu apakah ini kelainan 
1714,uang pecahan rupiah ribu kok susah didapat sih bankindonesia kemenkeuri 
1716,uang rupiah ribu diburu antrean di bi malang full sampai bulan depan via radarmalang
1717,setelah salib di foto hut ri lalu ada warga china di uang rupiah masyaaloh ada lagi tulisan yesus di uang kertas ribu auto haram ya drun kadrun pictwittercomtnszfghew
1718, ribu lembar uang khusus pecahan rupiah ribu tersedia di bi tasik 
1723,ada tiga fakta baru terkait uang khusus rupiah ribu yang diluncurkan dalam rangka memperingati hut ke indonesia apa saja cek di sini selengkapnya 
1725,penjelasan lengkap bank indonesia soal uang baru ribu rupiah 
1730,soroti pecahan rupiah ribu pks ekonomi lagi sulit pemerintah malah cetak uang khusus souvenir 
1732,talent uang pecahan ribu rupiah viral di media sosial 
1737,bayangin punya uang baru ribu mau dibuat bayar sesuatu harga ribu itu ngerepotiiin butuh waktu untuk ngitung berapa kembaliannya gabisa otomatis mikirnya
1739,desain dan pencetakan butuh waktu tahun uang rupiah ribu sulit dipalsukan pictwittercomgyuvhtppz
1740,uang peringatan kemerdekaan upk dengan nilai pecahan rupiah ribu mendapat sambutan luar biasa dari masyarakat khususnya di jawa timur jatim bahkan ratarata antrian di dalam aplikasi pintar hingga sampai tanggal 
1741,kemarin nganter bapak butuh uang kurang lebuh ribu tes kesehatan ribu psikotes kalo gasalah ribu terus biaya memperpanjang ribu
1742,media network kembali hadirkan berita terpanas versi netizen kali ini bung ponakannyaom bung ranaditya membahas dosen yang viral kontroversi uang kertas ribu dan daftar pekerjaan yang konon haram dapatkan pencerahannya di sini pictwittercomkyfeodw
1745,son minta uang ribu
1746,coba kalian cari lebih mendalam mengenai baju adat itu sebelum berbicara di depan publik wahai kaum netijen
1749,seperti ini loh langkah penukarang uang rupiah 
1752,daftar bank umum yang buka penukaran uang baru rupiah ribu edisi khusus hut ke ri 
1754,cara mendapatkan uang rb edisi kemerdekaan ri pasaran
1756,uang baru rupiah ribu edisi khusus ini jadwal penukaran di bank mandiri bni bri bca cimb niaga via tribunkaltim
1762,bank indonesia bi meluncurkan uang khusus dalam rangka memperingati hut kemerdekaan ri yang ke uang tersebut diterbitkan dalam bentuk kertas dengan nominal ribu dan dicetak sebanyak juta lembar baca selengkapnya di website kami 
1765,uang pecahan rupiah ribu bukan saja masih terus diburu masyarakat juga menuai kontroversi terkait salah satu pakaian yang dikenakan anak dalam gambarnya kenalilah sina beranti artikel asli dimuat di mitra teras solotrust 
1769,masuk enggak di salah satu gambar uang juta ehribu pakaian adatnya
1772,simak wawancara saya agustus pecahan uang rupiah ribu tidak menguntungkan rakyat 
1776,reddeergames giveaway anyone can have a chance to win this awesome game prize pack complete your entry here pictwittercomfoviuxcy
1778,gubernur kaltara irianto lambrie menjelaskan baju atau suku tidung pada uang pecahan rupiah ribu edisi khusus peringatan tahun kemerdekaan ri irianto mengkritik pihakpihak yang menuding pemerintah salah cetak 
1786,seorang anak sd tarakan kalimantan utara dituduh memakai pakaian adat china di uang baru rupiah ribu padahal baju itu merupakan baju adat suku tidung kalimantan utara kaltara orang tua anak itu mengungkapkan 
1788,mengenal suku tidung negeri sabah yang ada di uang baru rupiah ribu 
1791,uang baru rp ribu sempat dijual di platform ecommerce seharga ratusan ribu hingga jutaan rupiah tingginya harga jual uang edisi khusus peringatan hut ke ri itu disebabkan oleh membludaknya animo masyarakat untuk mendapatkan lembaran uang tersebut cnnindonesia
1792,daftar uang baru ribu untung dapet setelah rebutan dan dapet tanggal september itungan menit udh penuh aja pictwittercommojkvpjxha
1800, potret izzam athaya bocah berpakaian adat tidung di uang baru rupiah ribu pictwittercomhmvlnrfzc
1801,uang baru ribu itu tu bsok bakalan beredar luas atau cuma sovernir pas hut ri ke ini sih
1803,daripada dapet uang baru ribu saya lebih milih hidup baru tahun bersamamu
1807,waduh pemesanan tukar uang baru rupiah ribu full hingga awal september bank indonesia 
1808,kepala kantor perwakilan bank indonesia provinsi sumatera utara wiwiek sisto widayat mengatakan ada orang mendapat uang baru rupiah ribu pada hari pertama penukaran uang peringatan kemerdekaan upk itu di sumatera utara 
1809,uang baru dengan nilai ribu itu bisa dipake belanja kan ya artinya berita beberapa waktu lalu perihal pencetakan uang baru terealisasi ya
1811,juru bicara kepresidenan fadjroel rachman mengungkapkan identitas anak kecil bermata sipit dalam uang khusus rupiah ribu yang baru saja diterbitkan 
1814,izzam sang model pakaian suku tidung di uang kertas baru ribu rupiah 
1815,ada yang punya uang baru ribu enggak sini saya beli ribuu
1818,coba sebutkan pakaian adat dari daerah mana saja yang ada di uang ribu baru silahkan sebut daerah asalnya terima kasih jawaban anda tidak berhadiah 
1825,bi pastikan jumlah uang baru rupiah ribu cukup untuk masyarakat adakita new pictwittercomnlbjzoygb
1829,pengen pake banget punya uang ribu yang baru
1830,ada yang mau uang ribu baru enggak kondisi masih kenceng belum masuk dompet jual harga ribu aja net
1834,gagal dapetin uang ribu baru
1835,pengen punya uang ribu yang baru tapi belum bikin ktp 
1842,kalau sy siy enggak tertarik dg foto yang ada di situ uni sy terkaget bahwa uang tukaran ribu itu baru sejak kapan
1844,bi louching uang rp ribu baru pertama edisi khusus hut ri ke satu ktp bisa tukar satu 
1849,pengen punya uang ribu yang baru
1851,uang ribu baru itu sahkan sebagai alat pembayaran ap cjman marchendise
1854,orangorang pada heboh mau dapat uang cetakan baru yang ribu padahal nanti juga dapat dari kembalian makan bakso ribuan
1859,dah dapet uang ribu baru lom
1860,kamu mau dapat uang baru rupiah ribu cek di sini 
1865,bi rilis uang baru senilai rupiah ribu wujud redenominasi rupiah pictwittercomujvaqs
1871, tanya jawab seputar uang baru rupiah ribu begini cara mendapatkannya terkini 
1872,jakarta seorang anak sd tarakan kalimantan utara dituduh memakai pakaian adat china di uang baru rupiah ribu padahal baju itu merupakan baju adat suku tidung kalimantan utara kaltara orang tua anak itu 
1874,wait uang ribu baru kah saya dari pagi sampe siang bikin video buat lomba jir jadi kaga baca berita
1876,jakarta bank indonesia bi merilis uang baru edisi khusus kemerdekaan ke republik indonesia senin menteri keuangan sri mulyani mengatakan pengeluaran uang nominal rp ribu sebagai peringatan 
1877,uang rupiah ribu hanya bisa tukar di bi oktober baru ke bankbank 
1878,uang baru senilai ribu rupiah emisi gambaran capaian pembangunan di thn kemerdekaan ri optimisme fokus menyongsong masa depan dng bermodalkan kebinekaan serta sdm unggul jika berminat untuk mendapatkannya dapatkan infonya di pictwittercomkjluvyuss
1880,uang baru senilai ribu rupiah emisi gambaran capaian pembangunan di thn kemerdekaan ri optimisme fokus menyongsong masa depan dng bermodalkan kebinekaan serta sdm unggul jika berminat untuk mendapatkannya dapatkan infonya di pictwittercomsfiiojhig
1882,kabarnya uang pecagan ribu yang baru tersebut tidak bisa digunakan ya kalau iya benar terus dibuat untuk apa jokowi fahiraidris dprri fahrihamzah hrscenter cutesylvia felixsiauw hamdiulukaya
1883,bi uang baru rupiah ribu tak ada hubungan dengan redenominasi 
1889,uang baru ribuselembar begitudipegang ibu udh langsung habis buat belanja kebutuhan rumah tangga
1891, ribu orang sudah pesan uang baru rupiah stok aman 
1897,kenapa orang pada seneng si ada uang ribu baru bakaaa coba deh baca pembulatan uang nominal di pasar swalayan jgn bodo bgst
1904,bank indonesia bi baru saja menerbitkan uang peringatan kemerdekaan tahun dengan nominal rupiah ribu masyarakat pun punya peluang untuk memiliki uang tersebut bagaimana cara mendapatkannya gubernur bi perry 
1905,catat ini tata cara penukaran uang baru rupiah ribu di kaltim kpfm samarinda bank indonesia bi meluncurkan lembaran uang rupiah ribu pada senin agustus hal ini bertujuan memperingati hari ulang 
1908,tamam talk viral memperingati hut ri ke bank indonesia terbitkan uang baru ribu 
1910,bank indonesia bi baru saja menerbitkan uang peringatan kemerdekaan tahun dengan nominal rupiah ribu begini cara dapatnya 
1912,pengamat kalau uang baru ribu tak bisa jadi alat tukar cerdas juga pemerintah ya oh ini jadinya seperti souvenir hut ri aja ya cerdas juga pemerintah kata handri saat dihubungi pojoksatu senin cerdas atau craki bin licik 
1913,gubernur koster bangga dipilihnya kain grinsing bali pada uang kertas baru rupiah ribu 
1921,makna dibalik uang baru ribu 
1922,begini cara menukar uang baru edisi khusus hut ri senilai rupiah ribu 
1925,news gubernur koster apresiasi dipilihnya kain grinsing bali pada uang kertas baru ribu rupiah ndash apresiasi mendalam disampaikan oleh gubernur bali wayan kos via redaksi
1927,mau uang yang keluaran baru ribu
1935,bank indonesia bi baru saja menerbitkan uang peringatan kemerdekaan tahun dengan nominal rupiah ribu bagaimana cara mendapatkannya bankindonesia 
1939,coming soon review uang baru ribu
1940,trik kekinian bwat malak rakyat ya buk kemenkeuri pengamat kalau uang baru ribu tak bisa jadi alat tukar cerdas juga pemerintah ya 
1941,peringati kemerdekaan bank indonesia luncurkan uang baru ribu rupiah 
1943,enggak dapet uang ribu yang baru 
1945,to whom it may concern khusus hari ini saya enggak pengin dihadiahi buku baru maunya uang baru ribu terima kasih
1954,ini filosofi di desain uang baru rupiah ribu kemenkeuri bankindonesia 
1956,hari ini tepat pukul bank indonesia akan meluncurkan uang baru dengan nominal rupiah berikut tips cara menukarnya bawa uang ribu belikan sesuatu senilai dan kalian akan mendapatkan kembalian senilai tadi selamat mencoba gaess
1960,uang baru rupiah edisi kemerdekaan hanya dicetak ribu lembar intip ornamen dan maknanya 
1964,resmi beredar uang baru rp ribu dicetak juta lembar lewat infopenanews
1968,uang baru rupiah edisi kemerdekaan hanya dicetak ribu lembar intip ornamen dan maknanya 
1971,bi kemenkeu launching uang pecahan baru rupiah ribu edisi tahun indonesia merdeka masyarakat kami lebih butuh atm yang bisa ngeluarin uang sampai pecahan rupiah ribu sama rupiah ribu kalo bisa sampek rupiah ribu sama rupiah ribu
1972,pengen review pecahan uang ribu yang baru tapi enggak punya xixixi
1983,baru tau ada uang ribu langsung cek dong btw saya pernah denger joke gini kalau ganti gubernur bi pasti bakal ada uang baru biar ada tanda tangannya kalau enggak nerbitin uang desain baru keluarin nominal baru
1989,di uang baru pecahan ribu rupiah terlihat gambar anakanak memakai pakaian adat dari berbagai suku dan etnis dari sabang sampai merauketapi yang ditandai oleh lingkaran merah itu pakaian adat dari daerah mana ya apa iya harus tanya ke bpipri atau tanya ke jokowi pictwittercompromokxddr
1990,uang baru ribu uang baru indonesia pictwittercomvihxmbnbz
1992,sebuah pecahan uang kertas baru dikeluarkan bank indonesia uang pecahan rp ribu dikeluarkan bersamaan dengan peringatan kemerdekaan tahun republik indonesia 
1994,model anak kecil di uang ribu baru sana model saya kecil di baliho pajajaran sama enggak ya 
1995,uang baru ribu sudah keluar 
2008,populer di kompasiana ancaman resesi uang baru rupiah ghibah ala bu tejo 
2009,unsr ada yang sudah tukar uang baru di bank indonesia dak ceritain dong bagaimana pas kalian ngambil uang itu dibank 
2011,rebutan uang baru rupiah bi sudah lembar beredar 
2012,rebutan uang baru rupiah bi sudah lembar beredar 
2020,uang baru rupiah pas porsi amer dan mungkin dibuat untuk itu
2021,uang baru rupiah bisa mulai dipesan jam wib apa saja maknanya halaman all 
2023,new post herman deru bersama forkompinda semarakkan peresmian uang baru rupiah 
2025,kisah anak yang wajahnya terpampang di uang baru rupiah simak cerita anak yang muncul pada uang baru rupiah 
2031,benhur tommy mano mengaku bangga jembatan youtefa ada di pecahan uang baru rupiah ini suatu apresiasi khusus bagi papua karena banyak bangunan yang dibangun secara megah di indonesia tapi pilihannya pada papua berarti papua melekat di hati bapak presiden ujar benhur pictwittercomvocavfuryk
2034,uang baru pecahan rupiah merupakan edisi khusus yang tersedia juta lembar berapa banyak yang sudah dipesan ini jawaban bi 
2035,uang baru rupiah dijual mahal 
2044,uang pecahan rupiah yang baru dirilis oleh bi tanggal agustus sudah dijual seharga juta di medsosada yang dijual lebih dari juta rupiah 
2046,blom berakhir musibah covid kini kita di hadapkan lgi dgn polemik pencetakan uang baru dgn nominal katanya sebagai hadiah perayaan tahun indonesia merdeka tpi kok di perjual belikan dgn harga yang begitu fantastik haloooowwww
2050,ada yang sudah punya uang baru rupiah 
2051,yang gue suka dari uang baru dengan nominal adalah saat lo belanja lu bakal di kasi kembalian mantap
2052,berita viral antrean pembelian online uang baru rupiah penuh sampai awal september bisnis 
2053,masa penukaran uang baru rupiah di jember diperpanjang cek lokasi dan waktu tenggatnya 
2054,tujuan pemotretan sengaja dirahasiakan orangtua kaget saat lihat wajah anaknya muncul di uang baru pecahan rupiah pictwittercomqelgiczap
2055,uang pecahan baru rupiah kini mulai diburu warga untuk koleksi pictwittercomxfxfamrdk
2060,beli uang yang baru seharga kirain gratis
2064,cara menukar uang baru rupiah edisi khusus di bi dan bank umum catat tanggal dan syaratnya 
2073,wajah siswa sd negeri naikoten i kota kupang ini ada di uang kertas baru pecahan rupiah oh ya 
2078,baru tau ada uang pecahan baru whoa 
2090,apa cuma saya yang pengen banget tukerin uang yang baru 
2091,kontaknews balikpapan viral uang baru rupiah ada unsur budaya china 
2092,per oktober uang rupiah edisi khusus bisa ditukar di cabang bank mandiri pt kontak perkasa pt bank mandiri persero tbk bakal memfasilitasi penukaran uangrupiah baru pecahan rupiah di kantor cabangnya di seluruh 
2093,tuduhan pakaian adat cina dalam uang kertas baru pecahan sudah terbantahkan tapi sampai hari ini saya belum pernah melihat mendengar postingan permohonan maaf dari penuduh dan para penyebar hoax itu atau saya yang kurang teliti mencari pictwittercomobeytlax
2095,direpost sama akun dakwah sunnah setelah logo hut ri dianggap ada salib nya lalu uang baru rupiah dianggap ada pakaian china nya sekarang muncul daftar pekerjaan haram link link 
2097,a lo punya uang enggak gue apaan a itu yang uang baru gue buat apa emng a koleksi gue sumpah enggak berfaedah koleksi noh kambing lebaran haji bisa u jual a sukasuka gue lah gue bodo amat bye
2098,uang baru rupiah dijual seharga jutaan rupiah di olshop ini respons bi 
2100,hai sobat bomers kali ini mimin mau bagi info nih yang lagi hangat apa infonya yuuk simak artikel berikut ini bank indonesia bi menerbitkan uang baru pecahan rupiah khusus dalam rangka peringatan ulang 
2102,uang baru rupiah bisa mulai dipesan jam wib apa saja maknanya halaman all 
2103,uang baru pecahan rupiah 
2107,antusiasme terhadap uang baru pecahan rupiah sangat tinggi masyarakat dapat menukar hingga september pictwittercomkjpuplpep
2108,per oktober uang pecahan rupiah bisa ditukar di cabang bank mandiri pt bank mandiri persero tbk bakal memfasilitasi penukaran uang rupiah baru pecahan rupiah di kantor cabangnya di seluruh indonesia penukaran bisa dilakukan mulai 
2113,baju china dan polemik lain uang baru rupiah 
2114, hal seputar uang baru pecahan rupiah yang ramai diburu panen duit segar 
2115,melihat penukaran uang baru rupiah di kantor pusat bi 
2118,uang pecahan baru rupiah 
2121,dapat jatah juta lembar soloraya siap edarkan uang baru rupiah ke masyarakat 
2122,dikira uang baru 
2127,uang baru rupiah dijual rupiah juta ini kata bukalapak 
2128, uang baru rupiah memicu polemik di sebagian masyarakat jubir presiden ungkap sosok anak suku tidung
2129,wadidawuang baru rupiah dijual x lipat di olshop 
2130,akhirnya dapat uang nominal baru rupiah pictwittercomxigufekbc
2131,top tekno uang baru rupiah dijual mahal di shopee sedot perhatian 
2132,bm dapet uang yang baru tapi full slot semua ajg
2133,uang baru katanya buat kolektor tapi di cetak lembar x t kalo ini mah nyetak duit baru 
2138,ya ukhti syarifah indah larasati anti benar seharusnya uang baru pecahan rupiah edisi hut ri ke disisipin muka arab karena arab adalah bagian dari indonesia
2144,ternyata uang baru rupiah bukan hanya merchandise cendera mata tapi juga bisa digunakan sebagai alat pembayaranalat tukar biasa sebagaimana fungsi uang pada umumnya pictwittercomhkorwvvj
2147,heboh harga selangit uang baru rupiah di ecommerce 
2149,viral uang rupiah disebut tampilkan baju adat china faktanya dari kaltara kalimantan utara beredar narasi yang menyebut salah seorang dalam uang baru pecahan rupiah memakai baju adat china namun 
2153,berikut halhal seputar uang baru pecahan rupiah yang ramai diburu mulai dari keistimewaan hingga cara menyimpannya 
2154,berita soal uang baru rupiah bisa dipakai untuk belanja hingga terdapat anak sipit di rupiah khusus itu menjadi berita terpopuler 
2158,dan ternyata fotonya kini terpampang dalam uang edisi baru rupiah tepat pada hari kemerdekaan ri ke izzam kecil pasti akan terus mengenang dengan manis wajah diabadikan dalam lembaran uang kertas berharga yang entah berapa banyak cetakannya beredar di penjuru nusantara
2159,berita populer tren mulai dari soal hal yang perlu diketahui soal uang baru rupiah loker bumn geo dipa hingga toilet tembus pandang di jepang 
2161,akses jateng inilah sosok ananda saubaki yang wajahnya ada di uang baru rupiah edisi kemerdekaan 
2163,bank indonesia bi menerbitkan uang baru pecahan rupiah khusus dalam rangka peringatan ulang tahun ke republik indonesia ri uang spesial hut kemerdekaan ri tersebut dikabarkan sudah dapat dipesan mulai senin pukul wib pictwittercomxauxpnfslk
2168,a thread tweeps bagaimana cara kalian dalam menyambut dirgahayu nkri yang ke kemaren nih jangan mau kalah dong dengan bi yang merilis uang baru pecahan rupiah hehe hehehe mau cerita dikit boleh
2170,banyak orang yang kurang mengenal budaya negeri sendiri tapi sok tau menyiarkan kabar dusta ada anak china berbusana adat china dalam uang baru rupiah ini faktanya pictwittercomhdwddggefk
2176,anak asal kupang yang fotonya terpampang di uang baru rupiah 
2179,orang pd ngeributin mata sipit seorang anak di uang koleksi rupiah yang baru aja dikeluarin bi while im feeling happy to see his purely happiness being one of indonesias history for the rest of his entire life really
2181,info gaes gambar yang di uang baru rupiah itu baju adat suku tidung kalimantan utara kaltara bukan baju adat cina jelas ya lur yuk cerdas dalam bersosial media pictwittercomoozlmoa
2184,kawan tunaiku lagi rame soal pecahan uang baru nih apalagi kalau bukan pecahan edisi khusus rupiah mau tahu beberapa fakta dibalik uang pecahan ini yuk kita bahas thread pictwittercomouzstshij
2190,kqlo enggak mau nerima uang baru baca rupiah karena ada gambar anak mata sipit dikira anak cina mending itu uag buat saya aja gitu aja kok repot 
2201,uang baru edisi khusus rupiah ada yang sempat jual rupiah juta di ecommerce 
2206,cetak uang baru seri koleksi rupiah mungkin mungkin lho ya sebenarnya adalah kebijakan cetak uang baru tapi krn seri koleksi orang sayang utk membelanjakannya shg tdk berpengaruh pada inflasi bi juga bisa menghimpun dana masyarakat dr uang yang ditukarkan utk beli uang baru
2213,uang pecahan yang baru diluncurkan bi dijual pedagang di aplikasi online 
2221,saya mau memiliki uang rupiah yang baru dikeluarkan tapi apa daya saya ndak punya uang 
2223,uang baru rupiah untuk transaksi atau koleksi bankindonesia 
2227,uang baru dikatakan kadrun ada gambar baju adat cina ya allahsemakin lama koq idupnya semakin tolol yamiris liatnya
2228,sobat delta udah pada liat uang baru yang rupiah itu belom kemarin bank indonesia baru ngeluarin tuh nah kalo misalnya kamu bisa request bikin uang nih mau yang nominalnya berapaa kasih tau kita dong link streaming pictwittercombajbelkw
2232,baju adat tidung dari kaltara yang tampil dalam uang hut tahun ri rupiah sempat viral disebut baju adat china mari mengenal baju adat tidung ini 
2241,mau tuker uang baru rupiah bisa ke bank ini ya 
2242, menerima uang kertas baru pecahan rupiah ini yang dikatakan gubernur olly dondokambey
2243,apa karena ada uang baru pecahan 
2247,ada yang udah punya uang baru rupiah 
2248,uang yang baru kirakira bisa beli buku kobam apa aja ya kamu yang penasaran dan mau bamin kasih tau paketan hemat bales twitt ini ya nanti saya kasih gambar serta link pembeliannya 
2249, uang pecahan baru rupiah untuk koleksi atau transaksi ini yang dikatakan gubernur sumut
2254,yang mau tuker uang baru rupiah bisa ke bank ini ya bankindonesia 
2257,bank indonesia merespons narasi viral yang menyebut ada baju adat china di uang peringatan kemerdekaan tahun republik indonesia rupiah bank indonesia menegaskan itu tidak benar 
2259, tahun negaraku merdeka ternyata hanya baru bisa menghasilkan uang lembaran rupiah 
2263,bi solo dapat jatah juta lembar uang baru rupiah edisi kemerdekaan pictwittercomptpshbziu
2265,bi solo dapat jatah juta lembar uang baru rupiah edisi kemerdekaan pictwittercomxfjfuhi
2272,baju adat tidung dari kaltara yang tampil dalam uang hut tahun ri rupiah sempat viral disebut baju adat china mari mengenal baju adat tidung ini 
2274, agustus media brifinng di bankindonesiakpwdiy terkait bank indonesia bi menerbitkan uang baru pecahan rupiah khusus dalam rangka peringatan ulang tahun ke republik indonesia ri 
2279,kerjaannya kadrun ya ngehoax setelah logo hut ri dianggap ada salib nya lalu uang baru rupiah dianggap ada pakaian china nya sekarang muncul ini pekerjaan haram 
2283,sejumlah kantor bi ini sepi peminat uang baru rupiah minat tukar 
2288,heboh ada pakaian adat china di uang baru rupiah ini faktanya via antvnewsplus
2290,apakah uang baru rupiah bisa digunakan sebagai alat transaksi ini penjelasan bi 
2295, bank indonesia merilis uang baru nominal rupiah dalam memperingati hut ri ke ri sumut dapat jatah juta lembar
2308,pakaian adat yang jadi polemik diatas mata uang rupiah yang baru belajarlah banyak tentang budaya suku bangsa di indonesia pictwittercompkahord
2310,pt solid gold catat ini cara dapat uang rupiah khusus hut ri catat ini cara dapat uang rupiah khusus hut ri pt solid gold pt solid gold semarang bank indonesia bi baru saja menerbitkan uang peringatan kemerdekaan tahun 
2311,bilang ada pakaian adat china di uang baru rupiah orang ini dihujat 
2314,uang baru rupiah banyak diburu warga untuk koleksi 
2315,penampakan uang rupiah baru rupiah bawa duit pas dateng jangan kepagian pas jam yang ditentukan aja bawa ktp sama bukti pemesanan pictwittercomsrqdtxld
2316,eh apanah harganya mah sama cuma mulai di denominasi dari uang baru kan cenah mau nebghilangkan tiga digit angka 
2318,eh beneran uang baru bisa dipake uwuwwwww banget mauk
2320,sahabat rpk bank indonesia bi menerbitkan uang baru pecahan rupiah khusus dalam rangka peringatan ulang tahun ke republik indonesia ri uang spesial hut kemerdekaan ri tersebut dikabarkan sudah dapat dipesan mulai senin pukul wib
2322,uang nominal baru nominal rupiah yang baru resmi dirilis menjadi sorotan netizen ambil antrian di lalu tinggal datang deh ke bank indonesia tegal isi formulir deklarasi mengenai covid dan tinggal tunggu deh pictwittercommeibk
2326,duhhhbudaya sendiri aja tdk kenal sdh krg pengetahuan provokatif lagihadewwe beredar narasi yang menyebut salah seorang dalam uang baru pecahan rupiah memakai baju adat china begini faktanya
2330,enggak paham sama orang yang heboh banget ingin segera megang uang pecahan baru itu yang itu kenawhy juk wangun po saya dan veraverani nganti ingin mimik potassium aja rasane ngurusin kalian
2332,uang baru rupiah bisa mulai dipesan jam wib apa saja maknanya halaman all 
2334,ananda saubaki anak asal kupang yang fotonya terpampang di uang baru rupiah pictwittercomkpaoakvi
2345,antrean pembelian online uang baru rupiah penuh sampai awal september 
2349,masyarakat harus paham bahwa uang rupiah yang baru diedarkan itu tidak berlaku sebagai alat bayar ini cuma semacam suvenir secarik kertas bergambar dijual seharga rupiah dengan uang kertas lain bernama 
2352,bilang ada pakaian adat china di uang baru rupiah orang ini dihujat 
2354,jikalau belanja pake uang baru rupiah mungkin enggak ya harga daging yang harganya k kg bisa dibulatkan jadi kkg 
2360,bi keluarkan uang pecahan rupiah kain gringsing tenganan masuk desain 
2361,penjelasan bank indonesia mengenai ciriciri uang baru pecahan rupiah yang sudah mulai dapat dipesan di perwakilan bi di daerahdaerah 
2371,kalau kalian mau juga bisa dapetin uang baru pecahan edisi ulang tahun ri ke ini kalian bisa daftarkan diri ke link ini ya ktp hanya bisa menukar lembar ya karena hanya dicetak lembar oleh bi menurut info dari berita yang gue baca pictwittercomamotskoyew
2372,mau jadi kolektor uang baru nominal rupiah syarat ini harus dipenuhi pictwittercomzqxvfao
2373,cara mudah dapatkan uang baru pecahan yang diedarkan secara terbatas 
2375,waduh mau ngapain ya kirakira mending lihat video ini info cara mendapatkan uang pecahan baru rupiah pictwittercommlomct
2376,gue mau bayarin uang yang baru dong kalo ada
2388,para netizen tdk tau baju adat kalimantan utara pd binggung baju adat yang ada di uang yang baru itu loh baju adat tidung yuuujalan ke kalimantan utara biar tau baju adat tidung pictwittercomfsjyt
2390,bank indonesia atau bi meluncurkan uang rupiah khusus dalam rangka peringatan hut ke ri sesuai dengan peringatan hut ri bi meluncurkan uang khusus rupiah pada senin pictwittercomgvubqbrtyh
2394,ada uang pecahan baru tuh dari bi nominal klo dituker dimau belanjain apa ya kira apa disimpen dulu kyak barang baru yang masih disayangsayang
2396,gambar yang di uang baru rupiah itu baju adat suku tidung kalimantan utara kaltara bukan baju adat cina pictwittercomzytbplfcvo
2397,jika ada yang ngasih dan saya diminta memilih saya akan memilih pecahan yang buluk dan lusuh ketimbang pecahan yang wangi glowing dan mempesona itu saya mah lelaki setia tak mudah berpaling
2398,uang pecahan baru rupiah ini ternyata orang cuma bisa memesan uang kertas saja
2399,simak ini cara penukaran uang baru rupiah di bank indonesia uang baru nominal rupiah spesial hari kemerdekaan ke ri sudah mulai dapat dipesan hari ini senin sejak pukul wib 
2400, bank indonesia menerbitkan uang rupiah baru rupiah khusus dalam rangka peringatan ulang tahun ke republik indonesia uang spesial hut kemerdekaan ri sendiri sudah mulai dapat dipesan hari ini 
2403,uang baru rupiah bisa mulai dipesan jam wib apa saja maknanya halaman all 
2404,kami sampaikan bapak azrul untuk penukaran uang baru pecahan bi telah menunjuk bank umum yaitu mandiribni bca bri cimbniaga mulai ditukar tgl okt di bank tsb penukaran di bi mulai tgl agt sd sep lembar untuk ktp aji
2405,gambar yang di uang baru rupiah itu baju adat suku tidung kalimantan utara kaltara bukan baju adat cina pictwittercomksqwofoo
2406,begini cara memiliki uang baru yang dicetak dalam jumlah terbatas via youtube
2418,ntar minggu depan pasti udah ada aja yang jual uang baru 
2421,uang baru mahal enggak si
2424,uang baru rupiah pertama di jawa tengah punya nomor seri unik dan langka 
2426,dapat kesempatan utk mendapatkan uang baru nominal di bi tegal pada tgl agustus pictwittercomlklggqrlc
2429,mau dapetin uang baru aja harus nunggu ampe september gila sih antusiasnya manteb banget jam segini udah full schedule bahkan ampe awal september pictwittercomwrjcrcim
2434,lokasi penukaran uang baru pecahan rupiah di jawa timur simak syarat dan waktunya 
2437,gimana nih mau uang yang baru dirilis 
2438,jastip uang baru paling murah di ig uang k lbr ambil lbr hanya k lbr
2443,ohh ini uang ribu yang banyak dijual lagi di toko online mending enggak usah dikeluarin dah kalo gitu
2447,heboh banget dengan uang padahal biasa aja
2448,masa uang di ada adat cina nya
2453,yang saya liat uang kayak uang ringgit
2456,mata tajam tapi otak tumpul mangkanya kalau sekolah diserap bukan dimakan bangkunya haha
2460,enggak bisa buat transaksi uang dibuat koleksi aja
2463,entar juga beredar umum seperti uang baru yang sebelumnya biar ada konten aja kali tuh
2465,liat sosial media isinya pamer uang 
2466,hanya dijadikan uang mainan aja ini mah
2467,enggak penting banget ya bahas uang norak
2469,biar viral aja ni uang padahal mah biasa
2470,what pecahan uang apaan tuh begitu
2472,ini uang dijadikan alat pajangan bukan alat tukar
2479,hadirnya uang ribu tidak membuat maju negara
2484,liat di twitter yang lagi rame gue mah biasa aja liat uang ribu
2486,uang ribu kalau dijajanin kembaliannya pecahan semua hadeh
2487,oalah tak kira kemarin uang mainan aja itu ribu hehehe
2489,uang jadi kontroversi dan dijual beli dengan harga selangit
2491,nanti juga banyak yang memanipulasi uang ribu
2493,heran ya ngeliat tokped shope uang dijual berjuta juta dengan harga yang enggak masuk akal
2501,iya bener uang ribu kayak mainan hahaha keinget uang mainan jadinya
2504,emang bener uang bikin pecahan uang jadi banyak aja
2510,bangsat udah enggak bisa pesen karna sold out dari batas tanggal nukarnya
2512,gatel lu uang segitu aja heboh norak suswu
2514,anying kyi kayak uang mainan ribu
2515,dengan uang ribu mau aja di bodoh bodohin
2516,hahaha itu uang apa mainan yang sulit ditukernya padahal cuma ribu satu lembar
2523,berasa beli kertas dengan uang ribu yang gitu aja
2528,iuang ribu itu ulah buzer bayaran
2534,desain nya agak aneh ada kereta mrt serasa baru punya kereta indonesia ini hahaha
2539,ini yang desain uang ribu pake otak enggak si
2542,sayang sekali gambar kereta apinya bukan kereta dalam negeri tapi impor dari jepang padahal banyak kereta dalam negeri buatan bangsa
2545,bukanya ada wacana mau redenominasi ya ini malah ngeluarin uang pecan baru haduh
2549,oh jadi ini uang ribu yang dijual belikan onlinetidak masuk akal
2552,spesial apanya si uang ribu mending ribu kan
2555,demi sebuah konten dengan uang ribu yang viralsampe norak gitu
2559,bisa bisanya uang ribu dijadikan uang limited edition dan dijual jutasupaya mendapatkan keuntungan untuk membayar hutang negara
2560,apa faedah nya si uang ribu itu yang enggak bisa untuk bertransaksi
2564,fungsinya apa sih bi mengeluarkan uang ribu yang gitu gitu aja
2574,kalau di edarin dijamin inflansi tuh rupiah ancur
2578,isi sosial media pamer uang ribu padahal uang tersebut enggak ada guna nya
2584,kalau enggak bisa di jajanin ngapain punya uang ribu mending buat souvernir aja daripada bayar selembar kertas ribu mending buat beli susu balita
2588,enggak penting si dilaunching nya uang ribu enggak ada yang lain ya yang bisa di launching lebih bermanfaat
2594,apaan uang ribu sekalian aja keluarin pecahan biar enggak usah nyari kembalian
2605,pamer terus uang ribu
2607,dapetin uang ribu ribet banget sii
2617,eh maap gue pikir uang mainan baru tau itu uang an
2624,heran aja si uang rb di perebutkan apalagi dibuat pamer konten lah segala macam norak woii
2629,apa cuman gua aja ya yang enggak berminat dengan uang ribu dengan tampilan seperti itu uangnya
2630,pemerintah pinter banget nyari pemasukan uang dengan mengeluarkan uang ribu
2631,buang buang duit aja lu pada demi uang satu lembar haduhhh
2635,ada ada aja ngeluarin uang ribu besok besok berapakah lagi yang mau dicetak aneh sekali
2639,enggak abis pikir ni sama negara menambah isu masalah aja ngeluarin uang ribu
2643,kerta ditukerin kertas berharganya dimana coy ribu
