,tweet,label
2,Uang pecahan Rp 75 ribu diproduksi terbatas untuk memperingati hari kemerdekaan Indonesia. Uang ini langsung ramai dicari. Kenapa ya? Ini penjelasan psikolog.  https://health.detik.com/berita-detikhealth/d-5140541/kenapa-uang-rp-75-ribu-ramai-dicari-psikolog-jelaskan-daya-tariknya?utm_term=echoboxauto&utm_campaign=detikcomsocmed&utm_medium=oa&utm_content=detikhealth&utm_source=Twitter#Echobox=1597914107Â â¦,0
8,apakah uang 75 ribu ini bisa digunakan untuk transaksi jual beli  https://twitter.com/bank_indonesia/status/1296062097315336192Â â¦,0
21,"Tudingan Miring di Uang Rp 75 Ribu, Gubernur Kaltara: Menyedihkan!  https://20.detik.com/detikflash/20200820-200820086/tudingan-miring-di-uang-rp-75-ribu-gubernur-kaltara-menyedihkan?utm_source=twitter&utm_medium=oa&utm_content=20detik&utm_campaign=cmssocmedÂ â¦",1
24,Yg uang 75 ribu ituuu...yg limited edition dr bi ituuu,1
29,"Dicetak 75 Juta Lembar,Uang Baru Rp 75.000 Ternyata Hanya Untuk Koleksi Bukan Untuk Transaksið¤

Modal Kertas+Cetak trus di jual ke rakyat seharga Rp 75 Ribu/Lembar,sudah berapa uang rakyat yg di ambil ma rezim ini?
Ini sama halnya ð #JokowiNyusahinRakyat https://www.swarakyat.com/2020/08/dicetak-75-juta-lembar-uang-baru.htmlÂ â¦",1
33,"Adat Tidung di Uang Rp 75 Ribu, Gubernur Kritik Tuduhan Kotor Salah Cetak  http://detik.id/6XdjBTÂ  Saya dukung pak Gubernur perkarakan penuduh2 tsb biar jera",1
34,Video: Antusiasme Warga Aceh Berburu Uang Khusus Rp 75 Ribu untuk Koleksi. #acehkini  https://kumparan.com/acehkini/video-antusiasme-warga-aceh-berburu-uang-khusus-rp-75-ribu-untuk-koleksi-1u2SLKEcXNA?utm_source=kumDesktop&utm_medium=twitter&utm_campaign=share&shareID=lIkxQ9yzRVljÂ â¦,1
48,Sosok anak kecil yang ada dipecahan uang Rp 75 ribu yang mengenakan pakaian adat menjadi kontrovesi.  #Bajuadattidung https://www.genpi.co/berita/59554/terungkap-sosok-bocah-pakai-baju-adat-tidung-di-uang-rp-75-ribuÂ â¦,0
60,"Selamat utk adik2 yg wajahnya berada di uang 75 ribu rupiah edisi khusus:
Muhammad Izzam Athaya (siswa SD 041 kota Tarakan), Ananda Saubaki (siswi SDN Naikoten 1 kota Kupang), Aditya Perpatih (siswa SDN 27 kota Selatan kota Gorontalo)  pic.twitter.com/a0cFvqV4Ch",0
63,Masyarakat antusias dapatkan uang edisi khusus Rp 75 ribu  http://dlvr.it/RdzZqJÂ ,0
65,Warga Gorontalo antusias ingin memiliki Uang Peringatan Kemerdekaan (UPK) Rp 75 Ribu.  https://finance.detik.com/moneter/d-5139528/warga-serbu-penukaran-uang-rp-75-ribu-daftar-antrean-penuh?utm_term=echoboxauto&utm_campaign=detikcomsocmed&utm_medium=oa&utm_content=detikfinance&utm_source=Twitter#Echobox=1597887027Â â¦,0
69,Cerita Pemotretan Rahasia Anak Gorontalo Untuk Uang Rp 75 Ribu  https://20.detik.com/detikflash/20200820-200820017/cerita-pemotretan-rahasia-anak-gorontalo-untuk-uang-rp-75-ribu?utm_source=twitter&utm_medium=oa&utm_content=20detik&utm_campaign=cmssocmedÂ â¦,0
72,"Jadi Buruan Kolektor, Ini Keistimewaan Uang Baru Rp 75 Ribu  https://batamtoday.com/home/read/152139/Jadi-Buruan-Kolektor-Ini-Keistimewaan-Uang-Baru-Rp-75-RibuÂ â¦",0
82,BELI UANG PECAHAN 75 RIBU - Ustadz Ammi Nur Baits #HijrahInstitute #ayohijrah #pemudahijrah https://www.youtube.com/watch?v=EP9xKHYs7c8Â â¦,0
86,"Ada orang beli sembako habis 33.500 pake uang baru 75 ribu

Otak yg mau kasih kembalian :  pic.twitter.com/Ltm25sBm3C",0
97,"Perkenalkan nama saya  ""Muhammad Izzam Athaya"" 
Asli suku kidung Kalimantan Utara

Saya di katain china.......
#uang75ribu #HUTRI75 #SukuTidung #Kalimantantengah pic.twitter.com/3zRKipJB7E",0
98,Dukun Ini Dapat Amplop 75Ribu Uang Viral Dari Ojol #uang75ribu #uangviral75ribu #75 Tayang 200820 Pkl.20.00 di #AfandiChannel pic.twitter.com/LWzD6D0Eli,0
114,FOTO: Uang Pecahan Rp 75 Ribu  https://indozone.id/s/qEsjrnZÂ  pic.twitter.com/Vmb5Hy7vEp,0
122,Fakta Suku Tidung di Uang Pecahan Baru Rp 75 Ribu  https://youtu.be/gjLJoNX2W-QÂ  via @YouTube,0
138,#KabarJombang BRI Belum Bisa Pastikan Kapan Uang Baru Rp 75 Ribu Beredar di Jombang  https://kabarjombang.com/bri-belum-bisa-pastikan-kapan-uang-baru-rp-75-ribu-beredar-di-jombang/Â â¦,0
144,"Aa mendapat kunjungan dari Bapak Erwin Soeriadimadja, Kepala Kantor Perwakilan Bank Indonesia Banten  untuk menerima uang edisi khusus Peringatan Kemerdekaan pecahan 75 ribu rupiah yang baru saja dirilis tanggal 17â¦  https://www.instagram.com/p/CEEj-L5JV6n/?igshid=1ejsbzniuhuapÂ â¦",0
145,"Tadi siang saya berbincang-bincang dengan kawan yang orang Tidung, menanyakan perihal pakaian adat yang tergambar di uang 75 ribu itu. Dia bilang itu salah satu pakaian adat Tidung.  https://twitter.com/mascepp/status/1295706848415191040Â â¦",0
149,Pemesanan Uang Khusus HUT RI Rp 75 Ribu di Sumsel Capai 2.700Â Lembar  https://ur-ban.id/pemesanan-uang-khusus-hut-ri-rp-75-ribu-di-sumsel-capai-2-700-lembar/Â â¦,0
153,"Uang Rp 75.000 dijual seharga 5juta....ada yang minat?
Monggo ðð¤£
#Uang75Ribu  pic.twitter.com/ICyr4zt3EU",0
155,Mau ngumpulin orang-orang yang ga begitu tertarik nukar uang edisi khusus pecahan 75 ribu dari BI,1
161,"Mantapp ð¥ð¥ð¥
#DirgahayuIndonesia75th
#Uang75Ribu  pic.twitter.com/twa93vPg0v",0
162,Jubir Presiden Ungkap Identitas Bocah Sipit di Uang Baru Rp 75 Ribu - Follow @demokrasicoid https://www.demokrasi.co.id/2020/08/jubir-presiden-ungkap-identitas-bocah.htmlÂ â¦,0
164,"ADITYA Perpatih, 9, adalah sosok anak yang mengenakan pakaian adat Gorontalo, Makuta yang berada dalam gambar Uang Peringatan Kemerdekaan (UPK) Republik Indonesia ke 75 tahun dengan nilai Rp75 ribu.

   https://mediaindonesia.com/read/detail/337877-ini-sosok-anak-gorontalo-dalam-uang-baru-rp75-ribuÂ â¦",0
168,"Ada cerita menarik tentang pemotretan anak berbaju adat untuk tampil di uang baru Rp 75 ribu. Ternyata, pemotretan itu berlangsung secara rahasia lho! Begini ceritanya: #UangBaru https://news.detik.com/berita/d-5139400/cerita-pemotretan-rahasia-anak-berbaju-adat-di-uang-baru-rp-75000?utm_content=detikcom&utm_term=echobox&utm_medium=oa&utm_campaign=detikcomsocmed&utm_source=Twitter#Echobox=1597831733Â â¦",0
169,BI Buka Penukaran Uang Pecahan 75 Ribu Hingga Akhir September  https://www.kissfmjember.com/2020/08/19/bi-buka-penukaran-uang-pecahan-75-ribu-hingga-akhir-september.htmlÂ â¦,0
183,75 seems strange for banknote. Interesting!!! And everybody want to get it ASAP. The Annals of Possessions. Mengulas Dampak Guyuran Uang Baru Rp75 Ribu  http://cnn.id/537112Â ,0
187,5 Fakta Diluncurkannya Uang Baru Nominal Rp 75 Ribu dan CaraÂ Mendapatkannya  https://suratnews.id/5-fakta-diluncurkannya-uang-baru-nominal-rp-75-ribu-dan-cara-mendapatkannya/Â â¦,0
195,[Hoax] Terdapat Gambar Baju Adat Tiongkok China Dalam Uang Pecahan 75 Ribu Rupiah  https://www.detax.org/issue/sAMÂ  via @DetaxId,0
196,[Hoax] Ada Budaya Syahri di Mata Uang Pecahan 75 Ribu Rupiah  https://www.detax.org/issue/sjDÂ  via @DetaxId,1
198,"bapak bapak pemerintah tolong kasih saya uang 75 ribu yang baru, buat saya review di channel yutup kantor.

kasih sample-nya jangan nanggung 1000 lembar sekalian ð",0
204,TITIP UANG BARU BOLEH,0
211,[HOAKS] Uang Baru Pecahan Rp75 Ribu Tidak Dapat Dibelanjakan  http:///content/detail/28751/hoaks-uang-baru-pecahan-rp75-ribu-tidak-dapat-dibelanjakan/0/laporan_isu_hoaks,0
216,"uns kmrn baru pengumuman kan nah pas daftar tuh u masukin uang pangkal, mau bayar brp. nah yg diterima tuh yg gede2 uang pangkalnya salah satunya 1,2M itu. temen gue cm masuk 5jt kagak masuk anjir wkwkwk",0
218,"Terima dan bersyukur dulu nder, bsk kalo km punya uang lebih, sabi lah tuker tambah atau beli baru. Ortu mu syg km nder, rela pontang panting beliin km itu, hadiah bwt km.
Spek lepi ku 11.12 sm km, tapi belinya patungan bertiga sm ortu, udh bersyukur bngt :)",0
219,"Accuratedð, contohnya cetakan uang baru 75rbð",0
222,Kalau menurut Prof dng mengeluarkan uang cetakan baru 75.000 arahnya kemana Prof ?,0
224,Krn Adek ku cuma bisa gambar aja selama Covid ini & blm ada panggilan kerja. Dia lg Open Commision butuh uang buat beli kuota & cari kerjaan baru lagi. Minta tlg RT nya mbak @AmbarwatiRexy siapa tau followersnya ada yg mau digambar. Matursuwunðð»âºï¸ pic.twitter.com/MQOpPJduyi,0
225,"kalo aku ya mungkin mesti kerja dulu,baru dapat uang,usaha dulu baru berhasil,Belum juga gagal nya,jatuh lagi bangun lagi,kalo kamu maunya seneng aku belum bisa kasih sekarang",0
235,"Pacar dan mantan Sushant diperiksa oleh pihak ED, terkait hilangnya uang Rp29 M milik Sushant Singh Rajput setelah kematiannya. Muncul kecurigaan baru.  https://www.haibunda.com/trending/20200817195839-93-157378/uang-rp29-m-milik-sushant-singh-rajput-hilang-pacar-mantan-diselidiki?utm_term=Autofeed&utm_medium=Social&utm_content=haibunda.com&utm_source=Twitter#Echobox=1597848233Â â¦",1
239,"TENTUUUU! kakak ku abis ku kasih tau juga jadi gt, jadi pas udah mau jalan baru kasih uang nya wkwk",0
242,"Titipan
Aku mau jual ini 200k kondisi masih 100% oke baru dipake 1 kali itupun dirumah dulu beli sekitar 250k , uang hasil penjualan nya mau aku kasih ke tetangga ku buat anak nya beli hp , minat dm aja ya  pic.twitter.com/EgFD0PnP2b",0
244,"*Salam Satu Hati*
> Gebyar promo honda murah meriah yang ingin punya kendaraan baru keren dengan Uang Muka dan cicilan ringan.Bisa banget...kirim persyaratan melalui WA dan  langsung kami proses.
> Untuk info lebihâ¦  https://www.instagram.com/p/CEE6rwKnYPO/?igshid=1lphw3gfu9xw2Â â¦",0
256,Pen ikut nukerin uang kertas 75k yang baru tapi belum punya KTP,0
258,Untung banget sih #merahputihcom #uangbaru  https://merahputih.com/post/read/uang-baru-rp75-000-dijual-jutaan-di-e-commerceÂ â¦,0
267,"Sori jb2, lah iya baru ngeh sama ya simbolnya
Tapi orang2nya sendiri kalo nulis jumlah uang ga pake simbol gitu sih ya, kayak kita kalo nulis rupiah kan Rp",0
268,@kontakBRI kenapa ya tadi Saya tarik uang..keluar laporan nominal transaksinya yang ditarik tapi uangnya gak keluar..sudah mau satu jam Saya tunggu tapi uangnya gak keluar juga..ditelpon CS yang tersedia di ATM jaringan sibuk..besok mau kebank libur nanti,0
271,"Ada orng dapet uang 10rb udh seneng. Ada orng dapet nilai 70 dah seneng. Ada orng bisa mkan di restoran dah seneng. 
Jangan merusak kesenangan orng lain : baru gitu aja dah seneng, norak.

Derajat kesenangan tiap orng beda beda. Just let others be happy",0
274,"Gua baru sadar ava dia cewe, gua kira dia bakal berpegang teguh ga bakal pacaran sebelum punya uang sendiri. Ternyata malah ke makan omongan sendiri  :)",0
283,besok tahun baru islam tapi aku ga libur ya gapapa yg penting aku dpat uang jajan,0
290,"[QnA] Mau nanya dong. Jadi aku pengen jual laptop di tokopedia, toko aku tuh toko baru. Lalu, buyer mau beli pake Metode cicilan kartu kredit. Nah,apakah setelah transaksi selesai uang yang aku terima langsung 100% atau cicilan jugaa?",0
291,Lucu juga ya uang 75rb yang baru dijual jutaan,0
294,"Etika belanja di Jepang. Kalau ngasih uang ke kasir gaboleh langsung, uangnya harus di taro dulu di tray/tempat uang didepan meja kasir baru nanti kasirnya ngambil uang dari tray tu.  pic.twitter.com/et83J5x1c6",0
295,"Itu yang bawa2 dekan FK UB, gimana ya, orang luar jadi ngiranya masuk UB bisa pake jalur gede2an uang pangkal, padahal mah di UB udah fix biayanya berapa dan keterima dulu baru di tentuin uang pangkalnya. Gak tau lagi kalo pake jalur belakang, tapi kalo jalur legal ya gak gitu.",1
296,"Padahal secara biaya jauh lebih mahal kalo gw lewat mandiri. Uang pangkal bisa 4 kali lipat, ukt bisa 2 kali lipat dari gundar. Alhamdulillah ibu sangat support dan ga masalah kalo harus kehilangan uang pangkal gundar, yg nyap2 papah. Paling gw gagal dapet hp baru",1
301,Maaf saya sedang tidak punya uang. Kasi saya uang dulu baru nanti dibeliin,1
306,Saya gada bilang uang donasi km pake utk kebutuhan km sndr yg jd permasalahan byk org itu km bisa sampai biarin kucing mu kaya gitu. utk ke vet stelah di desak baru mau. Tp nongki lancar hedon bisa. Pdhl kl udh ngurus kucing ya mau ga mau ke vet itu pasti akan ada waktunya,0
307,"Dapet komisi dr jual warisan kasihlah uangnya sm adik ipar, dapet uang TPP kasihlah 20jt sm mereka..
Alasannya kasian baru bikin rumah biar bsa beli isi rumah..",0
310,"Bu Tejo: Baru kerja, HP baru motor baru. Uang dari mana coba? 

Aku: nabung dan nyicil",0
311,"Baru aja tadi ngobrol sama emak.
ð§ mah gapengen ngoleksi uang 75k?
ð© bagus ya mba desainnya, warna juga. Tapi sayang ada gambar orang cina-nya 
ð§ lah kan indo turunannya banyk. Mata sipit belum tentu cina padahalð© (lalu diam)  https://twitter.com/gurauanid/status/1295342057217654786Â â¦",1
321,"Lagi ada uang ingat ma kawan lupa sama diri sendiri, Uda gak ada uang kawan Mala lupa, baru ingat diri sendiri.",1
329,"Iyaað­ aku jatuhin uang 100 ribu pas di jalan, padahal dah nengok, tau ada uang 50 ribuan di jalan tapi ga ngerasa punyaku jadi tak tinggal aja. Eh setengah jam kemudian baru nyadar kalo uang yg jatuh itu punyakuð­",0
341,"Uang baru 75,000  https://nggolekseduluranselawase.wordpress.com/2020/08/19/uang-baru-75000/Â â¦",0
344,Tol nya di tutup baru abis uang cendana,1
347,"Baru ngasih tau kabar lulus ke ortu langsung diceramahin ""cari uang dulu, baru nikah"". Iye taauuu",1
349,"uang pendaftaran gabakal balik, kecuali udh keterima di tel-u. sudah bayar di tel-u, tpi keterima ptn. baru uang itu bisa di ambil brpa persennya",0
352,"di seantero negeri. Bertahun-tahun sampai kelak ia dewasa.

Di sisi lain,ada yg dengan picik memfitnah uang edisi baru Rp 75.000 yang dilaunching tepat pada hari kemerdekaan RI ke 75. Dengan tanpa spengetahuannya dan tanpa tabayyun, pemfitnah langsung njeplak bikin status ngatain",1
354,"Jakarta untuk melakukan sesi pemotretan  mengenakan baju adat suku Tidung Kaltara.
Dan ternyata,fotonya kini terpampang dalam uang edisi baru Rp 75.000 tepat pada hari Kemerdekaan RI ke 75.

Izzam kecil pasti akan terus mengenang dengan manis wajahnya di abadikan dalam lembaran",0
357,"mahal-mahal ya, fk uin malang nggak sampai 100, bahkan nggak sampai 25, nggak ada uang pangkal/gedung, adanya uang mahad(asrama), 1 kamar 2 orang (katanya sih ada ac setiap kamar), tapi ya fakultasnya masih baru beberapa tahun dibuka, kalau nggak salah 2016 atau 2017  https://twitter.com/geenaazkii/status/1295973694519406593Â â¦",1
370,Indonesia punya uang baru pecahan Rp 75.000 setelah Bank Indonesia (BI) meluncurkan untuk peringatan kemerdekaan Indonesia ke-75. Siapa yang desain?  https://finance.detik.com/moneter/d-5139409/siapa-di-balik-desain-uang-khusus-rp-75000?utm_term=echoboxauto&utm_campaign=detikcomsocmed&utm_medium=oa&utm_content=detikfinance&utm_source=Twitter#Echobox=1597839217Â â¦,0
373,Nanti aku kasih uang 75rb yang baru,0
374,Aku juga mau trima donasi uang baruðð,0
381,"BI mencetak #uangnominal75ribu khusus dalam rangka peringatan ulang tahun ke-75Â RepublikÂ IndonesiaÂ (RI). Tapi siapa sangka, satu dari sembilan anak yang ada dalam lembaran uang baru memakai baju adat, ternyata memakai baju adat MelayuÂ Riau.

#infoPKU #Pekanbaru pic.twitter.com/gK7BcuXBMW",0
396,"Rupanya cuma uang lucu lucuan ð 
Kayak duit maen monopoli kituh ð¤

Soal Uang Edisi HUT, Sri Mulyani: Ini Bukan Cetak Uang Baru!  http://detik.id/VzerUdÂ  pic.twitter.com/983FuXUHt6",1
400,"mobil. uang atm. sampe hutang banyak banget dimana mana. gara gara pelakor ini:')

aku yang baru masuk smp gapernah sadar kalo bapakku beda dari yang dulu dulu karena dapet guna guna dari pelakor itu. aku taunya kalo bapak ibu fokus kerja karena buat menghidupi aku",1
405,"5 Berita Populer Finansial, Viral Baju Adat China di Uang Baru Rp75.000, BI: Itu Suku Tidung, Asli Indonesia! dan Bank Mandiri (BMRI) Raup Laba Rp10,3 Triliun Semester I/2020  https://finansial.bisnis.com/read/20200819/11/1281146/5-berita-populer-finansial-viral-baju-adat-china-di-uang-baru-rp75.000-bi-itu-suku-tidung-asli-indonesia-dan-bank-mandiri-bmri-raup-laba-rp103-triliun-semester-i2020?utm_source=dlvr.it&utm_medium=twitterÂ â¦",0
410,"BARU KELAR NNTN BAGIAN INI, ANJIRRR GA BERENTI KETAWAA, didukung banget ost nya udh ballad2 gituu pas bilang suka2 tiba2 ost nya berubah anjir pas bilang karena uang WKWKWKWKWK  https://twitter.com/BlackSesame88/status/1294760320012029960Â â¦",0
423,Cek Fakta: Tidak Benar Uang Baru Pecahan Rp 75.000 Tak Bisa Dipakai untuk Belanja  http://dlvr.it/RdxJBhÂ ,1
424,"Liat logo dibilang salib, liat gambar di uang baru dibilang cina, kalau memang hatinya busuk ya selalu menemukan apa untuk dibenci. Opo ndadak tak nganggo mode Bu Tejo dinggo ngrasani atimu sik rusak kui?",1
437,"selamat kakkk lolos simak semoga sukses terus kedepannya, bismillah aku mau kedua buku diatas, karena aku dari SMK dan bener2 baru bgt di ambisverse, dan aku jg lagi gaada uang sama sekali utk beli buku2 soal karena selama PJJ uang jajanku juga otomatis di stop. wish me luckkâ¤ð  pic.twitter.com/S33CCFmVSR",0
440,"Amin............jgn lgsung mati ke enakan,,stroke dlu beberapa tahun,,hbisin dulu uang""haram yg mereka trima dri bohir,,baru koit...ð®ð©ð®ð©ð®ð©ð¤£ð¤­ð¤£ð®ð©ð®ð©ð®ð©",1
454,"""Kenapa kamu baru punya teman ketika ada uang, apa kamu salah pilih temen, atau justru kamu yang menjauhi mereka"" 
Lanjut mang dadang lagi
""tapi saya gamau jadi beban mereka mang"" dimas meminta rokok ke mang dadang",1
466,"Uang Baru Rp 75.000 Bisa Mulai Dipesan Jam 15.00 WIB, Apa Saja Maknanya? Halaman all  https://shareit.smh.re/H2PÂ ",1
477,"Kalian udah tau belom? BANK INDONESIA ngeluarin duit baruð®ð© yaitu duit Rp 75.000, pasalnya dalam rangka memperingati hari kemerdekaan ke 75 Republik Indonesia BI mengeluarkan uang baru itu, 
STOCK TERBATAS"")",0
479,"Cara cepat dapetin uang 75rb baru

*buka grup keluarga, lalu ketik: 
""Tante, aku mau uang 75rb an baru, klo dpt mau 1 yaa""

Semenit kemudian: ""besok tante coba cari ya, klo dapet tante kasih""

Iyasiap.. biasanya klo tante udh ngmng gt pasti besok dapet ð¤£ð¤£  pic.twitter.com/fJb8yEUWDf",0
482,"uang baru yang keluar senilai 75ribu
pas banget sama harga amer jdi gausah kembalian",0
487,"uang pecahan 75 ribu dimungkinkan akan menjadi usaha atau bisnis baru bagi negara.

Rakyat akan diperas melalui Souvenir Ini.
 https://www.swarakyat.com/2020/08/pengamat-kalau-uang-baru-75-ribu-tak.htmlÂ â¦",1
491,Sekalian bahas uang baru,0
493,"Hai Kak V, makasih infonya ttg pecahan uang baru dari BI ya. Karena info itu, aku bisa dapet pecahan uangnya. Sekali lagi makasih ya â¤ï¸",0
494,nanti uang 75 yg baru nama panggilannya apa ?,0
499,"uang beli tiga rumah baru setengah kekayaan saya sama keluarga saya, kenapa?",1
501,Cara dapatkan uang 75 ribu baru ð  pic.twitter.com/Sa6kfVk0xA,0
508,Ih telat tau ada daftar online buat tuker uang 75.000 baru :( dah penuh deh :(((,0
509,Pengen punya uang pecahan 75 yg baru tapi kenapa nukerinnya harus keluar kota padahal sangat ingin karena cangtip sekali uangnya ð­ð­,0
514,Pengen dapet uang 75 rebu yg baru,0
527,BTW ... pecahan uang baru 75rb full colour bgt sih ... jadi keliatan kayak uang mainan. Mgkin perlu adaptasi ...,1
528,"st4n ga buka pendaftran smpe beberapa taun kedepan nder, eummm atau ga kerja dulu aja smk bisa kan ya(?) gatau aku hehe, tp menurut aku si kerja dulu tabung uang nya baru kuliah",0
529,Gue aga bingung si pas ada bilang baju adat tionghoa di lembar uang baru. Soalnya pas pertama kali liat yang tengah gue langsung mikir itu baju adat kalimantan sulawesi,1
533,"Nih ya nyet,  hari ini aja kluar lg fitnah dr manusia yg pake jilbab yg sering kluar kata2 cebong:  soal pakaian adat di uang baru.  Kelompok kalian emang ga punya otak sih,  tukang fitnah,  hidup miskin merana,  ga ada kata2 bahagia wkwkwk  pic.twitter.com/M6bnyynkVa",1
541,"Pengamat : Kalau Uang Baru 75 Ribu Tak Bisa Jadi Alat Tukar, Cerdas Juga Pemerintah Ya
 https://www.swarakyat.com/2020/08/pengamat-kalau-uang-baru-75-ribu-tak.htmlÂ â¦",0
543,Ya Allah beri hamba uang dan rezeki yang berlimpah agar bisa membeli smartphone baru.,0
548,Jangan bilang ini even of day ada versi denimalz yg baru nya ð­ð­ð¸ð¸ð¸ uang dimana uangg,1
550,"Nasib hp kentang gini amat ya? Wkwkwkw mo download zoom udah gak bisa mo hapus apk lain pun sama ajaa :(( mo beli baru gak punya uang, bukan gak punya lebih ke klo beli hp skrg nanti kita kita gak makan :(( dahlah malah curhat di twitter",1
553,"Yeah.

Silahkan keroyok @akujunguwu karena kalah (+25)
@kiiimdhyn mendapatkan +100k

Kurangi dan tambahkan uang sesuai peraturan. Ingat yang kalah betnya dikali dua baru kurangkan!  pic.twitter.com/Z94sOraB0t",1
554,krn pulsa aku byk ð top up bulanan dr kantor ga bisa diganti uang jd dimanfaatkan yg lain aja.. mgkn klo nanti udah ga dpt jatah pulsa lg baru aku mikir ulang ð,1
555,"Dicari uang keluaran baru, kalau ada saya beli seharga 50Rb  pic.twitter.com/mBWPo1ZAaw",0
558,"asliii, kan w beli minuman sekalian topup shopee, uang udh dimeja, hape udah dimeja terus ngatau ngomong apa dia pelan bgt ketus gt, dah w sodorin duit, bukan, sodorin hp bukan, w sodorin duaduanya baru diambil hp w buat ngecek kodenya. untung sabar akutu :)",0
567,"Baru vc sama kakak, komen soal mukaku dan down lagi:((
""Makanya jangan coba2 skincare, buang2 uang aja kamu""
Monangisð­",1
569,"Jual uang 75.000 baru ready 25 Agustus, 7.500.000 nego tipis ð",0
579,"Kalian nguji dpt uang ya. Guru SD? Pembina ekstra ga dibayar, jd wali kelas ga dibayar pdhal tiap 3 bulan bikin rapot, membina murid persiapan lomba ga dibayar (kalo nganter baru dpt honor transport ga nyampe 200 rb, ga ada arti kan kepintaran kita?)...",0
582,"Hhaa percaya ka pa aziz mh ð¬
Pasti aya link supaya abi tiasa gaduh uang baru eta? ð",0
583,sistem perputaran uang itu gimana sik? knp duit2 yang di bank kaga dibakar aja biar kaga buble2 bgt setelah BI mencetak uang baru?,1
589,Iyaa ada uang lembar baru uwu ð®ð©ð  pic.twitter.com/yzLiqxmpgj,0
590,"Jangan menunggu banyak uang baru hidup tenang, tapi hiduplah dgn tenang. Percayalah bukan sekadar uang yg datang tapi jga rejeki yg lainnya.",0
592,Pgn nuker uang baru. Tapi kebayang itu bakal ramenya gmnð,0
593,"Bagi teman2 yg ingin tau Pakaian Adat Tidung yang ada pada Uang Baru Edisi Khusus Untuk Koleksi
#sukutidung pic.twitter.com/Bxq4q9dUJ9",0
595,"Dor!  Menurut kalian uang 75k baru berguna gak sih? Btw aku udeh dpt pemesanan nya, tapi kalo dipikir2 ko kaya gak guna yak Cmiiw",1
596,Mau uang lembar baru 75000 tapi mager ngurus nukernya,1
607,baru tau malah uang 75 ribu wkwkw,0
609,Mata Uang Baru Indonesia | Periode 2014-2020 | Trending in Indonesia â Asian NetworkÂ Media  https://www.anmedia.us/mata-uang-baru-indonesia-periode-2014-2020-trending-in-indonesia-asian-network-media/Â â¦,0
617,Tim nunggu uang baru 75rb dilebaran idul fitrið,0
625,Nunggu uang 75k-nya dari bank umum aja daripada ribet-ribet ke BIâ¨  pic.twitter.com/l9m34Tiqmq,0
632,miris liat orang jualan pecahan 75k sampe jutaan rupiah. butuh uang apa butuh otak si anda,1
637,Info penukaran uang 75k yg baru? ð¤£ Di lumpukne terus dinggo mahar menarik ð¤£,0
649,"Mau ikutan dapet uang 75K edisi khusus susah bener asli, jadwalnya penuh mulu. Ada yang punya tips?",0
655,Lumayan jualan perangko g laku,1
657,@bank_indonesia kalau lihat website  http://pintar.bi.co.idÂ  seluruh slot waktu pemesanan dan penukaran uang untuk lokasi Bandung sampai 30 September 2020 sudah penuh semua. Apakah akan ada penambahan kuota lagi atau tidak ya?,0
659,"Daftar Situs Agen Sbobet338 Deposit Semua Jenis Bank Indonesia 50rb

Daftar Situs Agen Depobos Sbobet338 Deposit sudah bisa ke Semua Jenis Bank Indonesia. Minimal deposit hanya 50rb saja sudah bisa menikmati sensasi bermain dengan satu id !  https://linktr.ee/sbobet338_Â 
#Sbobet338 pic.twitter.com/d39nDNA4YQ",0
674,bank indonesia,0
679,"Management sekarang pikir sekarang, yang nanti pikir nanti, pokoknya ikut saja tidak perlu protes, merugi lebih banyak urusan belakangan, pilihan terbatas, yang penting @bank_indonesia siap cetak uang",0
680,"Berdasarkan situs @bank_indonesia suku bunga BI Reverse Rate pada 19 Agustus 2020 diumumkan sebesar 4%, sama dengan periode bulan sebelumnya

Artinya Suku Bunga TETAP alias tidak berubah  pic.twitter.com/QR0cPvkX4M",0
684,katanya suruh nanya,0
696,"HOAKS, Uang Baru Pecahan Rp 75 Ribu Tidak Dapat Dibelanjakan. #follbackNKRI cc @kemkominfo @medcom_id @liputan6dotcom @detikcom @bank_indonesia
 https://www.kominfo.go.id/content/detail/28751/hoaks-uang-baru-pecahan-rp75-ribu-tidak-dapat-dibelanjakan/0/laporan_isu_hoaksÂ â¦",1
697,program-program Pemerintah dalam Pemulihan Ekonomi Nasional (PEN) akan segera direalisasikan. Pemerintah melalui Bank Indonesia (BI) juga telah mempersiapkan kebijakan untuk memitigasi risiko dampak Covid-19 terhadap perekonomian  pic.twitter.com/ix0x3xUJRW,1
700,program-program Pemerintah dalam Pemulihan Ekonomi Nasional (PEN) akan segera direalisasikan. Pemerintah melalui Bank Indonesia (BI) juga telah mempersiapkan kebijakan untuk memitigasi risiko dampak Covid-19 terhadap perekonomian  pic.twitter.com/oJitrNo1UO,0
701,program-program Pemerintah dalam Pemulihan Ekonomi Nasional (PEN) akan segera direalisasikan. Pemerintah melalui Bank Indonesia (BI) juga telah mempersiapkan kebijakan untuk memitigasi risiko dampak Covid-19 terhadap perekonomian  pic.twitter.com/bobMi7J9kJ,0
711,mimin kok jadwalnya penuh ð­ pic.twitter.com/pVMHK3LGjV,0
713,"Ya inilah wujud dari bhinneka tunggal Ika, berbeda adat budaya dan lain lain, tetapi tetap mencerminkan satu kesatuan yang erat dan tak terpisahkan. Dalam naungan Indonesia.",0
718,di ibukota provinsi jadwal penuh semua min,0
720,"Pesan mimin niiih, kalau kamu berhasil mendapatkannya, jangan dijual ke Warga Negara Asing ya! Agar kita bisa melestarikan peninggalan bangsa Indonesia di masa yg akan datang â¤
@kemenkopmk @bank_indonesia @KemenkeuRI
#AyoBerubah #RevolusiMental #UangRupiahKhusus #IndonesiaMaju pic.twitter.com/nHq0R3iY7j",0
725,Kapan open PO lagi min?,0
731,Apakah syarat penukaran uang bisa manggunakan SIM atau selain KTP?,0
732,"Keluaran uang terbaru 75.000 rupiah dari Bank Indonesia akhir ini maning2 ada yg sampai detail memperhatikan bahwa pakean yg dipake dalam gambar adalah pakean adat China. Hadehh, ramasyok bliyass sing ngene iki
Padahal iku pakean adat gene Suku Tidung",0
735,Sampai 2 sep sudah tidak ada jadwal bagaimana coba cara mendapatkannya itu hanya 15 menit dari jam 3,0
736,"Pemerintah dan Bank Indonesia mengeluarkan uang peringatan kemerdekaan ke-75 Republik Indonesia pada 17 Agustus 2020. Uang kertas khusus ini mulai disalurkan melalui seluruh perwakilan Bank Indonesia di seluruh tanah air, pada Selasa 18 Agustus.  http://cnnindonesia.com/tvÂ  pic.twitter.com/5dfU8IthW8",0
742,Isinya kalendernya abu abu semua. Apa gunanya..,1
750,Siap-siap! BI sebut kredit kendaraan bermotor ramah lingkungan bakal bebas DP  http://nasional.kontan.co.id/news/siap-siap-bi-sebut-kredit-kendaraan-bermotor-ramah-lingkungan-bakal-bebas-dpÂ â¦ #BankIndonesia/BI,0
751,"Ini dicetak masal buat alat pembayaran kyk yg lain, atau cuma limited edition??",0
752,Dah abis ya min â¹,0
753,"Saya coba cari tanggal sampai Agustus 2020, di area Kalsel sudah penuh semua.
Kira2 bisa dibantu ? #UPK75RI",0
754,"Limited tapi banyak, beda halnya kalau uang bersambung yang dicetak ribuan bilyet saja, ini dicetak 75 juta bilyet/lembar, tentunya ini jumlah yang banyak. Namun, karena kouta perhari terbatas dan banyak yang berminat, auto penuh kuotanya. Tapi tidak perlu risau, masih bisa nanti",0
759,Iyee nih. Dah penuh pas sejam stlh launching jg,0
761,Kemaren udah coba buka webnya tapi jadwal penuh semua min ð,0
767,Ada pertanyaan? Komentar di bawah yah...ð #UPK75RI #BInfo,0
773,iya sudah beberapa kali ngecek tetapi jadwal sudah punuh ð¢,0
779,"Bank Indonesia Jatah Sumut Uang Rp75 Ribu Sebanyak 3,6 Juta Lembar  https://ift.tt/3l947ZwÂ ",0
783,Gw enggað­,1
790,"Boleh diinformasikan siapa engraver/designer dari UPK ini, biar kerja keras mereka juga dihargai min",0
794,NOT MYSELF READING THE BI (bank indonesia) AS B.I ðð»ââï¸  https://twitter.com/kumparan/status/1295583839683657728Â â¦,0
797,"Pemerintah Republik Indonesia dan Bank Indonesia (BI), bersepakat meluncurkan mata uang pecahan Rp75.000, untuk memperingati hari Kemerdekaan Republik Indonesia yang 75 Tahun.  https://www.instagram.com/p/CEEYUdkHLMgshjxQysAxD9VSzT0Pt3pnQt8hzY0/?igshid=1sicz6p0q7bb7Â â¦",0
800,"Ini Kata Bank Indonesia soal Perbedaan Ukuran Angka 75 dan 0 di Uang Pecahan Rp 75.000

 https://www.borneonews.co.id/berita/181532-ini-kata-bank-indonesia-soal-perbedaan-ukuran-angka-75-dan-0-di-uang-pecahan-rp-75-000Â â¦",0
802,Bank Indonesia membeli SBN di pasar perdana untuk mendanai APBN.  https://bisnis.tempo.co/read/1377467/danai-apbn-bank-indonesia-beli-sbn-di-pasar-perdana-rp-429-m?utm_source=Digital%20Marketing&utm_medium=Twitter&utm_campaign=dlvritÂ â¦,0
811,"Telly bercerita pada awal tahun 2019 lalu, pihak Kantor Perwakilan Bank Indonesia NTT memintanya untuk mengirim foto Ananda.

Lalu foto siswi kelas 2 SD Negeri Naikoten 1 Kota Kupang dikirim ke Bank Indonesia di Jakarta untuk diseleksi.",0
816,Uang rupiah khusus yang diterbitkan Bank Indonesia adalah uang lembaran Rp 75.000. Ini menjadi momen langka mengingat Bank Indonesia biasanya mengeluarkan rupiah edisi khusus berbentuk koin | #VideoKompas #Money pic.twitter.com/6hxLIrLtrd,0
817,"Bank Indonesia (BI) Pusat telah menyiapkan sebanyak 75 juta lembar uang pecahan baru dengan nominal Rp 75.000. 

Kepala Kantor Perwakilan BI Jember, Hestu Wibowo, Rabu (19/8/2020) memastikan, ketersediaan uang baruâ¦  https://www.instagram.com/p/CEEUlS7gpR4/?igshid=1u7x8ygmiatzmÂ â¦",0
823,Dishopee tokpe mlhn sdh ada. @LAPOR1708 @KemenkeuRI @bank_indonesia,1
826,Bertepatan dengan hari kemerdekaan Negara Republik Indonesia ke-75 Pemerintah Indonesia melalui Mentri Keuangan RI Sri Mulyani Indrawati dan Gubernur Bank Indonesia Perry Warjiyo meluncurkan uang baru kertas Rp 75â¦  https://www.instagram.com/p/CEESl2GD3sK/?igshid=j62f32kcg7ioÂ â¦,0
827,"Tely tak menyangka, anaknya Ananda Saubaki terpilih mewakili Kantor Perwakilan Bank Indonesia Nusa Tenggara Timur, dalam sesi pemotretan.",0
828,"""Pihak Bank Indonesia meminta kami untuk mengirimkan foto berpakaian adat, sehingga diteruskan ke kantor pusat untuk diseleksi,"" ujarnya.",0
835,"Bisa, tadi saya tuker sama 10 ribu sobek di pinggir seruas jari dan 5 ribu yg bolong hehe.

Kata petugas yang penting nomor serinya masih utuh",0
838,3. Bank Indonesia,0
839,"""Rapat Dewan Gubernur BI 18-19 Agustus 2020 memutuskan untuk mempertahankan suku bunga BI 7-Day Reverse Repo Rate 25 bps sebesar 4 persen,"" kata Gubernur BI, Perry Warjiyo.
#gubernur #bi #bankindonesia #sukubunga https://www.inews.id/finance/makro/bi-pertahankan-suku-bunga-acuan-4-persenÂ â¦",0
840,Bank #Indonesia Pauses On Rate Cuts To Support Currency  https://talkmarkets.com/content/global-markets/bank-indonesia-pauses-on-rate-cuts-to-support-currency?post=273856Â â¦,0
854,Bank Indonesia menurunkan batasan minimum uang muka (down payment) kredit kendaraan bermotor dari kisaran 5 persen hingga 10 persen menjadi 0 persen.  #bankindonesia #kredit https://bit.ly/3aDzmH3Â ,0
877,"BI Gratiskan DP Pembelian Sejumlah Kendaraan per 1 Oktober, Apa Saja?: Bank Indonesia (BI) akan kembali merelaksasi uang muka (down payment/DP) untuk kendaraan berkategori ramah lingkungan, yang sebelumnya telah turun menjadi 5-10 persen pada Septemberâ¦  http://dlvr.it/RdwhtZÂ ",0
878,"Post ini kemarin tiba2 muncul di TL, iseng2 daftar di @bank_indonesia ternyata dapat antrian. Thank you @BigAlphaID. pic.twitter.com/sY21bVRSxX",0
882,"Nilai tukar rupiah terhadap dolar Amerika Serikat (AS) terus bergerak melemah sejak memasuki kuartal III-2020. Meski demikian, Bank Indonesia (BI) tetap optimistis rupiah masih memiliki ruang untuk penguatan. #KAMUHARUSTAU https://www.indozone.id/news/N4snVJo/bank-indonesia-optimis-rupiah-masih-punya-ruang-penguatan-ini-penyebabnya?utm_source=wpberitaterk&utm_medium=wp_beritatrkn&utm_campaign=hithomeÂ â¦",0
886,Indonesia Bank Indonesia Rate meets forecasts (4%) in August  http://dlvr.it/RdwgS1Â  #Live_News  http://bit.ly/2OvmW9ZÂ ,0
891,"Hai Idham, Uang Peringatan Kemerdekaan (UPK) 75 Tahun RI dikeluarkan secara khusus dalam rangka memperingati 75 Tahun Kemerdekaan RI dan biasanya karena bukan uang reguler serta dicetak terbatas. ð 

Selengkapnya dapat kamu lihat pada tautan berikut ðð»  https://bit.ly/2YbKZ2XÂ ",0
893,BANK INDONESIA MAINTAINS 2020 INFLATION FORECAST AT 2%-4%,0
897,Bank Indonesia Holds Rates Steady to Safeguard Weak Currency  http://dlvr.it/RdwdWRÂ ,0
903,"Indonesiaâs balance of payments recorded a sizeable surplus in the second quarter this year, thereby reinforcing the countryâs external resilience, central bank Bank Indonesia has reported. 
 https://setkab.go.id/en/indonesia-records-substantial-surplus-in-q2-bop-bi/Â â¦",0
911,"HUT RI ke -75, BI Resmi Mengedarkan Uang Kertas Pecahan Rp.75000 -  https://www.jagatpapua.com/hut-ri-ke-75-bi-resmi-mengedarkan-uang-kertas-pecahan-rp-75000/Â â¦
#jagatpapua #beritajagatpapua #beritapapua #beritapapuabarat #updateberitapapua #infopapua #infopapuabarat pic.twitter.com/0jZViGG8AE",0
924,Hayuuu para numismatis siap-siap BI mau terbitkan uang Rp 75000 (terbatas),0
931,"Fiat Currency - Fake money 

MENGHANCURKAN MITOS (F***KI 01) DARI MATA UANG KERTAS DAN YANG BARU Rp 75000...",1
932,"Uang baru edisi HUT RI ke 75, pecahan Rp 75000. #DirgahayuRI75 pic.twitter.com/yFnfUotAAQ",0
937,BI Luncurkan uang baru Rp.75000 | Trending in Indonesia â Asian NetworkÂ Media  https://www.anmedia.us/bi-luncurkan-uang-baru-rp-75000-trending-in-indonesia-asian-network-media/Â â¦,0
946,"Cek Fakta: [SALAH] Ada yang Tidak Lazim, di Uang Pecahan 75 Ribu Rupiah Hanya Ada Baju Adat TiongkokÂ China  https://kabartangsel.com/cek-fakta-salah-ada-yang-tidak-lazim-di-uang-pecahan-75-ribu-rupiah-hanya-ada-baju-adat-tiongkok-china/Â â¦",0
952,"bayangin..kalo ente punya 1 lembar duit 75 ribu, dan ente simpen dalam jangka 5 sampai 20 tahun....hmmm...bisa berlipat ganda itu uang ente...

berlipat ganda karena di lego sama kolektor uang langka...",0
956,"Rezim pemeliharaan kegaduhan tiada hari tanpa bikin masalah. 
Tipikal eksentrik, biasanya saat mati mengenaskan
#Uang75ribu",1
958,#Uang75ribu diluncurkan pada saat #HUTRI75 https://twitter.com/bank_indonesia/status/1295264076898004993Â â¦,0
967,"Jd uang 75 ribu itu cuma dicetak sedikit doang.?

Itu kalo sampe ditangan calo keknya bakal dijual lagi 100 ribu/lembar.",1
971,"Uang Rp 75 Ribu Resmi Beredar, Pemesanan Secara Online  https://baliexpress.jawapos.com/read/2020/08/17/209476/uang-rp-75-ribu-resmi-beredar-pemesanan-secara-onlineÂ â¦",0
979,Pekerjaan Rumahku: Mencari dan mendapatkan uang pecahan 75 ribu. :D,0
992,"Uang 75 ribu baru gemesh,  bagus, cantik tapi sayang gak dicetak buat jadi alat pembayaranð",0
1008,uang 75 ribu baru ð¥ºð¤ð®ð©  pic.twitter.com/aBGi8FAAFx,0
1027,"Kabarnya bakal ada uang pecahan Rp 75 ribu, buat menyambut hari ulang tahun RI ke-75.

Itu 3 angka 0 di belakang emang sengaja dikecilin buat siap-siap redenominasi mungkin  pic.twitter.com/RX83lccHGR",0
1033,"Besok katanya diresmiin mata uang baru senilai 75 ribu rupiah.
Kalo 25 ribu kan jigo, 50 ribu gocap, kalo 75 ribu apa? Jicap?",1
1034,"WOW... Ada uang pecahan baru, Rp 75 ribu. Penasaran seperti apa? 
@bank_indonesia https://bit.ly/31V306JÂ ",0
1035,"Sayangnya, Jembatan Palu IV sudah  hancur karena bencana besar 2 tahun lalu. Andai saja gambar jembatan di uang 75 ribu itu gambar Jembatan Palu IV, kami akan sangat terharu krn kebanggaan kami yg telah hilang dpt kekal dlm selembar rupiah :')

sumber gbr:  http://KabarSelebes.idÂ  pic.twitter.com/icuz7CxKmh",0
1036,"Nih sekalian lu tanya pemerintah makna salib yg ada di uang koleksi keluaran BI pecahan 75 ribu. Kalo lu ga dapat jawabannya, mending coli aja sampai puas ð  pic.twitter.com/Hclntw8R5W",1
1037,Jadi ini uang baru yg mau diluncurkan BI. Pecahan 75 ribu. Cantik ya guise  pic.twitter.com/c3V7sG3PaX,0
1040,"Merdeka! Besok Ada Peluncuran Uang Pecahan Rp 75 Ribu
#UangPecahan75Ribu https://m.jpnn.com/news/merdeka-besok-ada-peluncuran-uang-pecahan-rp-75-ribu#.XzlCPC3JdGY.twitterÂ â¦",0
1043,"75 Tahun Indonesia Merdeka, Rp 75 ribu Beredar
.
Sepanjang 75 tahun Indonesia merdeka, baru kali ini pemerintah mengeluarkan uang pecahan Rp 75.000-an. Uang baru itu besok akan diluncurkan Bank Indonesia (BI) danâ¦  https://www.instagram.com/p/CD9AbfYAxII/?igshid=e1n1g514pfreÂ â¦",0
1044,"Uang pecahan 75 ribu bakal beredar ? ð

Viral, Heboh Penampakan Uang Baru Sambut Kemerdekaan RI ke-75 Tahun

 https://www.liputan6.com/bisnis/read/4332591/viral-heboh-penampakan-uang-baru-sambut-kemerdekaan-ri-ke-75-tahunÂ â¦",0
1046,"Lambe telat nih kalah inpo dari gue wkwkwk 
Btw buat yang mau tukar uang 75.000 ribu nya hari selasa ke bank BI ya  pic.twitter.com/qhcLoG3Nqx",0
1047,Uang seratus ribu kalah hive nih,1
1052,"hah demi apa ada uang pecahan 75 ribu?
 http://detik.id/673QavÂ ",0
1056,"Sebuah pecahan uang kertas baru dikeluarkan Bank Indonesia. Uang pecahan Rp75 ribu. Dikeluarkan bersamaan dengan peringatan Kemerdekaan 75 Tahun Republik Indonesia.
.
Senin, 17 Agustus 2020 besok, Gubernur BIâ¦  https://www.instagram.com/p/CD84xwmJhyH/?igshid=13qg1fb6h81ibÂ â¦",0
1070,Karna besok adalah HUT RI ke 75 tahun BI mencetak uang khusus Rp.75.000 ribu untuk memperingati kemerdekaan kita yang sudah 75 tahun cantik ya uang nya.  pic.twitter.com/Nt5swT3Mzp,0
1078,"#NewsLineBisnis Marlison Hakim (Kepala Departemen Pengelolaan Uang BI): setiap tahun BI selalu mengembangkan pengamanan uang kertas. Untuk uang pecahan 75 ribu rupiah ini kita menggunakan teknologi yang tertinggi saat ini.
Streaming:  http://metrotvnews.comÂ  pic.twitter.com/piBDq2nYPT",0
1079,"#NewsLineBisnis Marlison Hakim (Kepala Departemen Pengelolaan Uang BI): uang pecahan 75 ribu rupiah ini dicetak sebanyak 75 juta lembar., masyarakat masih bisa mendapatkan uang ini dengan melakukan pemesanan di  http://pintar.bi.go.idÂ  
Streaming:  http://metrotvnews.comÂ  pic.twitter.com/yP2o6gH5Nl",0
1084,"Sumbar Dapat Jatah 1,1 Juta Helai Uang Pecahan Rp 75 Ribu, BI: Satu KTP untuk Satu Lembar  https://padang.tribunnews.com/2020/08/19/sumbar-dapat-jatah-11-juta-helai-uang-pecahan-rp-75-ribu-bi-satu-ktp-untuk-satu-lembarÂ â¦ via @tribunpadangcom",0
1098,"Warga Kota Padang, Sumatera Barat mulai menukarkan uang untuk memperoleh uang pecahan Rp 75 ribu. Khusus Sumatera Barat, BI mengalokasikan 1,1 juta lembar pecahan Rp 75 ribu.

#CNNIDAfter10
 http://cnnindonesia.com/tvÂ  pic.twitter.com/5HMdjfdFNX",0
1099,Uang pecahan Rp 75 ribu edisi khusus HUT RI. #idntimesjateng #MenjagaIndonesia #75tahunindonesia https://jateng.idntimes.com/business/economy/larasati-rey/penuh-sampai-3-september-bi-hanya-layani-150-penukar-uang-rp75-ribu?utm_source=facebook&utm_medium=auto&utm_campaign=autoÂ â¦,0
1102,"Peringatan HUT ke 75 RI, BI Bakal Rilis Uang Pecahan Rp 75 Ribu  https://goo.gl/fb/LozW4PÂ  #Papua #nasional",0
1103,"Desain uang pecahan Rp75 ribu yang baru saja dikeluarkan oleh Bank Indonesia ternyata menyimpan makna menarik. Apa saja?
#Uang75Ribu
 https://nova.grid.id/amp/052295413/sudah-rilis-desain-uang-rp-75-ribu-terbaru-simpan-makna-mendalamÂ â¦",0
1117,uang pecahan 75 ribu dikatakan penuh filosofi. bagi sy semakin banyak nominal uang semakin tinggi filosofinya.,0
1119,BI Cetak 75 Juta Lembar Uang Pecahan Baru Rp75 Ribu  https://newsbuzzbreak.com/p/5f3a1988e7eee919bd9e14aeÂ â¦,0
1134,"Bagaimana, Kawan Tunaiku, berminat untuk menukarkan uang baru pecahan 75,000 ? Kalau kamu sendiri, apa yang kamu sukai dari #Uang75Ribu ini? Yuk, cerita-cerita!",0
1135,"Terkait dengan desain uang pecahan baru ini, ada 3 makna yang terkandung di dalamnya, antara lain: mensyukuri kemerdekaan, memperteguh kebinekaan, dan menyongsong masa depan yang gemilang. #uangbaru #uang75ribu",0
1136,"Dalam memperingati kemerdekaan 75 tahun Republik Indonesia,pemerintah,dan Bank Indonesia mengeluarkan uang pecahan Rp75 ribu.Uang edisi khusus ini resmi dikeluarkan dan diedarkan pada 17 Agustus 2020 sebagai alat pembayaran yang sah.
 https://youtu.be/uTeENO9D3F8Â  pic.twitter.com/JFCDg07OXZ",0
1139,"Penukaran uang pecahan Rp75 ribu dalam rangka peringatan 75 tahun Indonesia merdeka sudah dimulai. Pendaftaran dibuka di laman  http://pintar.bi.go.idÂ  sejak Selasa pagi, 18 Agustus 2020. https://intuisi.co/terbatasnya-penukaran-pecahan-rp75-ribu-tak-semua-warga-kaltim-kebagian/Â â¦",0
1140,"Tak hanya Tari ""Surak Rang Kuansing"" yang bisa tampil dalam Virtual Penurunan Bendera HUT ke-75 RI kemaren. Kini, Riau membuat kebanggaan baru yaitu terpilih sebagai Visual di Mata Uang pecahan 75 Ribu rupiah. 

Ada yang tau tak sape name Anak Dare dalam foto ni?  pic.twitter.com/kjKxLXJQYb",0
1141,"Viral Uang Pecahan Baru Rp 75 Ribu Dijual di Market Place hingga Rp 50 Juta, Ini Tanggapan BI  https://www.tribunnews.com/nasional/2020/08/18/viral-uang-pecahan-baru-rp-75-ribu-dijual-di-market-place-hingga-rp-50-juta-ini-tanggapan-biÂ â¦",0
1142,"Uang Pecahan Baru Rp 75 Ribu di HUT RI Ke 75 tahun, Tampilannya Menarik  https://www.segitigapendidikan.com/2020/08/uang-pecahan-baru-rp-75-ribu-di-hut-ri.htmlÂ â¦ via @Suhari38898462",0
1145,"BI Rilis Pecahan Uang Rp 75 Ribu, Ini Makna dan Filosofi Desainnya  https://radarmalang.jawapos.com/ekonomi-bisnis/18/08/2020/bi-rilis-pecahan-uang-rp-75-ribu-ini-makna-dan-filosofi-desainnya/Â â¦ via @Radar Malang Online",0
1146,"Pecahan uang 75 ribu baru, konon katanya tak bisa ditransaksikan sebagai media pembayaran ya? Kalau betul, maka artinya sama aja lu tukar asset liquid sama kentut dong.ððð

Yang jual dapat cash, sementara lu dapat kertas nggak laku ððð  pic.twitter.com/EnKjh08Qt8",1
1150,Uang Pecahan Rp 75 Ribu Cuma Simbolis atau Dilempar ke Masyarakat? #uangpecahanRp75ribu  https://m.jpnn.com/news/uang-pecahan-rp-75-ribu-cuma-simbolis-atau-dilempar-ke-masyarakatÂ â¦ pic.twitter.com/k50e5xmgah,1
1156,"PA 212 Sebut Negara Sudah Kacau, Bikin Uang Pecahan 75 Ribu Hanya buat Polemik - Follow @demokrasicoid https://www.demokrasi.co.id/2020/08/pa-212-sebut-negara-sudah-kacau-bikin.htmlÂ â¦",1
1157,Kok masih ada aja yg ngaitin uang pecahan 75 ribu kemana2. Klo emang nggak tertarik buat nukarin ya gk usah ditukarin. Udah merdeka kok masih gitu2 aja.,1
1158,Uang pecahan 75 ribu pas banget buat beli amer sama rokok 3 batang,1
1160,sumpah aneh banget kalo dipikir2 ada pecahan uang 75 ribu :/,1
1161,Serba serbi penukaran uang pecahan 75 ribu  pic.twitter.com/TatIw2vzOf,0
1163,"Viral! Beredar Gambar Uang Kertas Pecahan 75 Ribu Rupiah, Ini Informasi Lengkapnya",0
1164,"Ada Busana China di Uang Pecahan Rp 75 Ribu, Netizen Ini Banjir Hujatan  https://telisik.id/news/ada-busana-china-di-uang-pecahan-rp-75-ribu-netizen-ini-banjir-hujatanÂ â¦",1
1168,Gerindra Pertanyakan Efektivitas Pecahan Uang Rp.75 Ribu KeluaranÂ BI  https://radaraktual.com/45033/gerindra-pertanyakan-efektivitas-pecahan-uang-rp-75-ribu-keluaran-bi.htmlÂ â¦,0
1170,Sri Mulyani: Uang Pecahan Rp 75 Ribu Tak Diedarkan Bebas Apalagi Tambahan Likuiditas - Follow @demokrasicoid https://www.demokrasi.co.id/2020/08/sri-mulyani-uang-pecahan-rp-75-ribu-tak.htmlÂ â¦,1
1173,"Memperingati HUT RI ke-75, BI mengeluarkan uang pecahan Rp 75 ribu bergambar sang proklamator. Berikut cara memesan uang pecahan Rp 75 Ribu di  http://pintar.bi.go.idÂ . https://finance.detik.com/moneter/d-5137808/cara-memesan-uang-pecahan-rp-75-ribu-di-pintarbigoid?utm_term=echoboxauto&utm_campaign=detikcomsocmed&utm_medium=oa&utm_content=detikfinance&utm_source=Twitter#Echobox=1597737556Â â¦",0
1176,Bank Indonesia menyatakan pemasangan gambar Jembatan Youtefa pada pecahan uang baru Rp75.000 merupakan apresiasi atas keberhasilan pembangunan Papua. #bankindonesia #Uang75ribu #papua https://bit.ly/3kVkJE0Â ,0
1178,"Kalau di lihat dari uang kertas 75 ribu yg baru itu kayak penggabungan warna antara pecahan 100, 50, 20, dan 5 ribu rupiah. Iya gak sih?",0
1180,"Bank Indonesia menegaskan uang peringatan kemerdekaan ke-75 dalam bentuk pecahan Rp 75 ribu merupakan alat pembayaran yang sah di Indonesia.

 https://katadata.co.id/agustiyanti/finansial/5f3b8e7512ec3/bi-tegaskan-uang-edisi-hut-ri-pecahan-rp-75-ribu-bisa-ditransaksikan?utm_source=Social&utm_medium=Twitter&utm_campaign=Makro_OkaÂ â¦",0
1186,"Kapan lagi lo punya uang pecahan Rp 75 ribu? Cari tau cara dapetinnya di sinið
 https://menurutlo.com/bi-rilis-uang-rp-75-ribu-gimana-cara-dapetinnya/Â â¦",0
1196,"PA 212: Ini Negara Kok Tambah Kacau Gini, Terbitkan Uang Pecahan 75 Ribu Cuma buat Polemik
 https://www.nusawarta.info/2020/08/pa-212-ini-negara-kok-tambah-kacau-gini.htmlÂ â¦",1
1199,Uang Baru Pecahan Rp 75 Ribu ResmiÂ Meluncur  https://detail.id/2020/08/uang-baru-pecahan-rp-75-ribu-resmi-meluncur/Â â¦,0
1203,"#jatimNow Gubernur Khofifah memuji pilihan gambar pada pecahan uang baru Rp 75 ribu tersebut yang dinilainya 'Indonesia Banget'.
 https://jatimnow.com/baca-28945-uang-baru-pecahan-rp-75-ribu-khofifah-desain-ini-indonesia-bangetÂ â¦",0
1204,[Cek Fakta] Terdapat Baju Adat Tiongkok dalam Gambar Uang Pecahan 75 Ribu Rupiah? Ini Faktanya  https://medcom.id/s/ObzMr79NÂ ,0
1206,Dua toko online asal Surabaya di platform e-commerce menjual uang pecahan Rp 75 ribu dengan harga jutaan rupiah. #kumparanTECH https://kumparan.com/kumparantech/viral-uang-khusus-rp-75-ribu-dijual-di-e-commerce-harganya-jutaan-rupiah-1u1bbguY7AG?utm_medium=post&utm_source=Twitter&utm_campaign=intÂ â¦,1
1207,"Di HUT RI ke-75 masih ada yg suka sebar hoax, kini soal baju adat nusantara di uang khusus yang dicetak BI. Budaya Indonesia itu sangat kaya akan keragaman lho. Cek dulu ya faktanya guys ð  https://www.viva.co.id/ragam/cek-fakta/1294066-baju-adat-china-di-uang-baru-pecahan-75-ribu-rupiah-cek-faktanya?utm_source=viva_android_app&utm_medium=share_button&utm_campaign=share_contentÂ â¦

Baju Adat China di Uang Baru Pecahan 75 Ribu Rupiah, Cek Faktanya",0
1209,"Belum Bisa Dapat Uang Pecahan Khusus Rp 75 Ribu, BI Buka Lagi Pendaftaran, Catat Jadwalnya  http://dlvr.it/RdrhGjÂ  pic.twitter.com/g2gheXY12v",0
1210,BI Papua Batasi Penukaran Uang Pecahan Rp 75 Ribu  https://monitorday.com/bi-papua-batasi-penukaran-uang-pecahan-rp-75-ribuÂ â¦,0
1216,"Salah satu wajah anak mewarnai salah satu sisi uang baru pecahan Rp 75.000 yang resmi dirilis pemerintah dan Bank Indonesia kemarin ternyata berasal dari Kupang, Nusa Tenggara Timur atau NTT.  #NTT #Uang75ribu  https://bit.ly/34dJLYTÂ ",0
1222,"Pasti crafters sudah dengar kabar mengenai peluncuran uang pecahan kertas Rp 75 ribu.  
Lalu seperti apa sih tampilan dari uang baru tersebut?,  simak berikut ini:
 http://indonesiancraft.co.id/ragam-craft/begini-tampilan-uang-pecahan-rp75-ribu-ada-makna-filosofisnya-juga-loh/Â â¦",0
1229,Pemerintah dan Bank Indonesia kemarin secara resmi meluncurkan uang baru dengan pecahan Rp 75.000 sebagai peringatan kemerdekaan Republik Indonesia (RI) yang ke-75.  #bankindonesia #Uang75ribu  https://bit.ly/3g7gDF4Â ,0
1240,"Ada Baju Adat China di Uang Khusus Rp 75.000? Hoax! Ini Faktanya

Akun facebook bernama Didid Gaung mengunggah foto uang baru pecahan 75 ribu rupiah edisi spesial kemerdekaan HUT RI yang ke 75.

#hoaks #uangbaru #uangkhusus #bankindonesia #rp75000 #mafindo #bajuadat #china pic.twitter.com/HPbAc0682B",0
1243,BI Rilis Uang Pecahan Rp75 Ribu Peringati HUT RI Ke-75  https://familinia.com/bi-rilis-uang-pecahan-rp75-ribu-peringati-hut-ri-ke-75/Â â¦,0
1248,Bank Indonesia atau BI resmi menerbitkan uang baru peringatan Kemerdekaan 75 Tahun Republik Indonesia. Uang khusus ini berjenis uang kertas pecahan Rp 75.000 dengan tahun emisi 2020. #Uang75ribu #bankindonesia https://bit.ly/320QrXFÂ ,0
1250,"Bank Indonesia bersama Kementerian Keuangan meluncurkan uang kertas pecahan Rp 75 ribu Masyarakat pun bisa mendapatkan uang pecahan berwarna merah tersebut dengan mudah.

Info lengkapnya dengerin @awong_irfan #GengPagiMGT",0
1252,BI Luncurkan Uang Pecahan Rp 75 ribu di Hari Kemerdekaan  http://dlvr.it/RdrJJTÂ ,0
1268,"Dalam memperingati Kemerdekaan 75 tahun Republik Indonesia, pemerintah dan Bank Indonesia mengeluarkan uang pecahan Rp 75 ribu. 
-
VIDEO: Uang Kertas 75 Ribu Hanya Dicetak 75 Juta Lembar
 https://www.cnnindonesia.com/tv/20200817153312-407-536550/video-uang-kertas-75-ribu-hanya-dicetak-75-juta-lembarÂ â¦",0
1269,"Penasaran dg siapa aja yang fotonya digambarkan di uang baru pecahan 75 ribu..

Bukannya apa apa, entah diri ini halu pagi-pagi atau gimana, tapi mbak dengan kostum adat Aceh (?) (CMIIW) sekilas mirip mukakuu tapi itu bukan fotoku.. ððð  pic.twitter.com/3QZxeE1CRW",0
1275,Peraturan Bank Indonesia Nomor 22/11/PBI/2020 tentang Pengeluaran dan Pengedaran Uang Rupiah Khusus Peringatan 75 Tahun Kemerdekaan Negara Kesatuan Republik Indonesia Pecahan 75.000 (Tujuh Puluh Lima Ribu) Tahunâ¦  https://www.instagram.com/p/CEAj3-GhLl6/?igshid=oi357h5669kqÂ â¦,0
1277,"Viral! Beredar Gambar Uang Kertas Pecahan 75 Ribu Rupiah, Ini Informasi Lengkapnya  https://fixmakassar.pikiran-rakyat.com/nasional/pr-57672087/viral-beredar-gambar-uang-kertas-pecahan-75-ribu-rupiah-ini-informasi-lengkapnyaÂ â¦",0
1278,Ini Dia Fakta Tentang Peluncuran Uang Pecahan 75 ribu di Perayaan HUT RI Ke 75 dan Cara Mendapatkannya  http://dlvr.it/RdqZW3Â  pic.twitter.com/3zCprJ7RWk,0
1282,KSAL Laksamana TNI Yudo Margono menyaksikan peluncuran uang pecahan Rp 75 ribu pada momen Peringatan 75 Tahun Kemerdekaan Republik Indonesia secara virtual. #KSAL https://m.jpnn.com/news/ksal-saksikan-peluncuran-uang-pecahan-rp-75-ribuÂ â¦,0
1283,"Uang baru pecahan Rp 75 ribu rupiah resmi di luncurkan oleh Bank Indonsia bertepatan pada 17 Agustus 2020 memperingati kemer.. 
 https://bit.ly/2EaNg7sÂ 
#pecahan75ribu #kemerdekaanindonesia #indonesiamerdeka #npapp #npcomunity #npmedia #npmediacomunity #ngepopintar #ngepo pic.twitter.com/Bxuckluxt1",0
1285,"Uang Pecahan Rp 75 Ribu, Kenali Filosofi dan Cirinya  http://dlvr.it/Rdpb6vÂ ",0
1288,Uang pecahan 75 ribu,0
1289,Komisi XI DPR Pertanyakan Efektifitas Pecahan Uang Rp 75 Ribu Keluaran BI  https://www.idntoday.co/2020/08/komisi-xi-dpr-pertanyakan-efektifitas.htmlÂ â¦,0
1290,Nuker beb hahaha BI ngeluarin uang commemorative pecahan 75rb. Klo ada masyarakat yg mau nuker 75 ribu mereka ke 75 ribu lembaran ini bisa ke BI tapi harus pesan dulu,0
1291,Sri Mulyani: Uang Pecahan Rp 75 Ribu Tak Diedarkan Bebas Apalagi Tambahan Likuiditas  https://ekbis.rmol.id/read/2020/08/17/448457/sri-mulyani-uang-pecahan-rp-75-ribu-tak-diedarkan-bebas-apalagi-tambahan-likuiditasÂ â¦,0
1298,"[UANG BARU 75K]
â¦
Dalam rangka memperingati Hari Kemerdekaan Indonesia ke-75, Pemerintah resmi meluncurkan uang baru Rupiah dengan pecahan nominal Rp 75 ribu.

Kamu perlu tau, ada 3 makna tersirat didalamnyaâ¦  https://www.instagram.com/p/CD_d8QFspBV/?igshid=d1m3y0920dg4Â â¦",0
1305,"[SALAH] Baju Adat Tiongkok China Dalam Gambar Pecahan Uang 75 Ribu Rupiah

BUKAN baju adat Thiongkok Cina, baju adat Suku Tidung, Kalimantan Utara.

Selengkapnya di  https://bit.ly/2Y6odK4Â  #LawanHoax pic.twitter.com/PNtUUDqQcu",1
1312,Komisi XI DPR Pertanyakan Efektifitas Pecahan Uang Rp 75 Ribu Keluaran BI | Berita7  https://berita7.id/komisi-xi-dpr-pertanyakan-efektifitas-pecahan-uang-rp-75-ribu-keluaran-bi/Â â¦,1
1321,Uang pecahan Rp 75 ribu resmi diluncurkan dan diedarkan ke masyarakat sebagai alat pembayaran yang sah. #uangpecahanRp75ribu  https://m.jpnn.com/news/ternyata-ini-makna-filosofis-uang-pecahan-rp-75-ribu-kenali-juga-ciri-cirinyaÂ â¦,0
1323,Begini Cara Memiliki Pecahan Uang Baru Rp 75 Ribu  https://wowbabel.com/2020/08/17/begini-cara-memiliki-pecahan-uang-baru-rp-75-ribuÂ â¦ #WowBabel #BangkaBelitung #MediaOnline @taharr @Abeng_babel @robbyputrababel @dedysbastiano @KemenkeuRI @PerekonomianRI,0
1325,"HUT RI ke 75, Bank Indonesia terbitkan Uang Pecahan Khusus Rp. 75 Ribu
 https://wowbabel.com/2020/08/17/hut-ke-75-ri-bank-indonesia-terbitkan-uang-pecahan-khusus-rp-75-ribuÂ â¦ #WowBabel #BangkaBelitung #MediaOnline @taharr @Abeng_babel @robbyputrababel @dedysbastiano @KemenkeuRI @PerekonomianRI",0
1326,"Pecahan Uang Rp 75 Ribu Sudah Mulai Diterbitkan, âOh Jadi Ini Itu Untuk Souvenir HUT RI Aja, Pintar Juga Ya Pemerintahâ
 https://www.nusawarta.info/2020/08/pecahan-uang-rp-75-ribu-sudah-mulai.htmlÂ â¦",0
1329,Akal dan Bacot Lebih dulu Bacot ð padahal Pakaian adat ini dari Kalimantan Utara dan Uang Pecahan 75 ribu ini di cetak hanya 75 Juta Lembar saja Alias Terbatas,1
1333,"Uang pecahan 75 ribu rupiah, hanya dicetak 75 juta lembar. Kalau nggaj dipakai transaksi, berarti jumlah uang beredar di masyarakat berkurang 5.625 x 10^9, atau sekitar 5 triliun?",1
1334,Begini Cara Dapatkan Uang Seri Khusus Pecahan Rp 75 Ribu  https://inikatasultra.com/2020/08/17/begini-cara-dapatkan-uang-seri-khusus-pecahan-rp-75-ribu/Â â¦,0
1340,"Sobat muda, tahu nggak si?? bertepatan peringatan HUT RI ke-75 hari ini, Bank Indonesia (BI) dan Kementerian Keuangan, meluncurkan uang kertas pecahan Rp75 ribu loh.

#DirgahayuRepublikIndonesia #DirgahayuIndonesia75th
#DirgahayuNegeriku https://m.cnnindonesia.com/ekonomi/20200817150855-78-536547/5-bank-besar-untuk-warga-tukar-uang-rp75-ribu-baruÂ â¦",0
1355,"Uang Baru Rupiah Pecahan Rp 75 Ribu Resmi Meluncur, Dicetak 75 Juta Lembar  https://newsbuzzbreak.com/p/5f3a43a19ebeed19c8877fccÂ â¦",0
1356,"Terungkap Uang 75 Ribu Baru Rupanya Sulit Dipalsukan, Ini Penjelasan dan Cara Penukarannya  https://kaltim.tribunnews.com/2020/08/17/terungkap-uang-75-ribu-baru-rupanya-sulit-dipalsukan-ini-penjelasan-dan-cara-penukarannyaÂ â¦ via @tribunkaltim
#Uang #uangbaru #Rp75ribu #uangRp75ribu #BankIndonesia #pecahan #Dipalsukan #CaraPenukaranUangBaru",0
1378,"BI cetak uang rupiah pecahan 75 ribuð°?

TrikFriends udah tau belum, kalau Bank Indonesia mencetak uang baru pecahan 75 ribu pada pukul 11.15 - 11.45 siang tadi loh.  pic.twitter.com/TvlHw2Dezv",0
1389,"Ini uang pecahan 75 ribu apa buat first project redenominasi palingan yak? Soalnya kok nominal pecahannya kayak yang paling ditonjolin, ketimbang nominal 0 ribuannya.",1
1392,"Penampakan uang 75 ribu pecahan baru lumayan colorfull juga yaa, lebih atraktif liatnya ketimbang desain uang pecahan lama. Tapi, sekilas ampir mirip sama duit cepe lama, jadi kudu teliti pas transaksi, rawan ketuker..",1
1395,"Uang pecahan 75 ribu resmi beredar, bentar lagi barang-barang yg tadinya harga 50ribu dibulatkan jadi 75. Hambok yakin.",1
1411,Konon pecahan uang 75 ribu dikeluarkan untuk menyambut Hari Kemerdekaan Republik Indonesia yang jatuh pada hari ini.,0
1417,Ini Penampakan Uang Pecahan Baru Rp75 Ribu Edisi Khusus HUT ke-75 RI  http://dlvr.it/Rdm9WrÂ  pic.twitter.com/7kWAfzncco,0
1425,Kan bagus!!!. Stidaknya sejarah bangsa ini akan menulis dn mnjadi saksi untuk generasi masa dpan kita bahwa kluarnya uang br 75000 disaat ekonomi kita lagi nyungsep. ððð,1
1433,"Viral.! Dikira Tampilkan Baju Adat China pada Uang 75000, Ternyata Pakaian Adat dari Kaltara #bankindonesia #Uang75ribu https://jarijambi.com/disebut-tampilkan-baju-adat-china-pada-uang-75000-faktanya-dari-kaltara/Â â¦",1
1434,"padahal pecahan uang 75000 itu ngga dibuat massal, dan hanya diproduksi 75juta lembar aja pas hari kemerdekaan kemaren",0
1437,"Iya, bener banget, kemaren ada muslim olok-olok muslim lain dgn bilang ""bakal rame lagi gak yah ini uang pecahan 75000 nomor serinya DAJ"" jokower sih...jadi gak aneh otaknya sangllek gitu ð¤­",1
1438,Kenapa ya negara produksi uang pecahan 75000? Apa memang awalnya ga ekspek nyampe ulang tahun ke-75 makanya dirayain dengan cara keluarin pecahan 75000?,1
1441,"Fakta Uang Baru 75000, Dijual Rp50 Juta Dan Sisipkan Tiga Proyek Besar  https://familinia.com/fakta-uang-baru-75000-dijual-rp50-juta-dan-sisipkan-tiga-proyek-besar/Â â¦",0
1448,"Pasti ada lah..uang 75000 aja udah ada yg jual 1,2juta kmrn...",0
1453,Pengen uang 75000ð­,0
1461,"Polos, Izzam Bocah 10 Tahun Mengaku Senang Ada Gambarnya di Uang Rp 75.000  https://fokusborneo.com/daerah/2020/08/19/polos-izzam-bocah-10-tahun-mengaku-senang-ada-gambarnya-di-uang-rp-75-000/Â â¦
#BI
#banknifty
#HutRIKe75
#rp75000
#75000
#Uang75Ribu",0
1464,"â¬ï¸ cara dapetin uang 75000 di atm â¬ï¸

lu cari atm 100ribuan, harus yg 100ribuan ya.
trus lu ambil uang 200rb, nanti yg keluar tu uang pecahan 100rb 2lembar. ambil aja gapapa.
lalu, bawa uangnya ke bank Indonesia utk ditukerin ke uang 75000an 2lbr + 50ribu 1lbr.

selamat mencoba",0
1466,gaada hubungannya sama kpop ato nct ato jaehyun sih.. TAPI AKU PENGEN UANG 75000 YANG BARU HUHUHU GIMANA SIH CARA DAPETINYA? ð­,0
1472,"Heboh simbol salib di logo HUT RI ke 75, kini heboh ada mata sipit berbaju khas China di uang ""suvenir"" 75000 terbitan khusus BI. Duit yg bukan duit, uang yg bukan uang. Masalah kecil bisa jadi besar.. bukankah api berawal dr yg kecil ?",1
1480,"Gubernur Sumut @RahmayadiEdy Sambut Baik Peluncuran Uang Pecahan Baru Rp 75.000

sumber :  http://sumutprov.go.idÂ 
@kemendagri
#HUTRI75 #Uang75000 #BankIndonesia #SumutBermartabat #PemprovSumut #SumateraUtara #SumutSmartProvince #EdyRahmayadi #Ijeck pic.twitter.com/gf25gmo0Pw",0
1481,"75000 membuat pecahan uang lembar makin banyak,, mau tanya ini tuh bakal permanen? gak si?",0
1482,"Gimana rasanya belanja pake uang baru 75000, bingung kah....?",1
1486,"Aku memilih jadi uang 75000 edisi hut ri, biar banyak yang nyariin.",0
1491,"Kalau gw nemu uang baru 75000 videonya selesai
Cek yt :  https://youtu.be/bjvYV9w-3k8Â 
#uangbaru
#75000
#uangbaru
#uangbaru75000
#uangterbaru
#uangbaru",0
1495,Setauku uang 75000 ini gak diedarkan nder. Dia cmn dibuat untuk ikut merayakan 75 taun berdirinya indonesia. Dan dipajang aja. Cmiiw,1
1497,Otw Memburu uang baru 75000 yhhh  pic.twitter.com/19RpN1Noyg,0
1499,pengen uang 75000,0
1503,"Aturan uang 75000 yang baru bagiin kekk jngan di tukerin ,kan mayan tuhhh",1
1507,"Begini Cara Mudah Dapat Uang Baru 75000 UPK 75 Tahun RI, Awali dengan Pesan di  http://Pintar.bi.go.idÂ  https://pontianak.tribunnews.com/2020/08/18/begini-cara-mudah-dapat-uang-baru-75000-upk-75-tahun-ri-awali-dengan-pesan-di-pintarbigoidÂ â¦",0
1517,"wewww sejak kapan ada uang pecahan baru 75000,,",0
1519,"Jujur saya rasa geli liat pejabat era ini, kelakuannya rada aneh. Agama musuh pancasila, berdamai dengan virus, fadlizon dapat penghargaan, uang 75000 ððð. Otak pejabat rada eror. Semoga negara gak ikut eror, kalau loading gak apa dah",1
1522,"Ya kagak lah, ely dapat uang 75000 gimana prosesnya",0
1525,"Emange uang 75000 iki bakal langka ta yoo???
Kok wakeh sing berebutt",0
1527,"Haha. Iya lur. Harus diperhitungkan.

Tapi ini bayar 75000 juga. Jadi jumlah uang yang beredar di masyarakat sebenarnya tetap sama.

Tapi kalau sdh dpt, sepertinya eman untuk dibelanjakan. Hahaha.",0
1529,"Ga minat punya uang 75000.

Tapi kalo dikasih ya mau.",0
1534,"Dijamin beberapa hari ke depan, Instastory IG bakal penuh dengan postingan orang2 pamer uang kertas pecahan 75000",1
1541,Besok aku bakalan dapet uang 75000 itu hahah rare itu uang bosss,0
1552,GAES KALIAN PADA MESEN UANG 75000 GAK??ð­ð­ð­ð­,0
1555,"Wagub Sumbar: Uang Baru 75000 Hanya untuk Peringatan HUT RI ke-75 RI, Tidak Beredar Bebasâ¦  https://goo.gl/fb/7aaYu8Â ",0
1560,bismillah semoga bisa dapat uang 75000 deehh,0
1566,sedih bgt ga kebagian uang 75000ð­ð­,1
1579,"@peruriID Pemesanan uang edisi khusus 75000 untuk penukaran umum di bank umum dibukanya kapan ya, min? Yg sekarang hanya bisa di BI",0
1582,Waah bagus uang lembar 75000 nyaaðð®ð©â¤ï¸  pic.twitter.com/p5jXf7H4ht,0
1596,COBA AJA ADA UANG 75000 YALLAH,0
1603,"Uang 75000 keren ya estetik gitu, ya wajar lah kan buat koleksi",0
1604,Uang 75000 ini bukan uang transaksi ya tapi uang edisi khusus untuk di koleksi ð¸  pic.twitter.com/LtxN99YJiQ,1
1617,"itu uang 75000 keren amat desainnya.
selamat hari kemerdekaan ke-75ð¥ð²ð¨ð²ð¨",0
1624,"Gacha Arknights â
Gacha SBMPTN â
Gacha Prakerja â
Gacha Dapatin Uang Baru 75000 ð³ð³ð³",0
1629,BI mau nerbitin uang peringatan 75000 hari ini ðð ð buru2 cari info prosedur tukar uang,0
1631,Min uang khusus 75000 terbatas ya min??,0
1632,"ya allah sampe ga ya ke padang?ð¥ºð¥ºð¥º pengen nyimpan
dulu kagum banget ngeliat uang edisi spesial tahun ke 25 sama tahun ke 50 Indonesia merdeka, sekarang udah 75 dan uang 75000 rilis. ya allah pengen nyimpan banget pengen ngoleksiið¥ºð¥º  https://twitter.com/sulaimaneffendi/status/1294948087631237121Â â¦",0
1633,lucu bgt uang 75000ð,0
1635,Mau banget uang 75000 ð­,0
1641,#FunFact Untuk memperingati Dirgahayu Republik Indonesia yang ke-75 Bank Indonesia merilis uang baru 75000. Berikut penampilannya  pic.twitter.com/L4kqB5XhHJ,0
1643,"Bank BI Keluarkan Uang 75000
 http://pigitnews.com/hut-ri-ke-75-tahun-bank-indonesia-keluarkan-uang-75000-Â â¦",0
1645,"tanggal 17 agustus 2020 ada uang baru yang akan di Luncurkan Teman2 jadi disini aku mencoba mengartikan arti dan makna yang terkandung dalam Uang 75 ribu ini .
btw lanjut video bisa cek Link Ytb :
 https://youtu.be/qLY3eZA0hO0Â 
#uangbaru
#uang75000
#uang75ribu
#uang75 pic.twitter.com/osD67ZL91h",0
1647,"ayah pecahan 75000 udah ada, jadi uang jajanku ya pliss",0
1652,Guys udah pada tau ga Indonesia mau ngeluarin uang kertas baru dengan nominal 75000 tepat banget di umur kemerdekaan Indonesia saat ini.  pic.twitter.com/e3b7WJj1eD,0
1653,"Demi apa besok BI ngeluarin uang pecahan 75â°â°â°, edisi ultah indo...",0
1655,"wah, uang baru 75000 design nya cakep.",0
1656,"Beneran nih bakal ada uang 75000?

*jiwa kolektor muncul*",0
1659,Uang 75000 ini siapa yg cetak ? Saya ð  pic.twitter.com/xnLhXCVI7N,0
1669,uang baru 75000 lucu bgt gemess  pic.twitter.com/FRKyDtRKNH,0
1677,Desain uang baru pecahan 75000  edisi khusus kemerdekaan ke 75 Republik Indonesia...  pic.twitter.com/GEkH7fsKKd,0
1685,"Beneran nih BI ngeluncurin pecahan 75000 Rupiah

Wuih mantap lah, ga ada alasan buat ngeharga 75 lagi ððð",0
1694,Ini ngga jadi denominasi rupiah ya? Malah ngeluarin duit baru 75000 tuh buat apa deh,1
1703,"Siapa saja nih, yang juga ikut berburu uang pecahan Rp75 ribu edisi peringatan HUT Kemerdekaan RI ke-75?

FYI, penukaran uang pecahan Rp75 ribu ini sangat ketat. Satu KTP hanya boleh menukarkan satu lembar pecahan uang ini.

#WaktunyaLokadata https://lokadata.id/artikel/berburu-uang-rp75-ribu-untuk-koleksi-hingga-dijual-kembaliÂ â¦",0
1719,800 Ribu Lembar Uang Khusus Pecahan Rp 75 Ribu Tersedia di BI Tasik  http://dlvr.it/Rf6XhmÂ ,0
1720,"Cara Tukar Uang Baru Rp 75 Ribu Edisi Khusus di BI dan Bank Umum, Catat Tanggal serta Syaratnya  https://www.tribunnews.com/nasional/2020/08/22/cara-tukar-uang-baru-rp-75-ribu-edisi-khusus-di-bi-dan-bank-umum-catat-tanggal-serta-syaratnyaÂ â¦",0
1726,"D'M

#numiamatik
#Uang75ribu
#uangbaru pic.twitter.com/JvU87KXWCs",0
1728,Pecahan Uang Rp 75 Ribu Diburu Warga  http://dlvr.it/Rf5BsMÂ ,0
1739,"Desain dan Pencetakan Butuh Waktu 1,5 Tahun, Uang Rp 75 Ribu Sulit Dipalsukan  https://www.wowkeren.com/berita/tampil/00326129.htmlÂ â¦ pic.twitter.com/gY3UVhtpPz",1
1741,"Kemarin nganter bapak,

Butuh uang kurang lebuh 150 ribu,

Tes kesehatan 25 ribu - psikotes kalo gasalah 50 ribu, terus biaya memperpanjang 75 ribu.",0
1746,"Coba kalian cari lebih mendalam mengenai baju adat itu sebelum berbicara di depan publik wahai kaum netijen 
#Uang75ribu",0
1755,"Giveaway uang Baru 75 ribu gess
 https://youtu.be/lWdQO5RL61oÂ ",0
1757,"Direncanakan Sejak 2018 Lalu, Ini Lho Uang Kertas 75 Ribu Rupiah di HUT ke-75 Kemerdekaan RI -  https://www.kalderanews.com/2020/08/direncanakan-sejak-2018-lalu-ini-lho-uang-kertas-75-ribu-rupiah-di-hut-ke-75-kemerdekaan-ri/Â â¦ ...........",0
1759,"They say it's one of the hardest logic game ever! 
â100 levels
âGlobal Ranking
âTRY NOW! 
ð¨#Nintendo  https://www.nintendo.com/games/detail/cyber-protocol-switch/Â â¦
ð¨#Xbox  https://www.microsoft.com/en-us/p/cyber-protocol/9mzt35zb3kl1Â â¦
ð¨#Steam  https://store.steampowered.com/app/1285010/Cyber_Protocol/Â â¦ pic.twitter.com/j0rmy9U9s9",0
1762,"Bank Indonesia (BI) meluncurkan uang khusus dalam rangka memperingati HUT Kemerdekaan RI yang ke 75. Uang tersebut diterbitkan dalam bentuk kertas dengan nominal 75 ribu dan dicetak sebanyak 75 juta lembar.

Baca selengkapnya di website kami
 https://beritapapua.id/uang-khusus-peringatan-75-tahun-kemerdekaan/Â â¦
#beritapapua",0
1765,"Uang pecahan Rp 75 ribu bukan saja masih terus diburu masyarakat, juga menuai kontroversi terkait salah satu pakaian yang dikenakan anak dalam gambarnya. Kenalilah Sina Beranti.

Artikel asli dimuat di mitra Teras, Solotrust  https://www.teras.id/news/pat-67/258249/mengenal-sina-beranti-muncul-di-uang-pecahan-rp-75-ribu?utm_source=twitter&utm_medium=heru&utm_campaign=heruÂ â¦",0
1768,Masyarakat Antusias Dapatkan Uang Edisi Khusus Rp 75 Ribu  pic.twitter.com/nvQ97ulnVI,0
1778,Gubernur Kaltara Irianto Lambrie menjelaskan baju atau suku Tidung pada uang pecahan Rp 75 ribu edisi khusus peringatan 75 tahun Kemerdekaan RI. Irianto mengkritik pihak-pihak yang menuding pemerintah salah cetak. #UangBaru  https://news.detik.com/berita/d-5140527/adat-tidung-di-uang-rp-75-ribu-gubernur-kritik-tuduhan-kotor-salah-cetak?utm_content=detikcom&utm_term=echobox&utm_medium=oa&utm_campaign=detikcomsocmed&utm_source=Twitter#Echobox=1597912841Â â¦,0
1783,"Cetak (B)Uang karna gak bisa di pakek belanja hehe .....
A : eh punya uang 75 ribu baru gak?
B : ini aku ada ,kalo mau gantiin aja 150 rb 
#misalnya pic.twitter.com/3rd0UAV5ca",0
1794,Jubir Presiden Ungkap Identitas Bocah Sipit di Uang Baru Rp 75 Ribu  https://news.idtoday.co/jubir-presiden-ungkap-identitas-bocah-sipit-di-uang-baru-rp-75-ribu/Â â¦,0
1795,VIRAL Cerita Warganet Jadi Orang Kelima yang Dapatkan Uang Baru Rp 75 Ribu di Bali  https://ift.tt/31ak3m5Â ,0
1802,"Pakaian Suku Tidung, Kalimantan Utara yang tampil di uang baru Rp 75 ribu sempat heboh lantaran disebut sebagai baju adat China. #kumparanTRAVEL https://kumparan.com/kumparantravel/mengenal-suku-tidung-negeri-sabah-yang-ada-di-uang-baru-rp-75-ribu-1u1yCmKWJGF?utm_medium=post&utm_source=Twitter&utm_campaign=intÂ â¦",1
1813,"Link Beritanya :
Ekonom Nilai
Uang Baru Rp 75 Ribu
Tak Pengaruhi Inflasi.
 https://www.cnnindonesia.com/ekonomi/20200817151452-78-536549/ekonom-nilai-uang-baru-rp75-ribu-tak-pengaruhi-inflasiÂ â¦",0
1819,"Ada orang dapet uang 15 ribu aja udah senang,ada orang dapet nilai 75 udah senang,ada orang bisa  makan di restoran udah senang.

Jangan merusak kesenangan orang lain pake : baru gitu aja udah senang,norak.

Derajat kesenangan tiap orang itu beda-beda , just left others be happy",0
1822,Uang Baru Rp75 Ribu Dicetak Sebanyak 75 JutaÂ Lembar  https://serikatnews.com/uang-baru-rp75-ribu-dicetak-sebanyak-75-juta-lembar/Â â¦,0
1842,Kalau sy siy ga tertarik dg foto yg ada di situ uni. Sy terkaget2 bahwa uang tukaran 75 ribu. Itu baru? Sejak kapan?,1
1850,"Pakaian Adat / Tradisional pada Uang Baru 75 Ribu 

~Dari Kiri ke Kanan~

â¢ Aceh - Sumatera
â¢ Melayu Riau - Sumatera
â¢ Jawa
â¢ Dayak Iban Kantu - Kalimantan
â¢ Tidung - Kalimantan
â¢ Rote - Nusa Tenggara
â¢ Gorontalo - Sulawesi
â¢ Maluku
â¢ Biak - Papua  pic.twitter.com/rTcJ4MQOyX",0
1851,Uang 75 ribu baru itu sahkan sebagai alat pembayaran? Ap cjman marchendise?,0
1862,"Uang Baru Rp 75 Ribu Mulai Dijual di e-Commerce, Segini Harganya

 https://www.batamnews.co.id/berita-66196-uang-baru-rp-75-ribu-mulai-dijual-di-ecommerce-segini-harganya.html#.XzuYQvT0y4A.twitterÂ â¦
#bankindonesia #uangbaru #shopee",0
1865,"BI Rilis Uang Baru Senilai Rp 75 Ribu, Wujud Redenominasi Rupiah?  https://www.wowkeren.com/berita/tampil/00325608.htmlÂ â¦ pic.twitter.com/68uj5v3aQS",0
1870,"Viral, Uang 75 Ribu Peringatan Kemerdekaan Dijual E-Commerce dengan Harga Jutaan.

#Peristiwa #UangBaru #UangRp75000 #eCommerce https://www.netralnews.com/peristiwa/read/220358/viral-uang-75-ribu-peringatan-kemerdekaan-dijual-e-commerce-dengan-harga-jutaanÂ â¦",1
1871,"#DariMKS 25 Tanya Jawab Seputar Uang Baru Rp 75 Ribu, Begini Cara Mendapatkannya: Terkiniâ¦  https://goo.gl/fb/jPYAznÂ ",0
1875,"ð· JAKARTAÂ -Â BankÂ IndonesiaÂ (BI) merilis uang baru edisi khusus Kemerdekaan ke-75 Republik Indonesia, Senin (17/8/2020). Menteri KeuanganÂ SriÂ MulyaniÂ mengatakan, pengeluaran uang nominalÂ RpÂ 75Â ribuÂ sebagai peringatan hari kemerdekaan ke-75...  https://tmblr.co/Z4DfomYokTOJaa00Â â¦",0
1878,Uang baru senilai 75 ribu rupiah emisi 2020 gambaran  capaian pembangunan di 75 thn kemerdekaan RI & optimisme Fokus menyongsong masa depan dng bermodalkan Kebinekaan serta SDM Unggul. Jika berminat untuk mendapatkannya dapatkan infonya di  http://pintarbi.go.idÂ  #uangbaru  pic.twitter.com/kJ9luVyUSs,0
1882,"Kabarnya uang pecagan 75 ribu yg baru tersebut tidak bisa digunakan ya ? Kalau iya benar, terus dibuat untuk apa ? 
@jokowi @fahiraidris @DPR_RI @Fahrihamzah @HrsCenter @CuteSylvia20 @felixsiauw @hamdiulukaya",0
1886,"68 Ribu Orang Sudah Pesan Uang Baru Rp 75.000, Stok Aman?  https://www.infopemerintah.com/2020/08/68-ribu-orang-sudah-pesan-uang-baru-rp.htmlÂ â¦",0
1887,BI Pastikan Uang Baru Rp75 Ribu Cuma Dicetak 75 Juta Lembar  https://cnnindonesia.com/ekonomi/20200818120131-78-536784/bi-pastikan-uang-baru-rp75-ribu-cuma-dicetak-75-juta-lembar?utm_source=twitter&utm_medium=oa&utm_content=cnnindonesia&utm_campaign=cmssocmedÂ â¦,0
1897,Kenapa orang pada seneng si ada uang 75 ribu baru BAKAAA!!! Coba deh baca pembulatan uang nominal di pasar swalayan jgn bodo bgst,1
1907,"1 KTP Cuma Boleh Miliki Selembar, Begini Cara Mendapatkan Uang Baru Rp 75 Ribu  https://zonajakarta.pikiran-rakyat.com/nasional/pr-18672919/1-ktp-cuma-boleh-miliki-selembar-begini-cara-mendapatkan-uang-baru-rp-75-ribuÂ â¦",0
1912,"Pengamat : Kalau Uang Baru 75 Ribu Tak Bisa Jadi Alat Tukar, Cerdas Juga Pemerintah Ya

=
âOh ini jadinya seperti souvenir HUT RI aja ya, cerdas juga pemerintah,â kata Handri saat dihubungi Pojoksatu, Senin (17/8/2020).

Cerdas atau ""craki bin licik"" ?
=
  http://share.babe.news/s/RMsbFmpQvRÂ ",0
1921,"Makna dibalik uang baru 75 ribu
 https://youtu.be/HGhhZ0MEj6kÂ ",0
1926,Anjir gw kehabisan nuker uang 75 ribu baru,1
1928,"Pada heboh nuker uang 75 ribu baru yaa?
Awas aja nanti ada yang jual di atas 75 ribu, dan ada yang beli.",0
1934,"Pengamat : Kalau Uang Baru 75 Ribu Tak Bisa Jadi Alat Tukar, Cerdas Juga Pemerintah Ya  http://www.repelita.com/pengamat-kalau-uang-baru-75-ribu-tak-bisa-jadi-alat-tukar-cerdas-juga-pemerintah-ya/Â â¦ lewat @Repelita",0
1935,Bank Indonesia (BI) baru saja menerbitkan uang peringatan kemerdekaan 75 tahun dengan nominal Rp 75 ribu. Bagaimana cara mendapatkannya? #uangbaru @bank_indonesia https://finance.detik.com/moneter/d-5136420/mau-dapat-uang-peringatan-kemerdekaan-rp-75-ribu-ini-caranyaÂ â¦,0
1941,"Peringati Kemerdekaan, Bank Indonesia Luncurkan Uang Baru 75 RibuÂ Rupiah  https://www.jemberpost.net/peringati-kemerdekaan-bank-indonesia-luncurkan-uang-baru-75-ribu-rupiah/Â â¦",0
1944,"Pengamat : Kalau Uang Baru 75 Ribu Tak Bisa Jadi Alat Tukar, Cerdas Juga Pemerintah Ya  https://news.demokrasi.co.id/pengamat-kalau-uang-baru-75-ribu-tak-bisa-jadi-alat-tukar-cerdas-juga-pemerintah-ya/Â â¦",1
1945,"To whom it may concern.

Khusus hari ini, saya enggak pengin dihadiahi buku baru, maunya uang baru 75 ribu.

Terima kasih.

#HUTRI75",0
1960,"Uang Baru Rp 75.000 Edisi Kemerdekaan Hanya Dicetak 250 Ribu Lembar, Intip Ornamen dan Maknanya  https://www.tribunnews.com/nasional/2020/08/17/uang-baru-rp-75000-edisi-kemerdekaan-hanya-dicetak-250-ribu-lembar-intip-ornamen-dan-maknanyaÂ â¦",0
1966,"BI bilang bakal edarkan uang baru 75 ribu, untuk memperingati Hut ini. Enggk tau juga itu beredarnya terus-terusan mulai hari ini atau cuman hari ini aja. Ya kalau cuman hari ini aja ya bisa juga di keep buat koleksi. Lumayan wkwkwk  https://twitter.com/CNNIndonesia/status/1295230027399741440Â â¦",0
1971,"BI & Kemenkeu: Launching uang pecahan baru Rp 75 ribu (edisi 75 tahun Indonesia Merdeka)

Masyarakat: Kami lebih butuh ATM yang bisa ngeluarin uang sampai pecahan Rp 10 ribu sama Rp 5 ribu, kalo bisa sampek Rp 2 ribu sama Rp 1 ribu
#dirgahayuindonesia",1
1973,"Uang baru pecahan 75 ribu spesial
#HUTRI75 #dirgahayuindonesia pic.twitter.com/hhw8CrUJBN",0
1974,Heboh uang pecahan baru Rp.75 ribu #redaksi pic.twitter.com/ZM6bRMqvcU,0
1976,"Sah, uang pecahan baru Rp 75 ribu, peringatan kemerdekaan Indonesia  pic.twitter.com/8wCICCZRfh",0
1979,"Memperingati Hari Ulang Tahun ke-75 RI, pemerintah mengeluarkan seri uang baru nominal Rp75 ribu. Uang baru langsung menjadi perbincangan hangat di media sosial. Nah info lengkap seputar Jembatan Youtefa di Pecahan uang baru senilai Rp75 ribu akan dibahas di #GreatDaySamarinda pic.twitter.com/Q9K1t2g2or",0
1980,Eh uang baru 75 ribu itu seriusan adaa?,1
2001,"HUT RI ke-75 Bank Indonesia Luncurkan Uang Rp 75 Ribu, Bakal Jadi Uang Baru? Ini Cara Dapatnya  http://dlvr.it/RdmQJ8Â ",0
2007,"Antrean Pembelian Online Uang Baru Rp 75.000 Penuh sampai Awal September.

PROMONYA BOLEH, PADAHAL.. 
GAK LAKU!
ðð
 https://bisnis.tempo.co/read/1376797/antrean-pembelian-online-uang-baru-rp-75-000-penuh-sampai-awal-septemberÂ â¦",0
2012,"Rebutan Uang Baru Rp 75.000, BI: Sudah 12.500 Lembar Beredar
 http://pubinfo.id/beritapub-rebutan-uang-baru-rp-75000-bi-sudah-12500-lembar-beredar.htmlÂ â¦",0
2014,"Kok gak ada foto HRS ye...
Di uang baru pecahan Rp 75.000
Biar gerombolan sebelah gk ngamuk ð  https://twitter.com/SalmaBrecht/status/1296854071756771329Â â¦",1
2025,Kisah 2 Anak yang Wajahnya Terpampang di Uang Baru Rp 75.000: Simak cerita 2 anak yang muncul pada uang baru Rp 75.000.  http://dlvr.it/Rf3bhYÂ ,0
2031,"Benhur Tommy Mano mengaku banggaÂ JembatanÂ YoutefaÂ ada di pecahan uang baru Rp 75.000. ""Ini suatu apresiasi khusus bagi Papua karena banyak bangunan yang dibangun secara megah di Indonesia, tapi pilihannya pada Papua, berarti Papua melekat di hati Bapak Presiden,"" ujar Benhur.  pic.twitter.com/vOCaVFuRyK",0
2037,Pengen punya uang 75.000 baru..,0
2039,"Ternyata proses sesi fotonya tidak semudah mengucapkan pakaian adat china ya? 

Coba mencari uang baru Rp 75.000 edisi hari kemerdekaan Indonesia yang ke 75 di bank ditangerang selatan sampai saat ini belum dapat.  https://twitter.com/Namaku_Mei/status/1296333729942528002Â â¦",0
2046,"Blom berakhir musibah Covid 19, kini kita di hadapkan lgi dgn polemik pencetakan Uang baru dgn nominal 75.000. Katanya sebagai hadiah perayaan 75 tahun Indonesia merdeka,,, tpi kok di perjual belikan dgn harga yg begitu fantastik. Haloooowwwwððððð",1
2047,"Sempat Heboh di Medsos, Uang Rp 75.000 yang Baru Ada Baju Adat China, Ini Penjelasan Gubernur Kaltara  http://dlvr.it/Rf0x2YÂ  pic.twitter.com/tbjwSnMUoo",1
2048,"Uang karu koq jadi koleksi ?
Ini kerjaan kolektor, spekulator atau provokator ??

Uang Baru Rp 75.000 Dijual Rp 50 Juta, Ini Kata Bukalapak  http://detik.id/6BCsfHÂ ",1
2058,"Uang Baru Rp 75.000 Bisa Mulai Dipesan Jam 15.00 WIB, Apa Saja Maknanya? Halaman all  https://shareit.smh.re/HEmÂ ",0
2060,"Beli uang 75.000 yang baru seharga 75.000ð²
Kirain gratis...",1
2068,CEK FAKTA: Benarkah Uang Baru Rp 75.000 Dicetak PT Pura Barutama?  https://www.hitekno.com/internet/2020/08/20/070000/cek-fakta-benarkah-uang-baru-rp-75000-dicetak-pt-pura-barutama?utm_source=dlvr.it&utm_medium=twitterÂ â¦ pic.twitter.com/J3BUc1YGv4,0
2087,"BI TEGAL TEGASKAN UANG PECAHAN BARU 75.000 SAH UNTUK ALAT BAYAR
Slengkapnya ð
 https://www.instagram.com/p/CEEOKQ-j1v2/?igshid=1f3iutnx86kj7Â â¦ pic.twitter.com/MWZHr3GePp",0
2088,Belom megang uang baru 75.000 ð,0
2090,Apa cuma gw yang pengen banget tukerin uang 75.000 yang baru? ð,0
2095,"Direpost sama akun2 dakwah & sunnah

Setelah Logo HUT RI 75 dianggap ada Salib nya, lalu Uang Baru Rp 75.000 dianggap ada Pakaian China nya, sekarang muncul Daftar 50 Pekerjaan Haram ðð
Link 1 :
 https://www.facebook.com/440233952849851/posts/1532153343657901/Â â¦
Link 2 :
 https://m.facebook.com/story.php?story_fbid=3169584809794154&id=100002279987956Â â¦",1
2096,"Di Kota Malang, Penukaran Uang Pecahan Baru Rp 75.000 Didominasi Kaum Milenial  http://dlvr.it/RdwdznÂ ",0
2105,"Cerita di Balik Pemotretan Anak di Uang Baru Rp 75.000: Terkejut, Bangga Jadi Sejarah  http://dlvr.it/RdwS87Â  pic.twitter.com/SaijOb7i5c",0
2115,Melihat Penukaran Uang Baru Rp 75.000 di Kantor Pusat BI  https://cnbcindonesia.com/news/20200819110502-7-180776/melihat-penukaran-uang-baru-rp-75000-di-kantor-pusat-bi?utm_source=twitter&utm_medium=oa&utm_content=cnbcindonesia&utm_campaign=cmssocmedÂ â¦,0
2120,"Dalam rangka peringatan HUT Kemerdekaan RI ke-75, Bank Indonesia menerbitkan uang kertas baru dengan pecahan Rp 75.000. Desain ini belum diedarkan secara bebas, namun direncanakan akan dicetak sebanyak 75 jutaâ¦  https://www.instagram.com/p/CEDutz8pxAd/?igshid=1rkf2ii2d3hdlÂ â¦",0
2130,Akhirnya Dapat Uang Nominal Baru Rp. 75.000  http://dlvr.it/Rdw0SYÂ  pic.twitter.com/XIGUF4EKbc,0
2139,"Jakarta - 
Beredar narasi yang menyebut salah seorang dalam uang baru pecahan Rp 75.000 memakai baju adat China. Namun, dipastikan bahwa baju adat itu bukan berasal dari China, melainkan baju adat Tidung, Kalimantan Utara. (1)",0
2157,"Dilain sisi, ada yg dengan picik memfitnah tanpa spengetahuannya dan tanpa mau tabayyun tapi langsung njeplak bikin status ngatain ada mata sipit dlm uang edisi baru Rp 75.000.

Saya harap orang2 sprti itu ditangkap!

Dan untuk Izzam, selamat ya. Saya iri dan bangga padamu. End.",1
2161,AKSES JATENG Inilah Sosok Ananda Saubaki yang Wajahnya Ada di Uang Baru Rp 75.000 Edisi Kemerdekaan  http://dlvr.it/RdtynhÂ ,0
2164,"Uang kertas pecahan 75.000 rupiah  https://ift.tt/2CBXcGDÂ 

Indonesia menerbitkan uang kertas pecahan 75.000 rupiah sebanyak 75 juta lembar untuk memperingati 75 tahun HUT Kemerdekaan Indonesia pada 17 Agustus 2020.

Uang baru itu sebenarnya diresmikan oleh Menteri Keuangan Indoâ¦",0
2166,Mochinya mau kaya nominal uang baru juga boleh 75.000ð,1
2170,"Banyak orang yg kurang mengenal budaya negeri sendiri tapi sok tau menyiarkan kabar dusta, ada anak China berbusana adat China dalam uang baru Rp 75.000,- . Ini faktanya:  pic.twitter.com/HDwddGGEfK",0
2171,"Uang mainan aja kok harganya perlembar sampai Rp 75 000 ?? Soal Uang Edisi HUT, Sri Mulyani: Ini Bukan Cetak Uang Baru!  http://detik.id/VzerUdÂ ",1
2174,Review Uang Baru Rp.75.000 Part 1  pic.twitter.com/2FltdcRsNX,0
2175,"Kisah anak asal kupang yang fotonya terpampang di uang baru Rp 75.000.
.
#trending #breakingnews #viral #israel #bergerakbersamakami #BeritaTerkini 
. https://www.youtube.com/watch?v=BNSHN1B1VewÂ â¦",0
2181,"Info gaes...

Gambar Yang Di Uang Baru
Rp 75.000,-
Itu
Baju Adat Suku Tidung
Kalimantan Utara (Kaltara).
Bukan Baju Adat Cina

Jelas ya lur, yuk cerdas dalam bersosial media  pic.twitter.com/O8oZ9LMO2A",0
2184,"Kawan Tunaiku, lagi rame soal pecahan uang baru nih. Apalagi kalau bukan pecahan edisi khusus Rp 75,000! Mau tahu beberapa fakta dibalik uang pecahan ini? Yuk, kita bahas. <Thread>  pic.twitter.com/O0uZstSHij",0
2186,Antrian Penukaran Uang Baru Rp 75.000 Periode Pertama di BI Kaltara Sudah Penuh 3 September 2020  https://fokusborneo.com/daerah/2020/08/18/antrian-penukaran-uang-baru-rp-75-000-periode-pertama-di-bi-kaltara-sudah-penuh-3-september-2020/Â â¦,0
2191,"Bilang Ada Pakaian Adat China di Uang Baru Rp 75.000, Orang Ini Dihujat  https://www.suara.com/news/2020/08/17/171330/bilang-ada-pakaian-adat-china-di-uang-baru-rp-75000-orang-ini-dihujat?utm_source=twitter&utm_medium=shareÂ â¦",1
2192,Jadi penukaran uang 75.000 Rupiah ini sama halnya ketika kita menukar uang seperti biasanya. Hanya saja terdapat denominasi baru pada uang kertas Rupiah.,0
2194,kira-kira uang baru 75.000 menimbulkan pro-kontra gak ya,0
2202,sadarkah kalian kalau produksi uang baru 75.000 sebagai uang cinderamata adalah alasan lain pemerintahan narik uang dari rakyat? jadi setidaknya kalian yang beli uanh tersebut sudah menyumbang :  pic.twitter.com/RQ4pAI4VFC,0
2205,Simbol-simbol yang Dianggap Janggal Publik dalam Uang Baru Rp 75.000  https://www.suara.com/news/2020/08/18/181127/simbol-simbol-yang-dianggap-janggal-publik-dalam-uang-baru-rp-75000?utm_source=twitter.dlvrit&utm_medium=twitter&utm_campaign=suaradotcomÂ â¦ #DariSuara,0
2210,"Satu Lagi Keterangan Tentang Gambar Di Uang Kertas Baru Khusus Oecahan Rp. 75.000,-
 https://pojoksuaraku.blogspot.com/2020/08/satu-lagi-keterangan-tentang-gambar-di.htmlÂ â¦ pic.twitter.com/RT7HrfXGnY",0
2214,Bukalapak meminta para penggunanya untuk melaporkan akun yang menjual uang baru pecahan Rp 75.000.  http://dlvr.it/RdsS9QÂ ,0
2220,Orang lain punya uang baru 75.000 cuma buat dikoleksi kalo aku sih mending dibelikan beras,0
2223,Uang baru Rp 75.000 untuk transaksi atau koleksi @bank_indonesia??? https://finance.detik.com/moneter/d-5137473/wadaw-uang-khusus-rp-75000-dijual-rp-13-juta-di-toko-onlineÂ â¦,0
2227,"Uang baru 75.000 dikatakan kadrun ada gambar baju adat cina..
Ya Allah,semakin lama koq idupnya semakin tolol ya.miris liatnya",1
2228,"Sobat Delta, udah pada liat uang baru yang Rp.75.000 itu belom? kemarin Bank Indonesia baru ngeluarin tuh!! 

nah, kalo misalnya kamu bisa request bikin uang nih, mau yang nominalnya berapaa? kasih tau kita dong!

Link Streaming:  http://bit.ly/DengerinDeltaFMDisiniÂ â¦
#SoreSoreSeru pic.twitter.com/BA7JbeL3kW",0
2229,"Lembaga Adat Kesultanan Bulungan menyampaikan ucapan terimakasih pakaian adat Tidung terdapat dalam logo uang kertas baru BI Rp. 75.000,-
Suku Tidung adalah bagian dari Kesultanan Bulungan Provinsi Kalimantan Utaraððâ¤ð®ð©  pic.twitter.com/IfY56HcMdh",0
2237,"BI Purwokerto Alokasikan 1,2 Juta Lembar Uang Kertas Pecahan Baru Rp 75.000 - Suaramerdeka  https://www.suaramerdeka.com/news/ekonomi-dan-bisnis/238203-bi-purwokerto-alokasikan-12-juta-lembar-uang-kertas-pecahan-baru-rp-75000Â â¦",0
2239,Bank Indonesia Luncurkan Uang Pecahan Baru Rp 75.000 Edisi HUT RI Ke-75  http://dlvr.it/Rds57KÂ  pic.twitter.com/N0RUiGxQdH,0
2245,Syarat dan Cara Penukaran Uang Baru Rp 75.000 di Bank Indonesia  https://bogor.tribunnews.com/2020/08/18/syarat-dan-cara-penukaran-uang-baru-rp-75000-di-bank-indonesiaÂ â¦ lewat @tribunnews,0
2256,"Viral netizen menuduh salah satu baju adat yang ada di gambar uang Rp 75.000 berasal dari China. Tapi, ini faktanya! #Viral #UangBaru

via @20detik https://20.detik.com/e-flash/20200818-200818044/baju-adat-di-uang-rp-75-ribu-dituding-punya-china-ini-faktanya?utm_content=20detik&utm_term=echobox&utm_medium=oa&utm_campaign=detikcomsocmed&utm_source=Twitter#Echobox=1597735572Â â¦",1
2261,Ini Cara Penukaran Uang Baru Rp 75.000 di Bank Indonesia  http://aksi.id/artikel/58329/Ini-Cara-Penukaran-Uang-Baru-Rp-75000-di-Bank-Indonesia/#.XzuA3F_QdIY.twitterÂ â¦,0
2265,"BI Solo dapat Jatah 1,5 Juta Lembar Uang Baru Rp 75.000 Edisi Kemerdekaan  https://bit.ly/3h80ReeÂ  pic.twitter.com/2x8f8jFuhI",0
2272,Baju adat Tidung dari Kaltara yang tampil dalam Uang HUT 75 Tahun RI Rp 75.000 sempat viral disebut baju adat China. Mari mengenal baju adat Tidung ini! #BajuAdatTidung #UangBaru  https://news.detik.com/berita/d-5137393/mengenal-baju-adat-tidung-kaltara-di-uang-rp-75000-yang-dituduh-dari-china?utm_content=detikcom&utm_term=echobox&utm_medium=oa&utm_campaign=detikcomsocmed&utm_source=Twitter#Echobox=1597722758Â â¦,0
2274,"18 Agustus 2020.
Media Brifinng di bank_indonesia_kpwdiy ,terkait Bank Indonesia (BI) menerbitkan uang baru pecahan Rp 75.000 khusus dalam rangka peringatan ulang tahun ke-75 Republik Indonesia (RI).  https://www.instagram.com/p/CEBUGe3B7Sd/?igshid=10u0hok4guetwÂ â¦",0
2285,"Viral Uang Baru Rp 75.000 ada Unsur Budaya China, Ini Penjelasan BI  http://dlvr.it/RdrfbYÂ ",1
2288,"Heboh Ada Pakaian Adat China di Uang Baru Rp 75.000, Ini Faktanya #Uang #Uang75ribu #PakaianAdat #BajuAdat #BankIndonesia #SukuTidung #Tidung #KalimantanUtara  https://www.antvklik.com/headline/heboh-ada-pakaian-adat-china-di-uang-baru-rp-75-000-ini-faktanyaÂ â¦ via @antvnewsplus",1
2300,Pemerintah dan Bank Indonesia kemarin secara resmi meluncurkan uang baru dengan pecahan Rp 75.000 sebagai peringatan kemerdekaan Republik Indonesia (RI) yang ke-75.  #bankindonesia #Uang75ribu https://bit.ly/3g7gDF4Â ,0
2306,"So... Here we are...
IDR 75.000
Commemorative Money of Indonesia for Celebrating 75 years of Independence....

#uang75ribu #uangbaru #uangperingatankhusus  https://www.instagram.com/p/CEBExyCBZB5/?igshid=1lzzrjeyiiar0Â â¦",0
2317,"Begini Syarat dan Ketentuan untuk bisa Tukar Uang Baru Rp 75.000
 https://www.cakapcakap.com/begini-syarat-dan-ketentuan-untuk-bisa-tukar-uang-baru-rp-75-000/Â â¦",0
2318,Eh beneran uang 75.000 baru bisa dipake ? Uwuwwwww bgt mauk,0
2319,Beredar narasi yang menyebut salah seorang dalam uang baru pecahan Rp 75.000 memakai baju adat China. Begini faktanya: #Viral #UangBaru  https://news.detik.com/berita/d-5137314/viral-uang-rp-75000-disebut-tampilkan-baju-adat-china-faktanya-dari-kaltara?utm_content=detikcom&utm_term=echobox&utm_medium=oa&utm_campaign=detikcomsocmed&utm_source=Twitter#Echobox=1597720008Â â¦,0
2326,"Duhhh...budaya sendiri aja tdk kenal, sdh krg pengetahuan provokatif lagi...hadewwe....

 https://news.detik.com/berita/d-5137314/viral-uang-rp-75000-disebut-tampilkan-baju-adat-china-faktanya-dari-kaltaraÂ â¦

Beredar narasi yang menyebut salah seorang dalam uang baru pecahan Rp 75.000 memakai baju adat China. Begini faktanya.",1
2327,"Kementerian Keuangan dan Bank Indonesia menerbitan uang baru pecahan 75.000 spesial untuk peringatan 75 tahun kemerdekaan Republik Indonesia. Namun, tak seperti pecahan uang yang lainnya, uang baru ini dicetak terbatas.
Selengkapnya 
 http://www.theiconomics.com/art-of-execution/uang-pecahan-75-000-untuk-peringatan-kemerdekaan-ri-tak-diedar-bebas/Â â¦",0
2342,Di momen HUT RI ke 75 tahun Bank Indonesia dan Menkeu meluncurkan uang baru pecahan Rp 75.000. @jr_kw19 @Candraasmara85 https://www.liputan6.com/bisnis/read/4332395/besok-bi-dan-sri-mulyani-luncurkan-uang-baru-75-tahun-indonesia-merdekaÂ â¦,0
2358,Trending Bisnis: Redenominasi Uang Baru Rp 75.000 dan Ramalan Ekonomi Boediono - Bisnis  http://Tempo.coÂ  http://dlvr.it/Rdr59jÂ ,0
2359,"Mewakili Bapak Walikota @hendrarprihadi  menerima mata uang baru pecahan Rp 75.000,- dari Kepala Perwakilan Bank Indonesia Jawa Tengah dan DIY kepada Pemerintah Kota Semarang.  Mata uang edisi Ulang Tahun Kemerdekaan Indonesia hanya terbit 25 tahun sekali.. Alhamdulilah  pic.twitter.com/kGgaMHlTAF",0
2360,"BI Keluarkan Uang Pecahan Rp 75.000, Kain Gringsing Tenganan Masuk Desain  https://bit.ly/2DSYLRqÂ  #berita #nusabali #UangBaru #BankIndonesia #17Agustus #HUTRIke75 #KainGringsingTenganan",0
2369,"Uang 75.000 baru....

Heeemmm kok lebih menarik bahas kaum marjinal ya :)",1
2381,"selamat buat mempelai. || belok , buat kang @herry_zudianto  punya uang baru Rp.75.000,- baru nggak ?  ... ""limited edition"" je  https://twitter.com/herry_zudianto/status/1295348229991575552Â â¦",0
2385,pen punya uang baru pecahan 75.000 k dimana yaaaaa,0
2390,"Bank Indonesia atau BI meluncurkan uang rupiah khusus dalam rangka peringatan HUT ke-75 RI. Sesuai dengan peringatan HUT RI, BI meluncurkan uang khusus Rp 75.000 pada Senin (17/8).

#ZonaRequestMalam #dirgahayuindonesia #DirgahayuRepublikIndonesia #UangBaru #UangPeringatanKhusus pic.twitter.com/GVUbqbRTYH",0
2393,"Gambar Yang Di Uang Baru
Rp 75.000,-
Itu
Baju Adat Suku Tidung
Kalimantan Utara (Kaltara).
Bukan Baju Adat Cina..",0
2394,"Ada uang pecahan baru tuh dari BI nominal 75.000, Klo dituker dimau belanjain apa ya kira2 ? apa disimpen dulu kyak barang baru yang masih disayang-sayang.",0
2397,"Jika ada yang ngasih dan saya diminta memilih, saya akan memilih pecahan 100.000 yang buluk dan lusuh ketimbang pecahan 75.000 yang wangi, glowing, dan mempesona itu.

Saya mah lelaki setia, tak mudah berpaling.

#uangbaru",1
2403,"Uang Baru Rp 75.000 Bisa Mulai Dipesan Jam 15.00 WIB, Apa Saja Maknanya? Halaman all  https://shareit.smh.re/H1kÂ ",0
2407,"Kalian udah tau kan kalau BI baru saja mengeluarkan uang kertas dengan nominal Rp 75.000?  Mau dapet uangnya ga? Bgini cara nukernya

Uang baru nominal Rp 75.000 spesial Hari Kemerdekaan ke-75 RI sudah mulai dapatâ¦  https://www.instagram.com/p/CD_Tcv2J3is/?igshid=1am3c3zn4hmllÂ â¦",0
2410,masa ada pecahan uang baru 75.000 anjay,0
2411,"Sedihhh pengen punya uang baru yg 75.000 itu tapi gabisað­ð­ pilih provinsi jawa barat. Malah adanya di cirebon, bandung, tasikð­ðð",0
2413,"*Baca berita uang baru*
Aku : ð§ð»
Bapa : ð¨ð»
ð§ð» : Uang baru nih pa, 75.000 (sambil nunjukin gambar)
ð¨ð» : 75.000? Kenapa ga 750.000 aja biar ga sesek bawa duit di dompet
ð§ð» : Kao jajan di warung nanti susah kembaliannyað­ð­ð­",1
2432,"Mengapa harus berupa uang utk memperingati HUT RI? 

Mengapa tdk cukup dgn  mengeluarkan seri HUT RI pada prangko saja?

Nominalnya itu loh...

Uang Kertas Baru Nominal Rp 75.000 Diluncurkan Saat HUT ke-75 RI,   https://wartakota.tribunnews.com/2020/08/17/uang-kertas-baru-nominal-rp-75-ribu-diluncurkan-saat-hut-ke-75-ri-begini-cara-mendapatkannyaÂ â¦",1
2435,"Uang Baru Rp 75.000 Bisa Mulai Dipesan Jam 15.00 WIB, Apa Saja Maknanya?  http://www.kba.one/news/uang-baru-rp-75-000-bisa-mulai-dipesan-jam-15-00-wib-apa-saja-maknanya/index.htmlÂ â¦ pic.twitter.com/vlER7ZWZ4B",0
